tree
version=v4
num_class=1
num_tree_per_iteration=1
label_index=0
max_feature_idx=10
objective=regression
feature_names=item_id store_id category day_of_week is_weekend month lag_1 lag_7 lag_14 rolling_mean_7 is_payday
feature_infos=-1:32:54:60:21:59:62:13:14:40:64:8:20:10:30:53:4:29:38:55:50:17:19:43:44:26:7:61:36:63:23:56:27:31:65:34:37:16:22:41:5:33:57:11:49:42:6:12:35:3:28:47:45:18:15:1:25:39:66:0:51:9:46:52:24:2:58:48 -1:2:1:0:3 -1:3:6:0:5:7:4:2:1 [1:7] [0:1] [1:12] [0:13] [0:13] [0:13] [0:8] [0:1]
tree_sizes=2888 3037 3021 3025 3018 3026 3012 3034 3024 3073 3070 3088 3100 3057 3104 3092 3071 3108 3111 3108 3119 3113 3093 3129 3108 3117 3096 3124 3105 3119 3120 3135 3098 3163 3129 3121 3128 3103 3105 3139 3054 3112 3114 3124 3128 3130 3083 3143 3044 3192 3023 3048 3037 3029 3180 3000 3100 3076 3026 2992 3036 3020 3046 3058 3019 2997 3097 3082 3031 2958 3023 3093 2991 2987 3030 3065 2961 2961 3125 3043 3044 3160 2953 3116 3017 2945 3097 3124 2927 2908 3160 3139 3070 2953 3000 2918 2995 2921 2968 2900 2907 2971 2995 2841 2858 2892 3003 2889 2949 2872 2922 2910 2994 2918 3059 2991 2930 3012 2956 2940 3002 2881 2880 2981 2972 2906 2956 2885 2872 3007 2900 2956 2973 2927 2948 2988 2834 2884 2973 2896 2970 3015 3007 2817 2993 2910 2846 2979 2897 2830 2930 3001 2998 3052 2924 2903 2871 2993 2980 2856 2865 2820 2901 3013 2928 2976 2858 2966 2826 2949 2943 2970 3016 2937 3038 2908 3023 2852 2929 2852 2960 2923 2913 2889 2879 3004 2871 2969 2894 2922 2953 3057 2947 3015 2907 2936 2827 2987 2978 2996 2920 2807 3130 2984 2967 3009 2890 2930 2881 2952 2928 3009 3011 2977 2916 2945 2971 2926 2955 3020 2936 2877 2931 2896 2959 2988 2907 3056 2869 2927 2897 2867 2989 2893 2984 2975 2859 2956 2954 2931 2896 2929 2961 2958 2908 2992 2796 3016 3051 2890 2872 2968 2859 2875 2915 2919 2988 3033 2828 2943 2856 2957 3050 2947 2903 2938 2944 2951 2897 2797 2932 2949 3045 3023 2981 2955 2987 2966 2868 2994 2923 2937 2941 2886 2931 2879 2894 2878 3007 2818 2834 2899 2892 2875 3008 2972 2880 2824 2876 2880

Tree=0
num_leaves=31
num_cat=0
split_feature=9 9 9 9 9 6 6 9 9 6 9 6 9 6 6 9 9 6 6 9 6 6 9 9 6 9 9 6 6 6
split_gain=63355.8 14907.5 14315.9 3543.4 2913.67 2732.15 2004.7 1676.13 1514.28 1402.33 1036.8 745.448 734.089 689.081 468.331 399.766 382.83 340.917 295.913 290.486 261.27 261.086 238.16 233.309 222.116 206.294 203.471 200.782 170.63 164.666
threshold=1.155 1.9300000000000004 0.63500000000000012 2.5850000000000004 0.93000000000000005 1.5000000000000002 1.5000000000000002 0.41500000000000009 1.4650000000000001 1.5000000000000002 1.5350000000000004 2.5000000000000004 3.2250000000000005 1.0000000180025095e-35 3.5000000000000004 0.77500000000000013 1.0700000000000001 3.5000000000000004 2.5000000000000004 0.46500000000000002 3.5000000000000004 1.0000000180025095e-35 2.3650000000000007 1.5850000000000002 1.0000000180025095e-35 0.15500000000000005 2.3100000000000005 1.5000000000000002 1.0000000180025095e-35 4.5000000000000009
decision_type=2 2 2 2 2 2 2 2 2 2 2 2 2 2 2 2 2 2 2 2 2 2 2 2 2 2 2 2 2 2
left_child=2 5 7 11 9 8 16 25 21 15 17 22 20 19 -12 24 -6 -7 -8 -9 -5 -2 -3 -10 -4 -1 -13 -15 -17 -14
right_child=1 3 4 12 6 10 18 13 23 -11 14 26 29 27 -16 28 -18 -19 -20 -21 -22 -23 -24 -25 -26 -27 -28 -29 -30 -31
leaf_value=0.9460693909584339 1.0202399801658331 1.0549947871866363 0.98241320421841072 1.0940289462815536 0.9953190521073394 0.99929487965781871 0.98587132391728516 0.96545671090964225 1.029146620644696 0.96774370609197014 1.0191667599014242 1.0294914959763122 1.133654919946977 0.96247669672062475 0.99871113322361493 0.98997861141224885 1.0041240155986082 0.98185414265915305 0.97417738168242562 0.9738197271286525 1.0659152942188146 1.0104195597750703 1.0750346098564361 1.0413912041095126 0.97388205580656662 0.95485086883446768 1.0508215370548781 0.95276302178641692 0.98245789049692744 1.1014075261325469
leaf_weight=10703 15727 6736 22851 2502 28182 14879 13686 19291 7488 18359 10813 3824 1247 16894 3775 21055 21968 3452 8946 22487 1234 11881 1901 8097 11454 17828 1580 7765 11751 580
leaf_count=10703 15727 6736 22851 2502 28182 14879 13686 19291 7488 18359 10813 3824 1247 16894 3775 21055 21968 3452 8946 22487 1234 11881 1901 8097 11454 17828 1580 7765 11751 580
internal_value=0.990139 1.02479 0.97704 1.06367 0.986249 1.01478 0.993601 0.961693 1.02305 0.979989 1.00393 1.05029 1.09744 0.966046 1.01387 0.983339 0.999176 0.996011 0.981249 0.969958 1.08474 1.01601 1.05941 1.03551 0.979565 0.951557 1.03573 0.959418 0.987285 1.12342
internal_weight=348936 95716 253220 19604 158252 76112 72782 94968 43193 85470 32919 14041 5563 66437 14588 67111 50150 18331 22632 41778 3736 27608 8637 15585 34305 28531 5404 24659 32806 1827
internal_count=348936 95716 253220 19604 158252 76112 72782 94968 43193 85470 32919 14041 5563 66437 14588 67111 50150 18331 22632 41778 3736 27608 8637 15585 34305 28531 5404 24659 32806 1827
is_linear=0
shrinkage=1


Tree=1
num_leaves=31
num_cat=0
split_feature=9 9 9 9 9 9 6 6 9 6 6 6 6 9 9 9 9 6 6 6 9 9 6 9 6 9 6 6 6 6
split_gain=57178.6 13484.4 12920.1 2650.7 2629.58 2302.69 1809.24 1595.09 1512.71 1439.63 1265.6 621.896 581.885 568.689 475.02 360.789 345.504 323.015 311.384 267.062 262.163 253.455 235.358 227.273 200.46 186.18 181.206 164.78 161.94 153.994
threshold=1.155 2.0700000000000007 0.63500000000000012 1.5350000000000004 0.93000000000000005 2.7300000000000004 1.5000000000000002 1.5000000000000002 0.41500000000000009 2.5000000000000004 1.5000000000000002 1.0000000180025095e-35 3.5000000000000004 1.8450000000000004 3.3100000000000005 0.77500000000000013 1.0700000000000001 2.5000000000000004 1.0000000180025095e-35 2.5000000000000004 0.46500000000000002 2.3650000000000007 1.0000000180025095e-35 1.8450000000000004 1.0000000180025095e-35 0.15500000000000005 1.5000000000000002 2.5000000000000004 1.0000000180025095e-35 1.0000000180025095e-35
decision_type=2 2 2 2 2 2 2 2 2 2 2 2 2 2 2 2 2 2 2 2 2 2 2 2 2 2 2 2 2 2
left_child=2 3 8 7 10 12 16 22 25 13 15 20 21 18 27 24 28 -9 -5 -8 -10 -3 -2 -11 -4 -1 -13 -7 -6 -17
right_child=1 5 4 9 6 14 19 17 11 23 -12 26 -14 -15 -16 29 -18 -19 -20 -21 -22 -23 -24 -25 -26 -27 -28 -29 -30 -31
leaf_value=-0.041865743067257211 0.028607663996611084 0.063083966336281924 -0.0073391196749294845 0.044819921059485179 0.0079124026191140125 0.10978480280454757 -0.0040539049123440125 0.011852216409681137 -0.023447788067304555 0.012710475462132737 -0.02127514199013722 -0.02627880038921554 0.043618743899966679 0.05272659698021407 0.13270145403519842 -0.00015198132256322394 0.013286150955084309 -0.0014433258923727515 0.031176223591296938 -0.015163149551798483 -0.015502922342803661 0.081205861005819474 0.019291622883857041 0.028547713304077346 -0.015443710499949349 -0.033523337149585955 -0.035506792470707253 0.086222549249817218 0.00011846688952145412 -0.0072966664942662549
leaf_weight=10703 15751 4449 22851 6874 17367 1329 13686 9681 19291 5916 18359 16894 2591 7826 1310 21055 21968 8650 10678 8946 22487 3407 11903 3671 11454 17828 7765 1680 10815 11751
leaf_count=10703 15751 4449 22851 6874 17367 1329 13686 9681 19291 5916 18359 16894 2591 7826 1310 21055 21968 8650 10678 8946 22487 3407 11903 3671 11454 17828 7765 1680 10815 11751
internal_value=-1.22182e-10 0.0329208 -0.0124439 0.0249056 -0.00369472 0.0768618 0.00328975 0.0170161 -0.0270233 0.0352817 -0.00964235 -0.022888 0.0641663 0.0415175 0.10757 -0.00646007 0.00858556 0.00557834 0.0365196 -0.00844518 -0.0191715 0.0709431 0.0245978 0.0187748 -0.0100451 -0.0366529 -0.0291847 0.0966294 0.00492144 -0.00271118
internal_weight=348936 95716 253220 80950 158252 14766 72782 45985 94968 34965 85470 66437 10447 25378 4319 67111 50150 18331 17552 22632 41778 7856 27654 9587 34305 28531 24659 3009 28182 32806
internal_count=348936 95716 253220 80950 158252 14766 72782 45985 94968 34965 85470 66437 10447 25378 4319 67111 50150 18331 17552 22632 41778 7856 27654 9587 34305 28531 24659 3009 28182 32806
is_linear=0
shrinkage=0.05


Tree=2
num_leaves=31
num_cat=0
split_feature=9 9 9 9 9 6 6 9 9 6 9 6 9 6 6 9 9 6 6 9 6 6 9 9 6 9 9 6 6 6
split_gain=51603.7 12174.6 11660.4 2902.47 2373.2 2249.54 1632.84 1365.22 1244.79 1142.2 829.163 624.679 601.737 561.261 398.141 325.612 311.818 291.823 241.023 236.602 217.769 212.688 201.194 198.975 180.915 169.124 168.028 163.539 150.523 149.111
threshold=1.155 1.9300000000000004 0.63500000000000012 2.5850000000000004 0.93000000000000005 1.5000000000000002 1.5000000000000002 0.41500000000000009 1.4650000000000001 1.5000000000000002 1.5350000000000004 2.5000000000000004 3.2250000000000005 1.0000000180025095e-35 3.5000000000000004 0.77500000000000013 1.0700000000000001 3.5000000000000004 2.5000000000000004 0.46500000000000002 3.5000000000000004 1.0000000180025095e-35 1.5850000000000002 2.1550000000000007 1.0000000180025095e-35 2.3100000000000005 0.15500000000000005 1.5000000000000002 2.5000000000000004 4.5000000000000009
decision_type=2 2 2 2 2 2 2 2 2 2 2 2 2 2 2 2 2 2 2 2 2 2 2 2 2 2 2 2 2 2
left_child=2 5 7 11 9 8 16 26 21 15 17 23 20 19 -12 24 -6 -7 -8 -9 -5 -2 -10 -3 -4 -13 -1 -15 -11 -14
right_child=1 3 4 12 6 10 18 13 22 28 14 25 29 27 -16 -17 -18 -19 -20 -21 -22 -23 -24 -25 -26 -27 -28 -29 -30 -31
leaf_value=-0.039772454886378324 0.027165934168607228 0.056649783005877356 -0.0069721632656768832 0.093954565283729974 0.004675365238587843 0.0083381019354227624 -0.0038512098811453593 -0.02227539815529845 0.035118792825885932 -0.017229715841736867 0.026154376843886142 0.035283023292183191 0.13023364518701122 -0.024964860434333779 0.0072938008182589584 -0.0025756253269396279 0.012621844093212202 -0.0077980610426798096 -0.014404992530384329 -0.014727775934046073 0.06828783086683704 0.018302338464689941 0.046489462619666938 0.072252400729394303 -0.014671524577538798 0.054729605178006846 -0.031847170937120153 -0.033731453073212812 -0.027085762720241165 0.099547223679978272
leaf_weight=10703 15727 5319 22851 2502 28182 14879 13686 19291 7488 12805 10813 3824 1247 16894 3775 32806 21968 3452 8946 22487 1234 11881 8097 3318 11454 1580 17828 7765 5554 580
leaf_count=10703 15727 5319 22851 2502 28182 14879 13686 19291 7488 12805 10813 3824 1247 16894 3775 32806 21968 3452 8946 22487 1234 11881 8097 3318 11454 1580 17828 7765 5554 580
internal_value=-1.544e-11 0.0312748 -0.0118217 0.0664114 -0.00350999 0.0222247 0.00312527 -0.0256722 0.029729 -0.00916024 0.0123784 0.0543016 0.0969765 -0.0217436 0.0212737 -0.00613706 0.00815629 0.00529942 -0.00802292 -0.0182129 0.0854768 0.0233515 0.0410263 0.0626437 -0.00954288 0.0409687 -0.0348202 -0.0277254 -0.0202114 0.120492
internal_weight=348936 95716 253220 19604 158252 76112 72782 94968 43193 85470 32919 14041 5563 66437 14588 67111 50150 18331 22632 41778 3736 27608 15585 8637 34305 5404 28531 24659 18359 1827
internal_count=348936 95716 253220 19604 158252 76112 72782 94968 43193 85470 32919 14041 5563 66437 14588 67111 50150 18331 22632 41778 3736 27608 15585 8637 34305 5404 28531 24659 18359 1827
is_linear=0
shrinkage=0.05


Tree=3
num_leaves=31
num_cat=0
split_feature=9 9 9 9 9 9 6 6 9 6 6 6 6 9 6 9 9 9 6 9 6 9 6 6 9 9 9 9 6 9
split_gain=46572.4 11013.1 10523.5 2204.7 2141.81 1891.29 1677.21 1473.64 1232.11 1030.84 810.513 506.538 479.846 413.395 383.046 305.544 293.865 293.313 286.273 281.415 219.126 213.534 163.276 154.8 151.645 150.409 148.748 148.565 146.151 145.854
threshold=1.155 2.0700000000000007 0.63500000000000012 1.6900000000000002 0.93000000000000005 2.9300000000000002 1.5000000000000002 1.5000000000000002 0.41500000000000009 1.5000000000000002 1.5000000000000002 1.0000000180025095e-35 3.5000000000000004 1.3100000000000003 2.5000000000000004 2.4650000000000003 0.77500000000000013 3.5350000000000006 3.5000000000000004 1.0700000000000001 3.5000000000000004 0.46500000000000002 1.0000000180025095e-35 4.5000000000000009 0.15500000000000005 1.4150000000000003 2.5350000000000006 0.53500000000000003 1.0000000180025095e-35 1.4150000000000003
decision_type=2 2 2 2 2 2 2 2 2 2 2 2 2 2 2 2 2 2 2 2 2 2 2 2 2 2 2 2 2 2
left_child=2 3 8 6 9 12 13 19 24 16 -5 21 15 -2 29 -3 22 -7 -12 28 -9 -10 -4 25 -1 -16 -14 -13 -6 -8
right_child=1 5 4 10 7 17 14 20 11 -11 18 27 26 -15 23 -17 -18 -19 -20 -21 -22 -23 -24 -25 -26 -27 -28 -29 -30 -31
leaf_value=-0.037783832299668113 0.018798639501531975 0.059485484894806588 -0.0066235553960679724 0.046493641390688338 0.007283015164159007 0.093759028792568727 0.0074371259513801129 -0.0057509783491211932 -0.021161628266304328 -0.01920081575328738 0.031963659614347474 -0.031259277999104898 0.033528655983082946 0.029670532334795274 -0.0040198114428214599 0.079886222430511855 -0.002446844165351035 0.12733999106041269 0.013944062389686913 0.011990751264556987 -0.02056029731340657 -0.013991386801194591 -0.013937948586008449 -0.012528900536838401 -0.030254811953752399 0.0083997851798991614 0.056649880289741585 -0.023277861614712257 -0.00012122451544105857 0.018248677405356333
leaf_weight=10703 16404 5881 22851 10205 17367 2385 5445 19773 19291 18359 7808 9458 1807 18724 4007 2668 32806 894 3071 21968 2859 22487 11454 1757 17828 6225 1131 15201 10815 7304
leaf_count=10703 16404 5881 22851 10205 17367 2385 5445 19773 19291 18359 7808 9458 1807 18724 4007 2668 32806 894 3071 21968 2859 22487 11454 1757 17828 6225 1131 15201 10815 7304
internal_value=2.19201e-12 0.029711 -0.0112306 0.0224674 -0.00333449 0.069422 0.0175705 0.002969 -0.0243886 -0.00870222 0.0363718 -0.0206564 0.0598614 0.0245936 0.00759768 0.0658522 -0.00583021 0.102915 0.026877 0.00774847 -0.00762177 -0.0173022 -0.00906574 0.00118175 -0.0330792 0.00353609 0.0424293 -0.0263391 0.0044416 0.0136311
internal_weight=348936 95716 253220 80950 158252 14766 59866 72782 94968 85470 21084 66437 11487 35128 24738 8549 67111 3279 10879 50150 22632 41778 34305 11989 28531 10232 2938 24659 28182 12749
internal_count=348936 95716 253220 80950 158252 14766 59866 72782 94968 85470 21084 66437 11487 35128 24738 8549 67111 3279 10879 50150 22632 41778 34305 11989 28531 10232 2938 24659 28182 12749
is_linear=0
shrinkage=0.05


Tree=4
num_leaves=31
num_cat=0
split_feature=9 9 9 9 9 6 6 9 9 6 9 6 9 6 6 6 9 6 6 9 6 6 9 9 9 6 6 9 9 6
split_gain=42031.6 9981.37 9497.48 2359.96 1932.99 1834.83 1329.96 1111.98 1024.25 930.333 682.284 526.023 496.328 457.151 328.547 272.207 253.978 249.799 207.376 192.714 192.25 186.745 180.259 160.841 154.503 150.548 148.852 137.744 136.86 135.847
threshold=1.155 1.9300000000000004 0.63500000000000012 2.5850000000000004 0.93000000000000005 1.5000000000000002 1.5000000000000002 0.41500000000000009 1.4650000000000001 1.5000000000000002 1.5350000000000004 2.5000000000000004 3.2250000000000005 1.0000000180025095e-35 3.5000000000000004 1.0000000180025095e-35 1.0700000000000001 2.5000000000000004 2.5000000000000004 0.46500000000000002 1.0000000180025095e-35 3.5000000000000004 0.73000000000000009 2.1550000000000007 1.5850000000000002 4.5000000000000009 1.5000000000000002 4.1550000000000002 0.15500000000000005 2.5000000000000004
decision_type=2 2 2 2 2 2 2 2 2 2 2 2 2 2 2 2 2 2 2 2 2 2 2 2 2 2 2 2 2 2
left_child=2 5 7 11 9 8 16 28 20 15 17 23 21 19 -12 22 -6 -7 -8 -9 -2 -5 -4 -3 -10 -13 -15 -14 -1 -11
right_child=1 3 4 12 6 10 18 13 24 29 14 25 27 26 -16 -17 -18 -19 -20 -21 -22 -23 -24 -25 -26 -27 -28 -29 -30 -31
leaf_value=-0.035894639403711112 0.024649914751462856 0.051386624568778121 -0.0063017663485411962 0.085007747597426631 0.0042195158754540713 0.010234310311447975 -0.0033710999774169402 -0.020103547044593127 0.031879326000334059 -0.015408188557221016 0.02364124523159325 0.042070672715144392 0.10522122513732793 -0.022388504997047504 0.0065081840585177117 -0.0099188977258793266 0.011391215902902064 -0.0014577214897238797 -0.013160553418571266 -0.01329181689737388 0.016222960190647943 0.061239519469572817 0.00011083971094759901 0.065414646457411435 0.041843632006587785 0.023453239736663939 -0.030752194059985111 0.15940117870294859 -0.02874207239023821 -0.024771433618277858
leaf_weight=10703 15727 5319 22831 2502 28182 9681 13686 19291 7488 12805 10813 3899 1701 16894 3775 23205 21968 8650 8946 22487 11881 1234 21075 3318 8097 1505 7765 126 17828 5554
leaf_count=10703 15727 5319 22831 2502 28182 9681 13686 19291 7488 12805 10813 3899 1701 16894 3775 23205 21968 8650 8946 22487 11881 1234 21075 3318 8097 1505 7765 126 17828 5554
internal_value=3.24051e-11 0.0282255 -0.0106691 0.0600401 -0.00316776 0.0200311 0.00282055 -0.0231691 0.0268084 -0.00826711 0.0111386 0.0491206 0.0876011 -0.0196236 0.0192076 -0.0055387 0.00736105 0.00471709 -0.00724069 -0.0164371 0.0210234 0.0771571 -0.0032237 0.0567756 0.0370562 0.0368858 -0.0250222 0.108958 -0.0314253 -0.0182408
internal_weight=348936 95716 253220 19604 158252 76112 72782 94968 43193 85470 32919 14041 5563 66437 14588 67111 50150 18331 22632 41778 27608 3736 43906 8637 15585 5404 24659 1827 28531 18359
internal_count=348936 95716 253220 19604 158252 76112 72782 94968 43193 85470 32919 14041 5563 66437 14588 67111 50150 18331 22632 41778 27608 3736 43906 8637 15585 5404 24659 1827 28531 18359
is_linear=0
shrinkage=0.05


Tree=5
num_leaves=31
num_cat=0
split_feature=9 9 9 9 9 9 6 6 9 6 6 6 6 9 6 9 9 6 9 6 9 6 9 9 6 9 6 9 6 9
split_gain=37933.5 9009.6 8571.47 1806.58 1744.52 1549.19 1378.19 1200.29 1003.56 839.625 659.118 412.578 391.714 357.723 331.302 248.873 248.512 247.731 246.12 235.078 215.667 188.351 173.924 157.719 139.774 135.28 133.733 127.98 127.565 123.516
threshold=1.155 2.0700000000000007 0.63500000000000012 1.6900000000000002 0.93000000000000005 2.9300000000000002 1.5000000000000002 1.5000000000000002 0.41500000000000009 1.5000000000000002 1.5000000000000002 1.0000000180025095e-35 3.5000000000000004 1.3100000000000003 3.5000000000000004 2.4650000000000003 0.77500000000000013 1.0000000180025095e-35 3.5850000000000004 3.5000000000000004 1.4150000000000003 3.5000000000000004 0.46500000000000002 1.0700000000000001 1.0000000180025095e-35 0.53500000000000003 6.5000000000000009 2.3650000000000007 1.0000000180025095e-35 0.15500000000000005
decision_type=2 2 2 2 2 2 2 2 2 2 2 2 2 2 2 2 2 2 2 2 2 2 2 2 2 2 2 2 2 2
left_child=2 3 8 6 9 12 13 17 29 16 -5 22 15 -2 20 -3 24 23 26 -12 -8 -9 -10 -6 -4 -13 -7 -14 -15 -1
right_child=1 5 4 10 7 18 14 21 11 -11 19 25 27 28 -16 -17 -18 -19 -20 -21 -22 -23 -24 -25 -26 -27 -28 -29 -30 -31
leaf_value=-0.034099907786737237 0.016805446196540053 0.053745728199568313 -0.0059775690541478653 0.041976719638811853 0.0067078890116019675 0.089309244517690581 0.0035344563888503227 -0.005144193351226567 -0.019098369213204739 -0.017328736163138875 0.028896222066002532 -0.028466086977016327 0.026517557476571998 0.030557028321166021 -0.0047475014977705577 0.072157603438044421 -0.0021504132414683166 0.0026352625747812428 0.12046240450316713 0.012567198261720511 0.014121809485698586 -0.018874254868336184 -0.012627227065914357 0.013987007990657422 -0.012745105139150115 -0.020849866769351612 0.045215241611003876 0.047548903477462857 0.022237305114210439 -0.027304968796795809
leaf_weight=10703 16404 5881 22851 10205 17367 2439 8271 19773 19291 18359 7808 9458 1288 10536 4972 2668 32806 19762 655 3071 11495 2859 22487 13021 11454 15201 185 1650 8188 17828
leaf_count=10703 16404 5881 22851 10205 17367 2439 8271 19773 19291 18359 7808 9458 1288 10536 4972 2668 32806 19762 655 3071 11495 2859 22487 13021 11454 15201 185 1650 8188 17828
internal_value=5.65801e-11 0.0268142 -0.0101357 0.0202625 -0.00300937 0.0627318 0.0158297 0.00267952 -0.0220107 -0.00785376 0.032849 -0.0186424 0.054079 0.0221961 0.00678952 0.0594918 -0.00526177 0.006993 0.0930445 0.0242868 0.00969158 -0.00687865 -0.0156153 0.00982693 -0.00823716 -0.0237711 0.0862005 0.0383289 0.0269188 -0.029854
internal_weight=348936 95716 253220 80950 158252 14766 59866 72782 94968 85470 21084 66437 11487 35128 24738 8549 67111 50150 3279 10879 19766 22632 41778 30388 34305 24659 2624 2938 18724 28531
internal_count=348936 95716 253220 80950 158252 14766 59866 72782 94968 85470 21084 66437 11487 35128 24738 8549 67111 50150 3279 10879 19766 22632 41778 30388 34305 24659 2624 2938 18724 28531
is_linear=0
shrinkage=0.05


Tree=6
num_leaves=31
num_cat=0
split_feature=9 9 9 9 9 6 6 9 9 6 9 6 9 6 6 6 9 6 6 6 6 6 6 9 9 9 6 9 9 9
split_gain=34235 8184.01 7735.76 1921.77 1574.43 1496.19 1083.26 905.713 842.502 766.065 562.717 453.827 412.394 375.949 274.167 267.003 248.19 223.578 215.341 197.113 178.431 166.495 157.156 152.634 143.597 142.342 133.534 133.029 124.653 122.316
threshold=1.155 1.9300000000000004 0.63500000000000012 2.5850000000000004 0.93000000000000005 1.5000000000000002 1.5000000000000002 0.41500000000000009 1.4650000000000001 1.0000000180025095e-35 1.5350000000000004 1.5000000000000002 3.2250000000000005 1.5000000000000002 2.5000000000000004 3.5000000000000004 0.53500000000000003 1.0000000180025095e-35 2.5000000000000004 4.5000000000000009 2.5000000000000004 1.0000000180025095e-35 3.5000000000000004 0.73000000000000009 0.81500000000000006 1.0700000000000001 4.5000000000000009 2.3650000000000007 4.1550000000000002 1.7300000000000002
decision_type=2 2 2 2 2 2 2 2 2 2 2 2 2 2 2 2 2 2 2 2 2 2 2 2 2 2 2 2 2 2
left_child=2 5 7 11 9 8 17 -1 21 23 18 -3 22 16 24 -12 -9 25 -7 27 -8 -2 -5 -4 -11 -6 28 -13 -14 -10
right_child=1 3 4 12 6 10 20 13 29 14 15 19 26 -15 -16 -17 -18 -19 -20 -21 -22 -23 -24 -25 -26 -27 -28 -29 -30 -31
leaf_value=-0.028361293760057062 0.022301670039417163 0.055611262942989306 -0.0056877995835045532 0.076834485072979075 0.0063724939018383253 0.0093142424733856592 -0.0029453363523799635 -0.019948134059790758 0.031242283662030912 -0.014031300161677369 0.021348240922574563 0.036656437917239104 0.10361747019812209 -0.028049191762690232 -0.022666424334714601 0.0059030030934473145 -0.013409410315399465 0.0025034999830196641 -0.0015414650858719054 0.020781203012331776 -0.012025920301592514 0.014459460686245418 0.055030433781674465 0.00021299974002553899 -0.0077103216387737726 0.013287658855506704 0.078799352874529771 0.052369250873812105 0.16703923854483183 0.042284385157842164
leaf_weight=28531 15727 5511 22831 2502 17367 9681 13686 26314 12444 17211 10813 5208 1164 7765 5554 3775 32358 19762 8650 1505 8946 11881 1234 21075 18799 13021 580 1817 83 3141
leaf_count=28531 15727 5511 22831 2502 17367 9681 13686 26314 12444 17211 10813 5208 1164 7765 5554 3775 32358 19762 8650 1505 8946 11881 1234 21075 18799 13021 580 1817 83 3141
internal_value=1.16475e-10 0.0254735 -0.00962887 0.0542816 -0.0028589 0.0180535 0.00254555 -0.0209101 0.0241735 -0.00746107 0.0100234 0.0444278 0.0791526 -0.0177103 -0.0123263 0.0173514 -0.016342 0.00664335 0.00419167 0.0372025 -0.00653472 0.0189268 0.0696326 -0.0028554 -0.0107314 0.00933558 0.0986199 0.0407205 0.107839 0.0334677
internal_weight=348936 95716 253220 19604 158252 76112 72782 94968 43193 85470 32919 14041 5563 66437 41564 14588 58672 50150 18331 8530 22632 27608 3736 43906 36010 30388 1827 7025 1247 15585
internal_count=348936 95716 253220 19604 158252 76112 72782 94968 43193 85470 32919 14041 5563 66437 41564 14588 58672 50150 18331 8530 22632 27608 3736 43906 36010 30388 1827 7025 1247 15585
is_linear=0
shrinkage=0.05


Tree=7
num_leaves=31
num_cat=0
split_feature=9 9 9 9 9 6 6 9 9 6 9 6 9 6 6 6 9 6 6 6 6 6 9 9 9 9 6 9 9 9
split_gain=30897.1 7386.07 6981.59 1734.4 1421.64 1350.31 977.643 816.827 760.358 702.664 507.852 409.579 377.632 355.932 240.97 204.138 202.374 200.556 177.894 163.526 161.895 150.262 140.561 137.9 120.059 118.882 117.429 115.925 112.493 111.483
threshold=1.155 1.9300000000000004 0.58500000000000008 2.5850000000000004 0.93000000000000005 1.5000000000000002 1.5000000000000002 0.41500000000000009 1.4650000000000001 1.5000000000000002 1.5350000000000004 1.5000000000000002 3.3100000000000005 1.0000000180025095e-35 3.5000000000000004 1.0000000180025095e-35 1.0700000000000001 3.5000000000000004 4.5000000000000009 4.5000000000000009 3.5000000000000004 1.0000000180025095e-35 0.46500000000000002 0.73000000000000009 2.3650000000000007 1.8150000000000002 1.0000000180025095e-35 0.53500000000000003 1.5850000000000002 0.27000000000000007
decision_type=2 2 2 2 2 2 2 2 2 2 2 2 2 2 2 2 2 2 2 2 2 2 2 2 2 2 2 2 2 2
left_child=2 5 7 11 9 8 16 29 21 15 17 -3 19 22 25 23 26 -7 24 -5 -8 -2 -9 -4 -13 -12 -6 -15 -10 -1
right_child=1 3 4 12 6 10 20 13 28 -11 14 18 -14 27 -16 -17 -18 -19 -20 -21 -22 -23 -24 -25 -26 -27 -28 -29 -30 -31
leaf_value=-0.030967387979356532 0.021186586344959155 0.052830700548184895 -0.0054052960750375851 0.072807275661645701 0.0060538678218037267 0.0065011732048534752 -0.0045999467436009253 -0.017146045179701318 0.027376999423648116 -0.015756639975845272 0.017395306659335186 0.034823616305380466 0.098667625954360461 -0.025938052537310047 0.0056078528795169289 -0.0085115026144883307 0.0099086898598631408 -0.0068758125552909749 0.019742142667505038 0.048114010852446661 -0.017329245579147848 0.013736487298955541 -0.011327451333842636 0.00020234958648080643 0.04975078863122008 0.02980626691710693 -0.00058307710184207187 -0.018886466595478116 0.035879405541903324 -0.024515754495433181
leaf_weight=10735 15727 5511 22850 3419 17367 14879 19773 19291 7488 18363 8299 5208 1310 9458 3775 23215 21968 3452 1505 834 2859 11881 22468 21075 1817 2514 10815 15187 8097 17796
leaf_count=10735 15727 5511 22850 3419 17367 14879 19773 19291 7488 18363 8299 5208 1310 9458 3775 23215 21968 3452 1505 834 2859 11881 22468 21075 1817 2514 10815 15187 8097 17796
internal_value=6.24261e-12 0.0241998 -0.00914743 0.0515675 -0.00271772 0.0171508 0.00241827 -0.0198677 0.0229648 -0.00708958 0.00952222 0.0422064 0.075195 -0.0168276 0.0164838 -0.00471911 0.00631118 0.00398209 0.0353424 0.067965 -0.00620798 0.0179805 -0.0140154 -0.00271478 0.0386845 0.0202808 0.0035069 -0.0215927 0.0317943 -0.0269432
internal_weight=348936 95716 253220 19604 158285 76112 72782 94935 43193 85503 32919 14041 5563 66404 14588 67140 50150 18331 8530 4253 22632 27608 41759 43925 7025 10813 28182 24645 15585 28531
internal_count=348936 95716 253220 19604 158285 76112 72782 94935 43193 85503 32919 14041 5563 66404 14588 67140 50150 18331 8530 4253 22632 27608 41759 43925 7025 10813 28182 24645 15585 28531
is_linear=0
shrinkage=0.05


Tree=8
num_leaves=31
num_cat=0
split_feature=9 9 9 9 9 9 6 6 9 6 6 6 6 6 9 9 9 6 9 9 9 6 9 9 6 6 6 6 9 6
split_gain=27884.6 6701.4 6300.9 1340.52 1282.36 1153.96 1030.56 882.323 737.695 633.503 493.643 397.345 324.476 301.106 223.667 203.531 192.462 190.928 189.433 183.189 169.643 153.529 133.457 121.036 119.656 115.741 115.571 106.469 105.654 104.663
threshold=1.155 2.0700000000000007 0.63500000000000012 1.6900000000000002 0.93000000000000005 2.9300000000000002 2.5000000000000004 1.5000000000000002 0.41500000000000009 1.5000000000000002 2.5000000000000004 1.0000000180025095e-35 1.5000000000000002 3.5000000000000004 1.3650000000000002 0.53500000000000003 3.5850000000000004 1.0000000180025095e-35 0.77500000000000013 2.3650000000000007 1.3100000000000003 2.5000000000000004 1.8450000000000004 1.0700000000000001 4.5000000000000009 2.5000000000000004 4.5000000000000009 2.5000000000000004 1.4150000000000003 1.0000000180025095e-35
decision_type=2 2 2 2 2 2 2 2 2 2 2 2 2 2 2 2 2 2 2 2 2 2 2 2 2 2 2 2 2 2
left_child=2 3 8 6 9 13 11 17 -1 18 22 20 15 19 -13 -10 25 23 29 -3 -2 -9 -5 -6 28 -7 -12 -11 -8 -4
right_child=1 5 4 10 7 16 24 21 12 27 26 14 -14 -15 -16 -17 -18 -19 -20 -21 -22 -23 -24 -25 -26 -27 -28 -29 -30 -31
leaf_value=-0.025596068657513973 0.017317110169959529 0.04421815127234803 -0.0051245394921023441 0.028135726916551931 0.0057511758817963745 0.086622208913755466 -0.0038514607982714187 -0.0025680717011421252 -0.017978070460233302 -0.012456074114052499 0.019972376932503502 0.0079607989689345123 -0.025588703006122166 0.032689887055476728 0.016965244597311951 -0.012056775513067736 0.1043740931690763 0.0021699773137452108 -0.0017656231550482197 0.058868715696218536 0.026550019208706727 -0.010991222481935611 0.037634558918194005 0.012127838693642139 -0.011642846593386285 0.065286821523127189 0.003475891227303705 -0.020745271266172122 0.0065576527297616484 -0.010980709917064069
leaf_weight=28531 9426 4449 22851 7010 17367 1081 4007 13686 26314 12805 4892 12442 7765 2938 15473 32358 655 19762 32806 4100 10536 8946 7826 13021 1757 1543 1356 5554 6225 11454
leaf_count=28531 9426 4449 22851 7010 17367 1081 4007 13686 26314 12805 4892 12442 7765 2938 15473 32358 655 19762 32806 4100 10536 8946 7826 13021 1757 1543 1356 5554 6225 11454
internal_value=-5.71821e-11 0.0229898 -0.00869006 0.0173394 -0.00258013 0.0539667 0.013521 0.00229736 -0.0188715 -0.00673355 0.0281814 0.0168038 -0.0159836 0.0464988 0.0129519 -0.0147124 0.0801285 0.00599562 -0.00448208 0.0512444 0.0221903 -0.00589758 0.0331464 0.00848352 0.000411386 0.0740763 0.0163922 -0.0149637 0.00248129 -0.00707984
internal_weight=348936 95716 253220 80950 158252 14766 59866 72782 94968 85470 21084 47877 66437 11487 27915 58672 3279 50150 67111 8549 19962 22632 14836 30388 11989 2624 6248 18359 10232 34305
internal_count=348936 95716 253220 80950 158252 14766 59866 72782 94968 85470 21084 47877 66437 11487 27915 58672 3279 50150 67111 8549 19962 22632 14836 30388 11989 2624 6248 18359 10232 34305
is_linear=0
shrinkage=0.05


Tree=9
num_leaves=31
num_cat=2
split_feature=9 9 9 9 6 9 6 9 9 9 6 9 6 6 9 6 6 6 9 9 6 6 6 6 9 6 9 0 0 9
split_gain=25223.3 7994.21 3902.33 1886.12 1301.45 971.401 927.731 665.3 500.267 463.346 443.33 312.542 307.167 224.014 207.168 190.53 180.545 155.86 153.871 149.39 128.222 121.038 119.384 117.585 113.672 109.008 107.227 104.986 104.151 102.437
threshold=1.0700000000000001 1.8450000000000004 0.58500000000000008 2.5850000000000004 1.5000000000000002 1.3100000000000003 1.5000000000000002 0.41500000000000009 1.4150000000000003 0.77500000000000013 2.5000000000000004 3.2250000000000005 1.0000000180025095e-35 3.5000000000000004 2.1550000000000007 2.5000000000000004 1.0000000180025095e-35 1.0000000180025095e-35 0.81500000000000006 2.2700000000000005 1.0000000180025095e-35 2.5000000000000004 3.5000000000000004 4.5000000000000009 0.46500000000000002 4.5000000000000009 4.1550000000000002 0 1 0.93000000000000005
decision_type=2 2 2 2 2 2 2 2 2 2 2 2 2 2 2 2 2 2 2 2 2 2 2 2 2 2 2 1 1 2
left_child=2 4 7 10 5 17 9 -1 15 -4 14 22 24 -10 -3 -6 29 -2 -8 25 27 -20 -5 26 -9 28 -13 -7 -12 -11
right_child=1 3 6 11 8 20 18 12 13 16 19 23 -14 -15 -16 -17 -18 -19 21 -21 -22 -23 -24 -25 -26 -27 -28 -29 -30 -31
leaf_value=-0.02431626463350256 0.013591584546277666 0.037114562072417472 -0.0067255417144553922 0.066019494559386563 0.0031675573182565284 0.022087590213674877 -0.018140788412876752 -0.015389838786811667 0.013051151486474556 0.00027623264228726505 0.014327586042519831 0.089713287969956756 -0.019613595366762146 0.00027462242313709169 0.051548383158147165 -0.0063915466871418596 -0.0030136962354028515 0.0071242440824793134 -0.0072973588236261008 0.035282725067831033 0.019654716275253586 -0.015102828252608658 0.047015461546627016 0.066378309955049702 -0.010157304644440075 0.0068709245029758741 0.14853519007384061 0.031270432793756096 0.03153897869896316 0.0054636151474989191
leaf_weight=28531 22447 9914 34334 2502 11940 6102 7951 19291 14911 21055 1566 1164 24645 4456 3318 9252 22566 15925 14246 2562 10464 7625 1234 580 22468 1144 83 7097 2196 17367
leaf_count=28531 22447 9914 34334 2502 11940 6102 7951 19291 14911 21055 1566 1164 24645 4456 3318 9252 22566 15925 14246 2562 10464 7625 1234 580 22468 1144 83 7097 2196 17367
internal_value=-1.28913e-10 0.0175685 -0.0102864 0.042183 0.0112674 0.0158209 -0.00448742 -0.0179306 0.00430276 -0.00207947 0.0352368 0.0680302 -0.015187 0.0101115 0.0407339 -0.00100575 0.000536099 0.0109075 -0.0121841 0.0254968 0.0237884 -0.0100186 0.0597425 0.0849776 -0.0125745 0.0203864 0.0936285 0.0270656 0.0244963 0.00262096
internal_weight=348936 128857 220079 26263 102594 62035 125144 94935 40559 95322 20700 5563 66404 19367 13232 21192 60988 38372 29822 7468 23663 21871 3736 1827 41759 4906 1247 13199 3762 38422
internal_count=348936 128857 220079 26263 102594 62035 125144 94935 40559 95322 20700 5563 66404 19367 13232 21192 60988 38372 29822 7468 23663 21871 3736 1827 41759 4906 1247 13199 3762 38422
cat_boundaries=0 3 6
cat_threshold=3256489013 377306693 3 427603061 1082259872 1
is_linear=0
shrinkage=0.05


Tree=10
num_leaves=31
num_cat=1
split_feature=9 9 9 9 9 9 6 6 9 6 6 6 6 6 9 6 9 9 6 6 6 9 0 9 9 6 6 9 9 6
split_gain=22779.4 5465.89 5119.37 1105.87 1047.89 953.549 853.019 716.501 600.433 540.345 411.814 322.325 278.094 266.058 221.76 194.323 176.469 172.302 152.131 151.789 132.863 130.515 112.464 109.397 106.456 105.983 104.181 101.435 100.629 116.307
threshold=1.155 2.0700000000000007 0.58500000000000008 1.6900000000000002 0.93000000000000005 2.7300000000000004 2.5000000000000004 1.5000000000000002 0.41500000000000009 1.0000000180025095e-35 1.5000000000000002 1.0000000180025095e-35 1.5000000000000002 3.5000000000000004 3.5350000000000006 2.5000000000000004 1.3650000000000002 0.53500000000000003 4.5000000000000009 1.0000000180025095e-35 3.5000000000000004 1.3100000000000003 0 2.3650000000000007 0.81500000000000006 6.5000000000000009 4.5000000000000009 0.73000000000000009 0.15500000000000005 1.0000000180025095e-35
decision_type=2 2 2 2 2 2 2 2 2 2 2 2 2 2 2 2 2 2 2 2 2 2 1 2 2 2 2 2 2 2
left_child=2 3 8 6 9 13 11 19 28 27 22 21 17 23 25 24 -13 -10 -12 -6 -9 -2 -5 -3 -11 -7 -8 -4 -1 -30
right_child=1 5 4 10 7 14 26 20 12 15 18 16 -14 -15 -16 -17 -18 -19 -20 -21 -22 -23 -24 -25 -26 -27 -28 -29 29 -31
leaf_value=-0.026932863261692325 0.01577167549725237 0.040004575663830463 -0.0045422391009474223 0.038950852571056148 0.0076120260779397597 0.064952986505410301 0.0022123630256382048 -0.003867024168370647 -0.016254585740982042 -0.011684651016280682 0.02098686000257715 0.0072920356679386199 -0.023322065835637451 0.026691384208634844 0.09069229820597359 -0.018892779818886599 0.015290213282627736 -0.010805381763962812 0.0030867309861742293 0.001982672276719858 -0.015398638937837307 0.023870089824679863 0.027960055200872736 0.051910291090367093 -0.0062433357536554957 0.027959570939679747 -0.010966873160782327 0.00026719357516541458 -0.018532913916119081 -0.02799481229755868
leaf_weight=10703 9426 4449 22850 4376 30388 3219 10232 19773 26314 17225 9523 12442 7761 2591 894 5554 15473 32329 1356 19762 2859 10536 5829 3407 18799 206 1757 21075 13557 4271
leaf_count=10703 9426 4449 22850 4376 30388 3219 10232 19773 26314 17225 9523 12442 7761 2591 894 5554 15473 32329 1356 19762 2859 10536 5829 3407 18799 206 1757 21075 13557 4271
internal_value=1.42088e-07 0.0207792 -0.00785424 0.0156761 -0.00234841 0.0487551 0.0122079 0.00206107 -0.0170341 -0.00610185 0.0255237 0.0151946 -0.0144276 0.0405854 0.0685164 -0.0101873 0.0117253 -0.0132505 0.0187557 0.00539374 -0.00532376 0.020046 0.0327386 0.0451679 -0.00884512 0.062728 0.000280933 -0.0022347 -0.0231005 -0.0207997
internal_weight=348936 95716 253220 80950 158285 14766 59866 72782 94935 85503 21084 47877 66404 10447 4319 41578 27915 58643 10879 50150 22632 19962 10205 7856 36024 3425 11989 43925 28531 17828
internal_count=348936 95716 253220 80950 158285 14766 59866 72782 94935 85503 21084 47877 66404 10447 4319 41578 27915 58643 10879 50150 22632 19962 10205 7856 36024 3425 11989 43925 28531 17828
cat_boundaries=0 3
cat_threshold=3010618507 1677753642 4
is_linear=0
shrinkage=0.05


Tree=11
num_leaves=31
num_cat=4
split_feature=9 9 9 9 6 9 6 9 9 9 6 9 6 6 6 6 9 6 6 6 6 6 6 9 0 0 0 9 0 9
split_gain=20652.6 6536.46 3156.25 1542.89 1077.06 776.281 771.986 541.891 404.67 369.188 366.674 348.33 265.115 184.022 162.873 145.507 128.174 125.679 120.893 105.91 105.228 104.843 103.81 101.038 119.248 100.408 100.198 95.0943 95.0786 94.1969
threshold=1.0700000000000001 1.8450000000000004 0.58500000000000008 2.5350000000000006 1.5000000000000002 1.3100000000000003 1.5000000000000002 0.41500000000000009 1.4150000000000003 0.77500000000000013 2.5000000000000004 3.2250000000000005 1.0000000180025095e-35 3.5000000000000004 2.5000000000000004 1.0000000180025095e-35 0.81500000000000006 1.0000000180025095e-35 4.5000000000000009 3.5000000000000004 1.0000000180025095e-35 4.5000000000000009 4.5000000000000009 2.0700000000000007 0 1 2 0.53500000000000003 3 4.1550000000000002
decision_type=2 2 2 2 2 2 2 2 2 2 2 2 2 2 2 2 2 2 2 2 2 2 2 2 1 1 1 2 1 2
left_child=2 4 7 10 5 17 9 -1 14 -4 23 18 -9 -10 -6 -11 -8 -2 -5 -18 28 29 -12 25 -25 -3 -22 -14 -7 -13
right_child=1 3 6 11 8 20 16 12 13 15 22 21 27 -15 -16 -17 19 -19 -20 -21 26 -23 -24 24 -26 -27 -28 -29 -30 -31
leaf_value=-0.021945428427779242 0.012360082587682203 0.040663145375415016 -0.0060430510199940765 0.055142801539183328 0.0029480210929435104 0.019055361099052974 -0.016549929750631357 -0.011279203159920474 0.011752618288023077 0.002310561162013512 0.025058105340294151 0.081441526785428889 -0.021754381791006111 0.00017256356664047926 -0.0058901074323127744 -0.0027478798234488264 -0.0079988116608975882 0.0065525741364742558 0.035352695089597631 -0.019773754120126805 0.011553891459175869 0.059379838223103436 0.010831961695785711 0.031334954150704183 0.048613279586317067 0.028188591505721634 0.021679917061435912 -0.01536768822557108 0.027931936422626608 0.13657381031886642
leaf_weight=28531 22447 2619 34334 4289 11940 5255 7951 41759 14911 38422 5057 1164 9458 4456 9252 22566 19757 15925 941 2114 4125 580 1718 1866 2739 5207 6339 15187 7944 83
leaf_count=28531 22447 2619 34334 4289 11940 5255 7951 41759 14911 38422 5057 1164 9458 4456 9252 22566 19757 15925 941 2114 4125 580 1718 1866 2739 5207 6339 15187 7944 83
internal_value=2.31067e-07 0.0158974 -0.00930762 0.0381549 0.0101997 0.0143421 -0.00409238 -0.0161824 0.00386391 -0.00189583 0.0308088 0.0581477 -0.0137063 0.00908825 -0.000910528 0.000438902 -0.0111134 0.00994987 0.0515821 -0.00913695 0.0214647 0.0769425 0.0214506 0.0359091 0.0417855 0.0324512 0.0177199 -0.0178187 0.0244334 0.0851111
internal_weight=348936 128857 220079 26263 102594 62035 125144 94935 40559 95322 19206 7057 66404 19367 21192 60988 29822 38372 5230 21871 23663 1827 6775 12431 4605 7826 10464 24645 13199 1247
internal_count=348936 128857 220079 26263 102594 62035 125144 94935 40559 95322 19206 7057 66404 19367 21192 60988 29822 38372 5230 21871 23663 1827 6775 12431 4605 7826 10464 24645 13199 1247
cat_boundaries=0 3 6 9 12
cat_threshold=2437248257 2296394554 2 1630545031 3223403058 2 2325082187 655540386 1 3255436341 377305665 3
is_linear=0
shrinkage=0.05


Tree=12
num_leaves=31
num_cat=4
split_feature=9 9 9 9 6 9 6 9 9 6 9 9 6 6 6 9 6 6 9 0 6 6 9 0 6 9 0 9 6 0
split_gain=18640.4 5900.24 2848.51 1395.26 972.169 700.811 696.717 489.057 365.215 362.074 333.192 240.303 240.041 166.08 152.506 150.995 140.165 131.32 130.708 130.318 122.196 119.438 117.046 113.547 113.425 95.9387 92.8291 90.8268 104.627 89.9562
threshold=1.0700000000000001 1.8450000000000004 0.58500000000000008 2.5850000000000004 1.5000000000000002 1.3100000000000003 1.5000000000000002 0.41500000000000009 1.4150000000000003 1.5000000000000002 0.77500000000000013 3.5350000000000006 1.5000000000000002 3.5000000000000004 3.5000000000000004 0.53500000000000003 4.5000000000000009 1.0000000180025095e-35 2.1550000000000007 0 4.5000000000000009 2.5000000000000004 2.2250000000000005 1 1.0000000180025095e-35 1.5350000000000004 2 0.27000000000000007 1.0000000180025095e-35 3
decision_type=2 2 2 2 2 2 2 2 2 2 2 2 2 2 2 2 2 2 2 1 2 2 2 1 2 2 1 2 2 1
left_child=2 4 7 9 5 24 10 27 14 18 -4 20 15 -10 -6 -9 22 -12 23 -20 26 -8 -11 -3 29 -7 -5 -1 -29 -2
right_child=1 3 6 11 8 25 21 12 13 16 17 -13 -14 -15 -16 -17 -18 -19 19 -21 -22 -23 -24 -25 -26 -27 -28 28 -30 -31
leaf_value=-0.024480431435632329 0.015223689947720135 0.026281192602848641 -0.0057408989217027518 0.067924173000886656 0.00096542355249717461 0.017048906440999774 -0.0083402282307669523 -0.014739523032770619 0.011164987202723513 0.023502710757740158 0.0021950338556579146 0.082229454571202037 -0.021284466875711526 0.00016393496870620034 -0.010693838750103197 -0.0096383501208253675 0.012383566921722497 -0.0026104859909135414 0.035343182468859029 0.06239611592759129 0.038148004463830647 -0.015073004709429641 0.035211869459032978 0.040173334679642667 0.0062249453247903465 0.023424009890298192 0.04984471492162585 -0.016504998963646659 -0.025486795867026187 0.008830063260145132
leaf_weight=10735 10186 2659 34334 1619 17865 11250 20000 26314 14911 7060 38422 894 7761 4456 3327 32329 1944 22566 1022 1001 971 9822 3059 3955 15925 12413 2079 13532 4264 12261
leaf_count=10735 10186 2659 34334 1619 17865 11250 20000 26314 14911 7060 38422 894 7761 4456 3327 32329 1944 22566 1022 1001 971 9822 3059 3955 15925 12413 2079 13532 4264 12261
internal_value=5.47551e-07 0.0151034 -0.00884224 0.03625 0.00969013 0.0136257 -0.00388776 -0.0153733 0.00367071 0.0302756 -0.00180104 0.0584808 -0.0130209 0.00863384 -0.000865001 -0.0119273 0.0246801 0.000416957 0.0380906 0.0492124 0.0539336 -0.0105577 0.0270424 0.0346888 0.00945238 0.0203931 0.0580784 -0.0208482 -0.0186571 0.0117421
internal_weight=348936 128857 220079 26263 102594 62035 125144 94935 40559 20700 95322 5563 66404 19367 21192 58643 12063 60988 8637 2023 4669 29822 10119 6614 38372 23663 3698 28531 17796 22447
internal_count=348936 128857 220079 26263 102594 62035 125144 94935 40559 20700 95322 5563 66404 19367 21192 58643 12063 60988 8637 2023 4669 29822 10119 6614 38372 23663 3698 28531 17796 22447
cat_boundaries=0 3 6 9 12
cat_threshold=2581937481 83416586 6 336353632 2609840997 1 417895538 3345112590 5 2655670482 3554089376 1
is_linear=0
shrinkage=0.05


Tree=13
num_leaves=31
num_cat=3
split_feature=9 9 9 9 9 6 6 9 6 9 9 6 9 6 9 6 6 9 6 9 6 6 6 0 9 0 6 0 6 9
split_gain=16849.3 4057.32 3751.61 979.875 964.899 779.683 637.059 433.155 372.027 310.879 294.666 272.058 185.084 212.475 164.41 141.313 140.233 133.17 133.131 121.983 112.47 106.264 97.3342 94.7715 89.1205 111.883 88.1726 87.5805 86.5712 85.5309
threshold=1.155 1.9300000000000004 0.73000000000000009 0.53500000000000003 2.7300000000000004 1.5000000000000002 1.5000000000000002 1.4650000000000001 1.5000000000000002 0.93000000000000005 1.5350000000000004 1.5000000000000002 0.27000000000000007 1.0000000180025095e-35 3.5350000000000006 3.5000000000000004 3.5000000000000004 2.3650000000000007 4.5000000000000009 1.0700000000000001 1.0000000180025095e-35 1.0000000180025095e-35 1.5000000000000002 0 2.3650000000000007 1 5.5000000000000009 2 3.5000000000000004 0.58500000000000008
decision_type=2 2 2 2 2 2 2 2 2 2 2 2 2 2 2 2 2 2 2 2 2 2 2 1 2 1 2 1 2 2
left_child=2 5 3 12 11 7 9 -2 21 -4 18 24 -1 -14 22 19 -12 26 -7 -8 -11 29 23 -6 -3 -26 -13 -19 -16 -5
right_child=1 4 6 8 14 10 15 -9 -10 20 16 17 13 -15 28 -17 -18 27 -20 -21 -22 -23 -24 -25 25 -27 -28 -29 -30 -31
leaf_value=-0.023256408501404299 0.013303244101103279 0.037026442377620226 -0.0015808985048629315 -0.0080739172236320191 0.034162947653418568 0.0037395624391241382 -0.0070930789364256862 0.023729478505164874 -0.016440211836419444 0.0065866179185887219 0.015049940444550417 0.024311881271862797 -0.01379406084632985 -0.02120075898847398 0.093852233266398924 -0.015225547191987283 0.0038565421018145044 0.044417729978543402 -0.01374090987891087 -0.00022189270402892124 0.0017409168465045352 -0.010155590521969245 0.049340885280086344 0.079406639864420606 0.022527675934469523 0.058021864904335044 0.00058564189644086937 0.026910473794247575 0.062731833957069744 -0.0037259296681935727
leaf_weight=10735 27608 4369 32841 22397 209 17168 19768 15585 13195 30388 10813 5786 32894 13722 442 3693 3775 1480 1163 9594 19762 21381 2613 603 325 1210 420 1695 452 22850
leaf_count=10735 27608 4369 32841 22397 209 17168 19768 15585 13195 30388 10813 5786 32894 13722 442 3693 3775 1480 1163 9594 19762 21381 2613 603 325 1210 420 1695 452 22850
internal_value=9.58609e-07 0.0178718 -0.00675414 -0.0123518 0.0381557 0.0126473 -0.000137298 0.0170653 -0.00876983 0.00220072 0.00685056 0.0322592 -0.0173374 -0.0159743 0.0590237 -0.00600734 0.0121534 0.0269672 0.00263052 -0.00484793 0.00467713 -0.00725079 0.0540396 0.06916 0.0406677 0.0510316 0.0227062 0.035296 0.078118 -0.00587816
internal_weight=348936 95716 253220 137174 19604 76112 116046 43193 79823 82991 32919 15285 57351 46616 4319 33055 14588 9381 18331 29362 50150 66628 3425 812 5904 1535 6206 3175 894 45247
internal_count=348936 95716 253220 137174 19604 76112 116046 43193 79823 82991 32919 15285 57351 46616 4319 33055 14588 9381 18331 29362 50150 66628 3425 812 5904 1535 6206 3175 894 45247
cat_boundaries=0 3 6 9
cat_threshold=1409436037 537143312 2 2291212616 201326658 4 2864148244 43260713 4
is_linear=0
shrinkage=0.05


Tree=14
num_leaves=31
num_cat=6
split_feature=9 9 9 9 6 9 6 9 6 9 6 6 6 6 9 9 9 6 0 0 0 6 0 6 0 9 0 9 6 6
split_gain=15240.5 4836.49 2318.81 1139.06 805.887 701.424 571.171 407.182 284.69 268.373 223.546 210.351 200.624 195.269 181.896 170.697 169.282 103.302 115.459 87.8693 83.048 82.967 89.0222 80.116 91.6533 78.1901 77.6218 77.5569 101.527 77.0747
threshold=1.0700000000000001 1.8450000000000004 0.58500000000000008 2.5350000000000006 2.5000000000000004 1.3100000000000003 1.0000000180025095e-35 0.41500000000000009 2.5000000000000004 3.0700000000000007 2.5000000000000004 1.0000000180025095e-35 1.0000000180025095e-35 1.0000000180025095e-35 0.93000000000000005 0.81500000000000006 1.3650000000000002 3.5000000000000004 0 1 2 4.5000000000000009 3 4.5000000000000009 4 4.1550000000000002 5 1.0000000180025095e-35 1.0000000180025095e-35 4.5000000000000009
decision_type=2 2 2 2 2 2 2 2 2 2 2 2 2 2 2 2 2 2 1 1 1 2 1 2 1 2 1 2 2 2
left_child=2 4 7 8 5 12 14 27 -3 21 15 -9 20 19 -4 -8 -6 18 -11 -7 -2 -5 -23 24 -10 -20 -16 -1 -29 -18
right_child=1 3 6 9 16 13 10 11 23 17 -12 -13 -14 -15 26 -17 29 -19 25 -21 -22 22 -24 -25 -26 -27 -28 28 -30 -31
leaf_value=-0.027539834380149841 0.0070222997848871094 0.030985305588187476 -0.001789337802753616 0.04592750081293781 -0.0053400521216983047 0.016890102667226035 -0.0096805438434783547 -0.0095787594142911683 0.014060589011565126 0.047641464863573353 -0.013772643143753005 -0.015403808295049587 0.0043328212714565054 0.013410455062527547 0.00075067385212287301 -0.0036498564046843901 0.0060460636908851719 0.051767667130486521 0.08098830277408535 0.025216042743672402 0.013232931505536919 -0.00044495953364415212 0.037903114137890749 0.0089169188058903677 0.027785973100690604 0.15246212102472784 0.0074454169935592009 -0.016491388453244934 -0.024138191402555055 -0.0055946229150679871
leaf_weight=2372 9241 12431 43925 3794 9251 6326 17225 41759 2378 455 9822 24645 27852 19852 8288 36805 8276 1086 882 6873 13206 212 588 1718 2679 40 9079 20664 5495 1717
leaf_count=2372 9241 12431 43925 3794 9251 6326 17225 41759 2378 455 9822 24645 27852 19852 8288 36805 8276 1086 882 6873 13206 212 588 1718 2679 40 9079 20664 5495 1717
internal_value=1.29107e-06 0.0136575 -0.00799449 0.0328032 0.00875646 0.0108858 -0.00352435 -0.0138871 0.0264912 0.0499815 -0.00683385 -0.0117407 0.00716769 0.0165442 -7.66197e-05 -0.00557247 -0.000466097 0.0632981 0.0723918 0.0212575 0.0106852 0.042842 0.0282091 0.0182454 0.0214145 0.0831869 0.00425522 -0.0188827 -0.0180977 0.00404596
internal_weight=348936 128857 220079 26263 102594 83350 125144 94935 19206 7057 63852 66404 50299 33051 61292 54030 19244 2463 1377 13199 22447 4594 800 6775 5057 922 17367 28531 26159 9993
internal_count=348936 128857 220079 26263 102594 83350 125144 94935 19206 7057 63852 66404 50299 33051 61292 54030 19244 2463 1377 13199 22447 4594 800 6775 5057 922 17367 28531 26159 9993
cat_boundaries=0 3 6 9 12 15 17
cat_threshold=336225285 2291224949 4 3390706741 377306693 3 1639032588 740853259 6 406851618 239618578 4 1534899301 3323058624 1 3154231017 1229466606
is_linear=0
shrinkage=0.05


Tree=15
num_leaves=31
num_cat=5
split_feature=9 9 9 9 9 9 6 6 6 6 9 6 6 9 6 6 9 6 6 9 9 9 3 0 0 0 6 0 0 6
split_gain=13767.8 3338.04 3068.4 814.772 688.793 589.029 553.336 529.916 317.537 270.745 249.886 207.033 187.282 153.535 176.551 119.68 112.017 101.78 101.232 97.4378 94.7797 93.9948 91.9706 91.7203 89.1177 87.5867 84.0966 118.856 83.2999 81.3042
threshold=1.155 2.0700000000000007 0.77500000000000013 0.53500000000000003 1.6900000000000002 2.9300000000000002 2.5000000000000004 1.5000000000000002 1.5000000000000002 2.5000000000000004 1.0700000000000001 1.0000000180025095e-35 1.5000000000000002 0.27000000000000007 1.0000000180025095e-35 3.5000000000000004 3.7900000000000005 1.0000000180025095e-35 6.5000000000000009 1.0700000000000001 1.3650000000000002 2.3650000000000007 6.5000000000000009 0 1 2 1.0000000180025095e-35 3 4 1.0000000180025095e-35
decision_type=2 2 2 2 2 2 2 2 2 2 2 2 2 2 2 2 2 2 2 2 2 2 2 1 1 1 2 1 1 2
left_child=2 4 3 13 6 12 11 10 29 26 17 -2 24 -1 -15 19 18 -4 -7 -9 -13 -14 25 -12 -3 -23 27 -6 -28 -5
right_child=1 5 7 8 9 16 -8 15 -10 -11 23 20 21 14 -16 -17 -18 -19 -20 -21 -22 22 -24 -25 -26 -27 28 -29 -30 -31
leaf_value=-0.021103113219662496 0.015724330612386161 0.049620594361850755 0.0019327024545420291 -0.0052969888751258128 0.019090408248397556 0.055844646470647255 -0.00017538149974353421 -0.0064126069913592355 -0.014985318209996559 0.011208620945065641 0.010232686648396329 0.0058067614870441443 0.022038855772792548 -0.01248323271339727 -0.019234823702792878 -0.0139559124162405 0.08088707072241455 -0.0022979312221432817 0.020015347282021818 -0.00027121556707290355 0.011668335152831482 0.026797474756570624 0.015542734164527255 0.0037143547872640994 0.033646838898209977 0.043992451626417947 0.026360239347637034 0.034665009641892043 0.016664479384044664 -0.0090373349483101415
leaf_weight=10735 19962 1895 38422 45267 2129 2648 11989 19762 13201 6248 9659 12442 3508 32894 13722 3693 418 22566 213 9594 15473 1487 617 12309 2125 1855 3964 3254 5489 21396
leaf_count=10735 19962 1895 38422 45267 2129 2648 11989 19762 13201 6248 9659 12442 3508 32894 13722 3693 418 22566 213 9594 15473 1487 617 12309 2125 1855 3964 3254 5489 21396
internal_value=1.50951e-06 0.0161557 -0.00610471 -0.0111655 0.0121678 0.0380183 0.0094307 -0.000118676 -0.00790047 0.0199396 0.00201432 0.0118362 0.0326828 -0.0157121 -0.0144706 -0.0054727 0.0567096 0.000367337 0.0531772 -0.0044055 0.00905577 0.0279984 0.033279 0.00658672 0.0413839 0.0365535 0.0236165 0.028605 0.0207758 -0.00649748
internal_weight=348936 95716 253220 137215 80950 14766 59866 116005 79864 21084 82956 47877 11487 57351 46616 33049 3279 60988 2861 29356 27915 7467 3959 21968 4020 3342 14836 5383 9453 66663
internal_count=348936 95716 253220 137215 80950 14766 59866 116005 79864 21084 82956 47877 11487 57351 46616 33049 3279 60988 2861 29356 27915 7467 3959 21968 4020 3342 14836 5383 9453 66663
cat_boundaries=0 3 6 9 12 15
cat_threshold=2588897447 330109328 1 1141540540 1935656077 5 1426102339 4232823966 3 1286310180 2455568977 1 1965122437 3762383986 1
is_linear=0
shrinkage=0.05


Tree=16
num_leaves=31
num_cat=5
split_feature=9 9 9 9 9 6 6 9 9 6 9 6 6 9 6 6 6 6 6 9 0 6 0 6 0 9 0 0 9 6
split_gain=12426.9 3022.49 2782.36 713.638 607.925 597.907 390.431 335.742 332.189 323.353 224.441 212.766 178.486 130.211 123.542 109.57 109.274 102.018 100.763 98.4852 98.3988 82.1621 82.0231 79.6793 78.9559 76.8097 71.9666 70.1585 66.3273 86.4131
threshold=1.155 1.9300000000000004 0.63500000000000012 2.7300000000000004 0.93000000000000005 1.5000000000000002 1.5000000000000002 0.41500000000000009 1.4650000000000001 1.0000000180025095e-35 1.5350000000000004 1.5000000000000002 1.5000000000000002 3.5850000000000004 2.5000000000000004 4.5000000000000009 3.5000000000000004 4.5000000000000009 6.5000000000000009 0.53500000000000003 0 1.0000000180025095e-35 1 2.5000000000000004 2 2.5350000000000006 3 4 1.0000000180025095e-35 1.0000000180025095e-35
decision_type=2 2 2 2 2 2 2 2 2 2 2 2 2 2 2 2 2 2 2 2 1 2 1 2 1 2 1 1 2 2
left_child=2 5 7 11 9 8 21 28 -2 -4 15 22 19 18 -11 -7 -12 20 -5 -9 25 24 -3 -8 -6 -13 -19 -10 -1 -30
right_child=1 3 4 13 6 10 23 12 27 14 16 17 -14 -15 -16 -17 -18 26 -20 -21 -22 -23 -24 -25 -26 -27 -28 -29 29 -31
leaf_value=-0.025107684731483462 0.011414275152198011 0.028649544140430267 -0.0016067824412532826 0.049263020477737014 0.0096449018883135278 0.0030868502215392027 -0.0014337899483741418 -0.011945770053746373 0.01632223700924362 -0.0066893337935031343 0.012948648759458396 0.028391456594324339 -0.017740748096533306 0.071336120148651469 -0.014700974211187984 -0.012771570433959404 0.0030677818152313398 0.02431852911514315 0.01486803031227006 -0.00782681947980534 0.020278957462387715 0.0015694794322347286 0.041113511631329057 -0.0075018716790739813 0.004053344250585466 0.047371542531376085 0.003386548694834346 0.023325775181864673 -0.014893902834552436 -0.02194861471978397
leaf_weight=2372 27608 2847 43906 3437 8985 17168 13686 26314 6245 36010 10813 2771 7765 655 5554 1163 3775 694 227 32358 4242 19762 3057 8946 21403 660 1014 9340 20664 5495
leaf_count=2372 27608 2847 43906 3437 8985 17168 13686 26314 6245 36010 10813 2771 7765 655 5554 1163 3775 694 227 32358 4242 19762 3057 8946 21403 660 1014 9340 20664 5495
internal_value=1.81339e-06 0.0153493 -0.00579945 0.0328564 -0.0017393 0.01084 0.00161897 -0.0125652 0.0147088 -0.00459903 0.00576373 0.0277853 -0.0106169 0.0508028 -0.00775989 0.00208072 0.0103917 0.0231054 0.0471321 -0.00967414 0.0255655 0.00407909 0.0352214 -0.00383239 0.00571114 0.0319494 0.0120539 0.0205449 -0.0171018 -0.0163758
internal_weight=348936 95716 253220 19604 158252 76112 72782 94968 43193 85470 32919 15285 66437 4319 41564 18331 14588 9381 3664 58672 7673 50150 5904 22632 30388 3431 1708 15585 28531 26159
internal_count=348936 95716 253220 19604 158252 76112 72782 94968 43193 85470 32919 15285 66437 4319 41564 18331 14588 9381 3664 58672 7673 50150 5904 22632 30388 3431 1708 15585 28531 26159
cat_boundaries=0 2 5 7 9 12
cat_threshold=3069393816 444861219 2493870056 2364048195 6 315244806 2495025152 1191486637 565813972 680898864 2250082469 3
is_linear=0
shrinkage=0.05


Tree=17
num_leaves=31
num_cat=7
split_feature=9 9 9 9 6 9 6 9 6 9 9 6 6 6 9 6 6 0 9 9 0 6 0 0 6 6 0 0 6 0
split_gain=11265.9 3597.86 1713.88 847.651 610.594 520.347 435.249 302.82 216.803 208.77 202.297 163.503 157.546 151.626 130.019 91.8832 89.5341 91.298 82.2364 79.9675 78.9558 75.7791 88.6195 72.4213 70.0132 67.3454 83.2123 66.6686 64.2499 73.8923
threshold=1.0700000000000001 1.8450000000000004 0.58500000000000008 2.5350000000000006 2.5000000000000004 1.3100000000000003 1.5000000000000002 0.41500000000000009 2.5000000000000004 3.2250000000000005 0.93000000000000005 1.0000000180025095e-35 1.0000000180025095e-35 1.0000000180025095e-35 1.3650000000000002 1.0000000180025095e-35 2.5000000000000004 0 0.81500000000000006 4.3100000000000014 1 4.5000000000000009 2 3 3.5000000000000004 4.5000000000000009 4 5 4.5000000000000009 6
decision_type=2 2 2 2 2 2 2 2 2 2 2 2 2 2 2 2 2 1 2 2 1 2 1 1 2 2 1 1 2 1
left_child=2 4 7 8 5 13 10 -1 -3 16 15 -9 20 23 -6 -4 17 -5 -8 21 -7 22 -11 -2 -20 26 -10 -18 29 -16
right_child=1 3 6 9 14 12 18 11 25 19 -12 -13 -14 -15 28 -17 27 -19 24 -21 -22 -23 -24 -25 -26 -27 -28 -29 -30 -31
leaf_value=-0.016246683863885544 0.0060877006554673737 0.026733097651879419 -0.0015278218166927045 0.055464021960927291 -0.0047830905842120843 0.014210575222676495 -0.012656047008439681 -0.0081815420413518854 0.025118356842886321 0.043714945598711238 0.0021750697189085086 -0.013317126602593482 0.011428334044809366 0.0037026348288256464 -0.00053390015888412224 -0.0054168265736067112 0.041280633080733875 0.035028644075260858 -0.0057928768222997046 0.10650869235396386 0.022093726062013142 0.040024515037509534 0.075262048574352688 0.011816379554130167 -0.015366611331560304 0.0070627236133820803 0.01210334902510425 0.024347175653198935 -0.0053593117167145864 0.0091134980695030728
leaf_weight=28531 10185 12431 43925 1165 9251 6102 7951 41759 2465 524 28182 24645 19852 27852 3307 23215 1097 1402 19757 80 7097 550 673 12262 2114 1718 2592 1566 1717 4969
leaf_count=28531 10185 12431 43925 1165 9251 6102 7951 41759 2465 524 28182 24645 19852 27852 3307 23215 1097 1402 19757 80 7097 550 673 12262 2114 1718 2592 1566 1717 4969
internal_value=1.96802e-06 0.0117433 -0.0068726 0.0282563 0.00751609 0.00936954 -0.00302952 -0.0119386 0.0228113 0.0430752 -0.0013802 -0.0100875 0.0142432 0.00616713 -0.000511596 -0.00287252 0.0379923 0.0446555 -0.00830136 0.0576256 0.0184768 0.0553871 0.0624459 0.00922505 -0.00671825 0.0156154 0.018521 0.0315692 0.00344273 0.00526887
internal_weight=348936 128857 220079 26263 102594 83350 125144 94935 19206 7057 95322 66404 33051 50299 19244 67140 5230 2567 29822 1827 13199 1747 1197 22447 21871 6775 5057 2663 9993 8276
internal_count=348936 128857 220079 26263 102594 83350 125144 94935 19206 7057 95322 66404 33051 50299 19244 67140 5230 2567 29822 1827 13199 1747 1197 22447 21871 6775 5057 2663 9993 8276
cat_boundaries=0 3 6 9 12 15 17 19
cat_threshold=2604504114 3228586916 7 3256489013 377306693 3 108423173 2161121653 5 1639294733 740853263 6 2760067992 837690942 6 582362381 2246118769 568411063 1380134184
is_linear=0
shrinkage=0.05


Tree=18
num_leaves=31
num_cat=6
split_feature=9 9 9 9 6 6 9 9 6 9 9 9 9 6 6 6 6 9 0 6 6 6 6 0 0 0 0 6 6 0
split_gain=10169.2 3248.93 1546.78 769.118 559.091 392.812 387.583 279.094 217.268 201.412 192.424 147.476 121.786 145.535 100.422 98.1454 98.0383 89.5695 87.5336 85.15 83.968 78.1305 77.9125 73.8751 73.5036 70.0047 69.887 86.3709 68.5659 90.1624
threshold=1.0700000000000001 1.8450000000000004 0.58500000000000008 2.5850000000000004 1.5000000000000002 1.5000000000000002 1.3100000000000003 0.53500000000000003 1.5000000000000002 1.4150000000000003 0.77500000000000013 3.3100000000000005 0.27000000000000007 1.0000000180025095e-35 1.5000000000000002 3.5000000000000004 3.5000000000000004 2.2250000000000005 0 4.5000000000000009 5.5000000000000009 2.5000000000000004 1.0000000180025095e-35 1 2 3 4 1.5000000000000002 1.0000000180025095e-35 5
decision_type=2 2 2 2 2 2 2 2 2 2 2 2 2 2 2 2 2 2 1 2 2 2 2 1 1 1 1 2 2 1
left_child=2 4 7 8 6 10 25 12 18 16 -4 20 -1 -14 -9 24 -6 19 -3 23 26 -7 -12 -10 -11 -2 27 -5 -8 -30
right_child=1 3 5 11 9 21 28 14 17 15 22 -13 13 -15 -16 -17 -18 -19 -20 -21 -22 -23 -24 -25 -26 -27 -28 -29 29 -31
leaf_value=-0.018337637243378592 0.0048074259892389908 0.034344979047546027 -0.0043052650897069207 0.066996197696344781 0.00067502752793189105 -0.0060928092199191456 0.017554325685418728 -0.0069507360213854679 0.022489002138846526 0.012547575064210288 0.00174394882400502 0.058023360089971221 -0.010626172462529584 -0.016756089142352808 -0.014403253406938432 -0.00024961367182816502 -0.0086731262724518542 0.024360037244075098 0.023834170812657506 0.00246311728618485 0.017612762096437761 -0.011538259414309303 -0.0019575584141801601 0.01210698605443266 0.0053471661365099583 0.0090917611484692667 0.034542744092258368 0.042138673648197691 0.0057393946083354169 0.015529778755650989
leaf_weight=10735 18574 3752 34334 502 17865 20000 13199 32329 3412 5898 38422 1310 32894 13722 5255 4456 3327 3860 4885 1143 420 9822 22566 3648 9013 19798 2181 1150 3650 6814
leaf_count=10735 18574 3752 34334 502 17865 20000 13199 32329 3412 5898 38422 1310 32894 13722 5255 4456 3327 3860 4885 1143 420 9822 22566 3648 9013 19798 2181 1150 3650 6814
internal_value=2.40707e-06 0.0111576 -0.00652897 0.0268494 0.00714059 -0.00287805 0.0101251 -0.0113416 0.0224137 0.00257576 -0.00131119 0.0433548 -0.0135363 -0.0124306 -0.00799275 0.00626149 -0.000792569 0.0180792 0.0284675 0.0151237 0.0388366 -0.00788629 0.000374364 0.0171735 0.00820727 0.00702155 0.0411622 0.0493932 0.0151579 0.0121351
internal_weight=348936 128857 220079 26263 102594 125144 62035 94935 20700 40559 95322 5563 57351 46616 37584 19367 21192 12063 8637 8203 4253 29822 60988 7060 14911 38372 3833 1652 23663 10464
internal_count=348936 128857 220079 26263 102594 125144 62035 94935 20700 40559 95322 5563 57351 46616 37584 19367 21192 12063 8637 8203 4253 29822 60988 7060 14911 38372 3833 1652 23663 10464
cat_boundaries=0 2 5 8 11 14 16
cat_threshold=1801094799 1660959900 2762017677 2590445167 4 168932904 616402113 2 1706592028 1819331087 6 477663346 3294715471 1 2325082186 655524002
is_linear=0
shrinkage=0.05


Tree=19
num_leaves=31
num_cat=8
split_feature=9 9 9 9 9 6 6 9 6 6 9 6 6 9 6 0 6 6 0 6 0 6 0 6 0 0 9 0 9 0
split_gain=9191.21 2286.02 2078.79 603.983 541.454 390.649 352.512 298.176 224.862 224.484 168.077 146.035 112.544 109.912 131.346 94.1377 89.0172 87.3488 111.584 83.3353 114.608 69.3559 67.4929 66.414 69.8926 66.0864 64.3297 63.5656 63.5005 63.4374
threshold=1.155 2.1550000000000007 0.73000000000000009 1.6900000000000002 0.53500000000000003 2.5000000000000004 1.5000000000000002 3.0700000000000007 1.5000000000000002 2.5000000000000004 0.93000000000000005 1.0000000180025095e-35 1.5000000000000002 0.27000000000000007 1.0000000180025095e-35 0 3.5000000000000004 1.0000000180025095e-35 1 3.5000000000000004 2 4.5000000000000009 3 1.0000000180025095e-35 4 5 4.1550000000000002 6 1.0700000000000001 7
decision_type=2 2 2 2 2 2 2 2 2 2 2 2 2 2 2 1 2 2 1 2 1 2 1 2 1 1 2 1 2 1
left_child=2 3 4 5 13 11 10 12 -6 17 -4 25 15 -1 -15 -3 28 18 -5 20 -9 27 -14 24 -12 -2 -22 -11 -8 -19
right_child=1 7 6 9 8 -7 16 19 -10 21 23 -13 22 14 -16 -17 -18 29 -20 -21 26 -23 -24 -25 -26 -27 -28 -29 -30 -31
leaf_value=-0.017420755543151346 0.008913108292866281 0.049555755591269957 -0.0011025415122982477 0.01556515556792307 -0.0053097699286881704 -0.00042124876567963546 -0.0051273765494705501 0.037757618695183258 -0.012454050782956423 0.0064017697791181639 0.0086667364834082539 0.0073360749114569678 0.019533420317701153 -0.010094863377072541 -0.015918284889070065 0.030053025769630082 -0.011743998447230862 0.022032294605815666 0.030093428810897788 0.039215205967333362 0.067880601907165647 0.00077538718773922531 0.030598977119129511 0.0012426039814489691 0.0034071460080236978 0.015027083253711326 0.13535295813470274 0.017016239304594821 -0.00016979343811745492 0.01417012873327924
leaf_weight=10735 6864 1145 32841 2132 66628 11989 19768 559 13195 2575 8985 27915 2532 32894 13722 1732 3693 4586 3875 1086 781 1667 3584 19762 21403 13098 37 3228 9594 6331
leaf_count=10735 6864 1145 32841 2132 66628 11989 19768 559 13195 2575 8985 27915 2532 32894 13722 1732 3693 4586 3875 1086 781 1667 3584 19762 21403 13098 37 3228 9594 6331
internal_value=2.54529e-06 0.0132015 -0.00498661 0.0103523 -0.00915344 0.00765008 -6.11419e-05 0.0341577 -0.00649074 0.0169839 0.00167804 0.00967125 0.0299362 -0.0128595 -0.0118091 0.0380915 -0.0044277 0.0201706 0.0250131 0.0495715 0.0577392 0.00976435 0.0260998 0.00349892 0.00496625 0.0129368 0.0700759 0.0123466 -0.00350749 0.017506
internal_weight=348936 95716 253220 84260 137174 59866 116046 11456 79823 24394 82991 47877 8993 57351 46616 2877 33055 16924 6007 2463 1377 7470 6116 50150 30388 19962 818 5803 29362 10917
internal_count=348936 95716 253220 84260 137174 59866 116046 11456 79823 24394 82991 47877 8993 57351 46616 2877 33055 16924 6007 2463 1377 7470 6116 50150 30388 19962 818 5803 29362 10917
cat_boundaries=0 3 6 9 11 13 16 19 22
cat_threshold=67687478 4081158629 1 1143669028 3529310801 3 2483971077 2295421301 6 1098946306 4285170893 315244806 2495025152 1646830629 544254989 2 1496888439 201584096 1 1906385285 3792006770 1
is_linear=0
shrinkage=0.05


Tree=20
num_leaves=31
num_cat=8
split_feature=9 9 9 9 6 6 9 9 6 9 9 6 6 9 9 6 6 6 0 9 0 0 9 0 9 0 6 0 0 0
split_gain=8314.55 2664.33 1268.49 636.284 465.437 333.954 321.921 231.388 170.365 168.628 155.184 136.666 131.247 100.122 97.8003 86.8561 84.6171 72.1823 82.6139 70.7862 85.8947 78.8969 68.0223 66.9404 64.8622 64.408 64.0156 78.5036 63.1108 62.4275
threshold=1.0700000000000001 1.8450000000000004 0.63500000000000012 2.5350000000000006 1.5000000000000002 1.0000000180025095e-35 1.3100000000000003 0.41500000000000009 3.5000000000000004 1.4150000000000003 3.2250000000000005 2.5000000000000004 1.5000000000000002 0.81500000000000006 0.93000000000000005 4.5000000000000009 4.5000000000000009 2.5000000000000004 0 2.0700000000000007 1 2 4.3100000000000014 3 0.53500000000000003 4 4.5000000000000009 5 6 7
decision_type=2 2 2 2 2 2 2 2 2 2 2 2 2 2 2 2 2 2 1 2 1 1 2 1 2 1 2 1 1 1
left_child=2 4 7 8 6 14 29 -1 19 16 17 13 24 -7 -4 23 -6 18 -5 21 -21 -3 26 -11 -9 -16 27 -12 -19 -2
right_child=1 3 5 10 9 11 -8 12 -10 15 22 -13 -14 -15 25 -17 -18 28 -20 20 -22 -23 -24 -25 -26 -27 -28 -29 -30 -31
leaf_value=-0.014026080375736201 0.0041898361639597856 0.014388501050853503 -0.0012153190749826398 0.048917087377187737 -9.1565522047189706e-05 -0.0072879817312339074 0.01376176192340769 -0.009677612942405555 0.0098539082857601878 0.003234238172894996 0.069201731098172223 -0.010551830281707742 -0.014751352103425854 -0.002667998727210812 -0.00016248520535345264 -0.0050761672969740464 -0.014984805993624143 0.018196584507752099 0.029721127417920157 0.019326389459481789 0.031791730027890548 0.02359301208338976 0.094768201550468806 0.0094465831881993395 -0.0063349165275423088 0.0059602028242540378 0.033499162386764182 0.040168125330289801 0.034260080780611678 0.0082407583733133949
leaf_weight=28531 17973 4624 43906 1165 20191 17211 23663 26314 3646 7813 537 9822 7765 36805 7790 1717 1001 1238 1402 2700 3202 5034 80 9837 32358 9577 550 660 1425 20399
leaf_count=28531 17973 4624 43906 1165 20191 17211 23663 26314 3646 7813 537 9822 7765 36805 7790 1717 1001 1238 1402 2700 3202 5034 80 9837 32358 9577 550 660 1425 20399
internal_value=2.86042e-06 0.0100896 -0.00590297 0.0242998 0.00645197 -0.00259574 0.00917508 -0.0102599 0.0195822 0.00228698 0.0371388 -0.00512656 -0.00864257 -0.00414005 4.10177e-05 0.00565943 -0.000795045 0.0327565 0.0387393 0.0218618 0.0261758 0.0192255 0.0496836 0.00670379 -0.00783409 0.0032172 0.0476191 0.0541069 0.0269893 0.00634659
internal_weight=348936 128857 220079 26263 102594 125111 62035 94968 19206 40559 7057 63838 66437 54016 61273 19367 21192 5230 2567 15560 5902 9658 1827 17650 58672 17367 1747 1197 2663 38372
internal_count=348936 128857 220079 26263 102594 125111 62035 94968 19206 40559 7057 63838 66437 54016 61273 19367 21192 5230 2567 15560 5902 9658 1827 17650 58672 17367 1747 1197 2663 38372
cat_boundaries=0 3 5 8 11 13 16 19 22
cat_threshold=2604504114 3228586916 7 1936553233 3428857634 470210928 1067369861 1 4058728647 1128419626 4 3154165353 1229466606 2022277290 1326359178 2 2571737826 1780404868 7 1706592028 1818413071 6
is_linear=0
shrinkage=0.05


Tree=21
num_leaves=31
num_cat=8
split_feature=9 9 9 9 9 6 6 9 6 6 6 6 6 6 9 9 9 6 0 0 6 0 0 0 0 0 6 0 6 9
split_gain=7510.55 1872.77 1701.42 497.615 439.197 329.704 293.372 244.668 194.807 185.331 127.634 124.7 96.1158 95.4863 112.803 92.1579 87.3342 87.0285 85.0138 76.3175 71.4283 109.812 61.1696 59.2296 57.9612 55.9808 54.5213 54.3781 53.1537 52.4083
threshold=1.155 2.1550000000000007 0.77500000000000013 1.6900000000000002 0.53500000000000003 2.5000000000000004 1.0000000180025095e-35 3.0700000000000007 1.5000000000000002 1.5000000000000002 2.5000000000000004 1.0000000180025095e-35 1.5000000000000002 1.0000000180025095e-35 0.15500000000000005 1.0700000000000001 1.0700000000000001 4.5000000000000009 0 1 2.5000000000000004 2 3 4 5 6 1.0000000180025095e-35 7 2.5000000000000004 1.3650000000000002
decision_type=2 2 2 2 2 2 2 2 2 2 2 2 2 2 2 2 2 2 1 1 2 1 1 1 1 1 2 1 2 2
left_child=2 3 4 5 13 11 15 12 19 26 16 23 18 14 -1 -4 -8 -10 -3 -5 21 -9 -14 -2 -17 -19 -6 -22 -11 -13
right_child=1 7 6 8 9 -7 10 20 17 28 -12 29 22 -15 -16 24 -18 25 -20 -21 27 -23 -24 -25 -26 -27 -28 -29 -30 -31
leaf_value=-0.015207937099640851 0.006138644013229457 0.045428358447238214 0.0015355928635881974 0.015148204710770084 -0.0038231667168218708 -0.00051207855974062615 -0.0025388521016951235 0.080247256230578365 0.012726868670123709 -0.0094786315398904166 -0.0068756054351361397 0.0041859482208276141 0.016917525813792748 -0.015048767877611231 -0.0090178158817627602 0.0023940016295396953 0.0019410322779390794 0.010110775233438268 0.026994879477698665 0.023555589304950737 0.024222044647309829 0.040943798393588901 0.02754291545499888 0.013107154871754727 0.0091872480947228791 -0.00813485031945403 -0.0068861055409524981 0.045610051373139109 -0.01684579581554611 0.0085446448202995458
leaf_weight=9479 3837 1150 38422 4814 45267 11989 36817 322 11174 9954 12303 12442 2350 14953 32919 5354 15442 786 1727 6739 562 617 3766 16125 7667 881 21396 962 3247 15473
leaf_count=9479 3837 1150 38422 4814 45267 11989 36817 322 11174 9954 12303 12442 2350 14953 32919 5354 15442 786 1727 6739 562 617 3766 16125 7667 881 21396 962 3247 15473
internal_value=3.23391e-06 0.0119346 -0.00450676 0.00935574 -0.00827522 0.00690296 -4.92875e-05 0.0309023 0.0153752 -0.00587808 -0.00229377 0.00875978 0.0270782 -0.0116134 -0.0104018 0.00276758 -0.00121509 0.011137 0.0346149 0.0200858 0.0448647 0.0557123 0.0235329 0.0117773 0.00640288 0.000479919 -0.00480624 0.0381811 -0.0112907 0.00660193
internal_weight=348936 95716 253220 84260 137215 59866 116005 11456 24394 79864 64562 47877 8993 57351 42398 51443 52259 12841 2877 11553 2463 939 6116 19962 13021 1667 66663 1524 13201 27915
internal_count=348936 95716 253220 84260 137215 59866 116005 11456 24394 79864 64562 47877 8993 57351 42398 51443 52259 12841 2877 11553 2463 939 6116 19962 13021 1667 66663 1524 13201 27915
cat_boundaries=0 3 6 8 10 13 16 19 22
cat_threshold=1409864758 4081123813 1 344478064 2608693829 3 1256292362 1141539466 1082169090 4284646605 573046789 540016653 2 1102317336 738260587 6 293909715 2368381941 4 187727887 144417734 4
is_linear=0
shrinkage=0.05


Tree=22
num_leaves=31
num_cat=8
split_feature=9 9 9 9 6 9 9 6 6 9 6 6 9 6 0 9 6 6 0 0 9 3 0 0 0 6 0 7 0 6
split_gain=6783.64 2082.17 1312.78 396.375 354.974 294.167 274.232 231.678 167.261 160.657 140.214 104.308 92.0095 88.8023 97.1946 86.95 104.981 73.8315 64.5669 62.02 61.1163 59.2352 85.1917 61.1522 58.147 55.1557 72.5605 54.365 54.3599 53.2171
threshold=1.3650000000000002 0.77500000000000013 2.3650000000000007 0.53500000000000003 1.5000000000000002 1.8450000000000004 1.0700000000000001 1.5000000000000002 1.5000000000000002 3.2250000000000005 2.5000000000000004 3.5000000000000004 1.0700000000000001 1.5000000000000002 0 0.27000000000000007 1.0000000180025095e-35 4.5000000000000009 1 2 4.3100000000000014 6.5000000000000009 3 4 5 4.5000000000000009 6 2.5000000000000004 7 1.0000000180025095e-35
decision_type=2 2 2 2 2 2 2 2 2 2 2 2 2 2 1 2 2 2 1 1 2 2 1 1 1 2 1 2 1 2
left_child=1 3 5 15 6 7 29 24 -5 13 -7 12 -6 14 -4 -1 -17 19 -12 -9 25 23 -23 -15 -2 26 -11 -22 -8 -3
right_child=2 4 9 8 11 10 28 17 -10 20 18 -13 -14 21 -16 16 -18 -19 -20 -21 27 22 -24 -25 -26 -27 -28 -29 -30 -31
leaf_value=-0.01508965092589259 0.0095535687835890393 0.0014588127690528109 0.020724461130600641 -0.004565928554293679 -0.0044383792909967459 0.020122419793128607 0.0037687767435782976 0.0099534900487847772 -0.01072616917839936 0.063120976113714283 0.016017444610564476 -0.0094942541933688493 0.00051313865916780953 0.019481699079052839 0.044460575858131055 -0.0085659046338297726 -0.013772159057396908 -0.0048157909018815819 0.0054983768312662253 0.0037868578620817933 0.11395202669266023 0.037959484582628454 0.001073583608581307 0.032146135809338831 0.014617848923288178 0.029971461972052402 0.035612668079947313 0.022882467475922211 0.0075407545373760909 -0.001600335907588334
leaf_weight=10735 10116 38422 706 66663 19762 11331 18569 6442 13201 551 2853 5441 17862 1758 1440 32894 13722 1717 3050 11211 57 212 545 2541 13506 550 646 23 19844 22566
leaf_count=10735 10116 38422 706 66663 19762 11331 18569 6442 13201 551 2853 5441 17862 1758 1440 32894 13722 1717 3050 11211 57 212 545 2541 13506 550 646 23 19844 22566
internal_value=3.6158e-06 -0.00346553 0.0140135 -0.00786146 0.000768378 0.0113481 0.00241116 0.0091356 -0.00558418 0.0317927 0.0168672 -0.00302343 -0.00208765 0.0284335 0.0369555 -0.0110327 -0.0100984 0.00508227 0.0106188 0.00604499 0.0450348 0.0248163 0.0119192 0.0270873 0.0124593 0.0430779 0.0491001 0.0877695 0.00572031 0.000326906
internal_weight=348936 279681 69255 137215 142466 60226 99401 42992 79864 9029 17234 43065 37624 7202 2146 57351 46616 19370 5903 17653 1827 5056 757 4299 23622 1747 1197 80 38413 60988
internal_count=348936 279681 69255 137215 142466 60226 99401 42992 79864 9029 17234 43065 37624 7202 2146 57351 46616 19370 5903 17653 1827 5056 757 4299 23622 1747 1197 80 38413 60988
cat_boundaries=0 3 6 9 12 15 18 21 24
cat_threshold=2551261660 202833938 4 3045264299 3175744094 4 169129000 750618816 2 18163776 2655011200 2 625512515 1578083534 2 3390345267 398272673 3 2022277290 1863230090 2 1706592012 1819462159 6
is_linear=0
shrinkage=0.05


Tree=23
num_leaves=31
num_cat=10
split_feature=9 9 9 9 9 9 6 6 6 6 9 6 6 6 0 6 0 0 6 6 0 0 0 9 0 0 0 9 6 0
split_gain=6139.93 1542.94 1383.33 344.64 314.847 274.908 211.414 204.553 190.479 183.806 175.642 114.639 102.287 79.6505 90.7478 78.598 78.3411 78.1601 72.7838 70.9838 146.837 74.145 69.9303 62.626 76.1525 70.6697 58.728 49.4516 61.9175 49.0619
threshold=1.155 2.0700000000000007 0.69000000000000006 1.5350000000000004 0.93000000000000005 2.9300000000000002 2.5000000000000004 2.5000000000000004 1.5000000000000002 1.0000000180025095e-35 0.41500000000000009 4.5000000000000009 1.0000000180025095e-35 1.0000000180025095e-35 0 1.0000000180025095e-35 1 2 2.5000000000000004 2.5000000000000004 3 4 5 2.3650000000000007 6 7 8 1.0000000180025095e-35 1.0000000180025095e-35 9
decision_type=2 2 2 2 2 2 2 2 2 2 2 2 2 2 1 2 1 1 2 2 1 1 1 2 1 1 1 2 2 1
left_child=2 3 10 7 9 11 13 15 -6 -4 27 23 -12 14 -5 16 -2 -13 -11 20 -7 -21 -15 25 -25 -3 -17 -1 -29 -9
right_child=1 5 4 6 8 19 -8 29 -10 18 12 17 -14 22 -16 26 -18 -19 -20 21 -22 -23 -24 24 -26 -27 -28 28 -30 -31
leaf_value=-0.019035863876342776 0.0040642399162563311 0.013102490629450656 -0.0010114893126240319 0.011938973500320083 0.0029255407004712794 0.067772100337268534 0.0054962063210553854 -0.0059395545271820858 -0.0026004238566729385 -0.0048304445236835155 -0.0059267384877463155 -0.0036509217174218993 -0.0099848682705651753 0.015728155988806027 0.021929051479788617 0.0082876137085585722 0.011813975120512963 0.01918000728608088 -0.010981207561037726 0.017635543843006609 0.031938828951474617 0.039252800271088788 0.0089861151848916482 0.034629390809891844 0.021609041097435736 0.025207848929260909 0.0028777488852867335 -0.010241801070681825 -0.016213478300113698 0.0016409322175705678
leaf_weight=2372 4670 2194 43864 3995 50150 537 9587 3798 22632 35973 41820 669 24698 7084 5599 7972 11081 843 5552 648 764 1330 8700 2347 2499 2935 13612 20664 5495 4852
leaf_count=2372 4670 2194 43864 3995 50150 537 9587 3798 22632 35973 41820 669 24698 7084 5599 7972 11081 843 5552 648 764 1330 8700 2347 2499 2935 13612 20664 5495 4852
internal_value=3.90147e-06 0.0107918 -0.00407386 0.00808048 -0.00120906 0.0256556 0.0118219 0.00523567 0.00120721 -0.00326859 -0.00884118 0.0220105 -0.00743351 0.0142115 0.0178044 0.00684082 0.00952634 0.00918093 -0.00565282 0.0384248 0.0474958 0.0324585 0.0120277 0.0239552 0.0280311 0.0201043 0.00488104 -0.012123 -0.0114962 -0.00169244
internal_weight=348936 95716 253220 80950 158171 14766 34965 45985 72782 85389 95049 11487 66518 25378 9594 37335 15751 1512 41525 3279 1301 1978 15784 9975 4846 5129 21584 28531 26159 8650
internal_count=348936 95716 253220 80950 158171 14766 34965 45985 72782 85389 95049 11487 66518 25378 9594 37335 15751 1512 41525 3279 1301 1978 15784 9975 4846 5129 21584 28531 26159 8650
cat_boundaries=0 3 6 9 11 14 17 20 23 26 29
cat_threshold=1141082532 2254252785 3 1646797863 808485900 2 351933202 1581663255 7 468815906 1145750218 192123402 403915712 4 1428367237 3362336336 7 545150516 2610060065 7 1399616785 2866813218 2 591407481 540058221 6 1156653862 1089728556 6
is_linear=0
shrinkage=0.05


Tree=24
num_leaves=31
num_cat=9
split_feature=9 9 9 9 6 9 6 9 6 6 6 9 6 6 9 6 9 9 9 0 0 0 0 9 0 0 0 0 6 0
split_gain=5554.1 1803.81 856.134 437.533 329.2 257.874 232.993 158.184 141.72 99.7506 96.604 95.5294 89.6455 86.9372 77.9942 86.4141 69.5411 68.8447 67.6902 64.8788 59.3491 59.2904 56.3992 59.7631 53.6938 53.5711 51.5364 50.3002 48.5588 56.9361
threshold=1.0700000000000001 1.8450000000000004 0.58500000000000008 2.7300000000000004 2.5000000000000004 1.3100000000000003 1.0000000180025095e-35 0.41500000000000009 3.5000000000000004 2.5000000000000004 1.5000000000000002 2.1550000000000007 1.0000000180025095e-35 1.0000000180025095e-35 3.7900000000000005 6.5000000000000009 1.4150000000000003 0.93000000000000005 0.81500000000000006 0 1 2 3 3.5350000000000006 4 5 6 7 2.5000000000000004 8
decision_type=2 2 2 2 2 2 2 2 2 2 2 2 2 2 2 2 2 2 2 1 1 1 1 2 1 1 1 1 2 1
left_child=2 4 7 8 5 13 17 -1 11 18 -9 27 19 24 15 22 -6 -4 -8 -7 -19 -13 -5 28 -2 -18 -10 -3 -24 -30
right_child=1 3 6 14 16 12 9 10 26 -11 -12 21 -14 -15 -16 -17 25 20 -20 -21 -22 -23 23 -25 -26 -27 -28 -29 29 -31
leaf_value=-0.011516896718258087 0.0097027435576008958 0.012287170150183813 -0.00095817198497908469 0.026536451790430578 -0.0037629120991462817 0.01693021171415747 -0.005964600592116313 -0.0063715895774543651 0.014652884065943598 -0.0088553366488908908 -0.012307642976074333 0.018431608915579448 0.0079236497633412874 0.0024954860222114071 0.055013651465752017 0.0041487325125319115 -0.0021036667011843 0.0065417424272149437 -0.0021669299326536702 0.0098415725247626984 0.00050009908377795869 0.029571682170482463 0.046212868610171209 0.06489285682795834 0.0046872499250479056 0.0053243760040438395 0.0038163335418939953 0.019101133892223954 0.0062989149827701171 0.036090273921533182
leaf_weight=28531 8877 4394 43925 1608 9252 6291 17225 58643 2138 9822 7761 2300 19852 27852 418 255 4136 6486 36805 6908 10881 2926 825 219 13570 5856 2292 7894 224 770
leaf_count=28531 8877 4394 43925 1608 9252 6291 17225 58643 2138 9822 7761 2300 19852 27852 418 255 4136 6486 36805 6908 10881 2926 825 219 13570 5856 2292 7894 224 770
internal_value=4.2049e-06 0.00824823 -0.0048227 0.0199405 0.00525512 0.00661604 -0.00210651 -0.0084032 0.0170774 -0.00422025 -0.00706537 0.0190983 0.0100469 0.00436163 0.0344874 0.032288 -0.000639341 9.55106e-05 -0.00337764 0.0132405 0.00276051 0.0247607 0.034256 0.0400203 0.00667711 0.0022529 0.00908794 0.0166901 0.0372457 0.0298032
internal_weight=348936 128857 220079 26263 102594 83350 125144 94935 21944 63852 66404 17514 33051 50299 4319 3901 19244 61292 54030 13199 17367 5226 3646 2038 22447 9992 4430 12288 1819 994
internal_count=348936 128857 220079 26263 102594 83350 125144 94935 21944 63852 66404 17514 33051 50299 4319 3901 19244 61292 54030 13199 17367 5226 3646 2038 22447 9992 4430 12288 1819 994
cat_boundaries=0 3 6 9 11 14 17 19 22 24
cat_threshold=885386186 3909271994 4 50217238 2485555217 6 3244406023 879420506 1 1659005596 294927145 2655653970 3554087296 1 564216503 1883467064 4 2274442721 825403230 470700144 1771356548 1 152145922 4194368
is_linear=0
shrinkage=0.05


Tree=25
num_leaves=31
num_cat=8
split_feature=9 9 9 9 9 6 6 9 6 6 9 6 6 9 0 9 6 6 9 9 0 6 6 0 0 0 0 0 6 0
split_gain=5017.35 1270.22 1143.72 301.548 301.525 267.481 204.649 152.456 131.568 116.482 101.209 87.9866 72.2418 81.8509 71.2511 70.3322 78.0403 66.9752 62.6101 58.9485 57.0426 56.9695 55.9455 83.6945 61.3801 55.6701 55.1636 51.7563 69.4406 50.1618
threshold=1.155 1.9300000000000004 0.77500000000000013 0.53500000000000003 2.7300000000000004 1.5000000000000002 1.0000000180025095e-35 1.4650000000000001 1.5000000000000002 1.5000000000000002 1.5350000000000004 2.5000000000000004 1.0000000180025095e-35 1.0000000180025095e-35 0 3.7900000000000005 6.5000000000000009 4.5000000000000009 0.93000000000000005 0.93000000000000005 1 3.5000000000000004 4.5000000000000009 2 3 4 5 6 2.5000000000000004 7
decision_type=2 2 2 2 2 2 2 2 2 2 2 2 2 2 1 2 2 2 2 2 1 2 2 1 1 1 1 1 2 1
left_child=2 5 3 12 9 7 18 29 -5 14 17 19 13 -1 -3 16 27 -7 -4 -8 -9 26 23 -11 -24 -20 -12 28 -6 -2
right_child=1 4 6 8 15 10 11 20 -10 22 21 -13 -14 -15 -16 -17 -18 -19 25 -21 -22 -23 24 -25 -26 -27 -28 -29 -30 -31
leaf_value=-0.017508226633071899 0.0043983128649724909 0.029429427473647657 0.00022984782201101962 -0.0038822148492754791 0.05151124600774272 0.0017511621400139569 -0.0032455233926051833 0.0096271586051021804 -0.0093457626535417317 0.021839069999116362 0.0045258514054522326 -0.005706075076469511 -0.012525746297064589 -0.0079489263041051129 0.018085253764953436 0.052262968872562411 0.0039412960595469563 -0.010647375729841502 0.0067455267730868549 0.00025309060500882432 0.015868557082441597 0.0012573370805984696 0.015962858412222551 0.011246696507275564 -0.0029484820027656012 0.0022310137811088807 0.011716220182394124 0.026708945978193385 0.030543110220900713 0.0088266626339125586
leaf_weight=2372 10241 2678 21055 66663 711 17168 18811 6269 13201 3534 5022 12303 14953 40026 3226 418 255 1163 10389 33448 9316 3775 816 4139 892 19999 5791 2047 888 17367
leaf_count=2372 10241 2678 21055 66663 711 17168 18811 6269 13201 3534 5022 12303 14953 40026 3226 418 255 1163 10389 33448 9316 3775 816 4139 892 19999 5791 2047 888 17367
internal_value=4.3074e-06 0.00975624 -0.00368188 -0.00677159 0.0211056 0.00683302 -2.72529e-05 0.00942067 -0.0047853 0.0178094 0.00343775 -0.00190186 -0.0095376 -0.00848373 0.0233113 0.032771 0.0306824 0.000964544 0.00232542 -0.00100626 0.0133743 0.00654554 0.0143467 0.0161684 0.00616264 0.00377738 0.00839174 0.0325527 0.0396189 0.00718879
internal_weight=348936 95716 253220 137215 19604 76112 116005 43193 79864 15285 32919 64562 57351 42398 5904 4319 3901 18331 51443 52259 15585 14588 9381 7673 1708 30388 10813 3646 1599 27608
internal_count=348936 95716 253220 137215 19604 76112 116005 43193 79864 15285 32919 64562 57351 42398 5904 4319 3901 18331 51443 52259 15585 14588 9381 7673 1708 30388 10813 3646 1599 27608
cat_boundaries=0 3 6 8 10 12 15 18 21
cat_threshold=1264226326 1930919060 1 680898864 2250213541 1 3069393816 444877603 3473188079 632922836 315244807 2495057921 2708081873 1577514293 1 2634650978 3832267908 7 1277842471 1018234892 2
is_linear=0
shrinkage=0.05


Tree=26
num_leaves=31
num_cat=8
split_feature=9 9 9 9 6 9 6 9 9 6 6 9 6 0 6 6 0 6 6 0 0 9 0 6 9 6 0 0 6 0
split_gain=4548.36 1475.23 700.729 362.442 273.827 210.781 194.984 133.232 116.754 103.452 92.2153 84.944 81.9836 107.957 81.2667 63.6444 60.1723 76.2127 58.319 83.8558 58.0045 53.0913 57.4496 50.9247 49.8708 48.4936 48.0435 47.8194 46.3269 46.0189
threshold=1.0700000000000001 1.8450000000000004 0.63500000000000012 2.3650000000000007 2.5000000000000004 1.5350000000000004 1.5000000000000002 0.41500000000000009 3.3100000000000005 3.5000000000000004 1.0000000180025095e-35 0.93000000000000005 1.5000000000000002 0 1.5000000000000002 4.5000000000000009 1 7.5000000000000009 1.0000000180025095e-35 2 3 1.4150000000000003 4 3.5000000000000004 3.2250000000000005 2.5000000000000004 5 6 1.0000000180025095e-35 7
decision_type=2 2 2 2 2 2 2 2 2 2 2 2 2 1 2 2 1 2 2 1 1 2 1 2 2 2 1 1 2 1
left_child=2 4 7 9 5 10 11 -1 12 -3 26 28 13 24 -9 21 -10 25 19 -7 -20 -6 -23 -8 -5 -18 -2 -14 -4 -11
right_child=1 3 6 8 15 18 23 14 16 29 -12 -13 27 -15 -16 -17 17 -19 20 -21 -22 22 -24 -25 -26 -27 -28 -29 -30 -31
leaf_value=-0.010459794724671977 0.0020006544503168547 0.015610966208953195 -0.00081381146446775224 0.042115100972103275 -0.0022899917073268138 0.021051341227010679 -0.0048089564335365431 -0.0057385518244295738 0.025428291078868577 0.013474364278640023 0.003050419690629439 0.0015021812771884378 0.013192948576291219 0.021943656273197394 -0.011181636333695859 -0.0077082601673212365 0.070821603966088817 -0.017387242885306478 0.0044458204812603116 0.0097424365329518408 0.011883958253053327 -0.0017253296554537172 0.006773452440104636 -0.012261789784633475 0.087811538737150849 0.043910092365274093 0.0076915949224552853 0.023650976871165182 -0.0035758565393880742 0.00090106215795979433
leaf_weight=28531 4404 14107 43906 890 8251 2840 27316 58672 540 1147 37026 28182 1686 1322 7765 2718 260 40 4801 4034 5877 3312 4963 2502 64 470 24368 3757 23205 1980
leaf_count=28531 4404 14107 43906 890 8251 2840 27316 58672 540 1147 37026 28182 1686 1322 7765 2718 260 40 4801 4034 5877 3312 4963 2502 64 470 24368 3757 23205 1980
internal_value=4.35597e-06 0.00746472 -0.00436371 0.0180386 0.00475791 0.00599911 -0.00190563 -0.00760199 0.0261536 0.0137871 0.00470047 -0.00080147 0.0238113 0.03178 -0.00637473 -0.000618008 0.0399553 0.0491742 0.0108674 0.0144595 0.00855495 0.000548113 0.00337799 -0.00543432 0.044712 0.053495 0.00682388 0.0204792 -0.00176885 0.00555899
internal_weight=348936 128857 220079 26263 102594 83350 125111 94968 9029 17234 65798 95293 7719 2276 66437 19244 1310 770 17552 6874 10678 16526 8275 29818 954 730 28772 5443 67111 3127
internal_count=348936 128857 220079 26263 102594 83350 125111 94968 9029 17234 65798 95293 7719 2276 66437 19244 1310 770 17552 6874 10678 16526 8275 29818 954 730 28772 5443 67111 3127
cat_boundaries=0 3 6 8 10 12 15 17 19
cat_threshold=23647266 1935852013 2 2520933428 146807149 7 480541258 966939022 2866587739 2265378862 568411063 1381174568 1075838980 673219592 2 1660981891 1361739980 2432764385 2971313686
is_linear=0
shrinkage=0.05


Tree=27
num_leaves=31
num_cat=10
split_feature=9 9 9 9 6 6 9 9 6 9 9 6 6 0 6 6 9 0 9 0 0 0 6 3 0 3 0 0 0 0
split_gain=4119.31 1270.82 805.757 248.548 223.894 196.271 162.39 140.511 115.849 105.452 90.3245 79.6654 74.01 98.0649 68.6234 65.059 72.0244 61.8674 58.8598 58.2551 57.7482 55.8209 62.1832 56.2996 53.7651 46.5658 85.2939 49.7706 45.8181 44.7561
threshold=1.3650000000000002 0.77500000000000013 2.3650000000000007 0.53500000000000003 1.5000000000000002 1.5000000000000002 1.0700000000000001 1.5850000000000002 2.5000000000000004 3.3100000000000005 1.8150000000000002 4.5000000000000009 1.5000000000000002 0 1.0000000180025095e-35 1.0000000180025095e-35 1.0000000180025095e-35 1 1.0700000000000001 2 3 4 4.5000000000000009 6.5000000000000009 5 6.5000000000000009 6 7 8 9
decision_type=2 2 2 2 2 2 2 2 2 2 2 2 2 1 2 2 2 1 2 1 1 1 2 2 1 2 1 1 1 1
left_child=1 3 5 15 6 7 -3 20 14 12 24 18 13 -4 -5 16 -1 -9 -6 -12 -2 -11 -23 -24 -7 27 -27 -14 -8 -20
right_child=2 4 9 8 11 10 28 17 -10 21 19 -13 25 -15 -16 -17 -18 -19 29 -21 -22 22 23 -25 -26 26 -28 -29 -30 -31
leaf_value=-0.016109825670719148 0.00532529974692501 0.00030951025847421006 0.018709192359632722 -0.0026926424204453902 -0.003827454253771928 0.00052110877621478673 0.0062857006587929629 0.011455173149626154 -0.013580388486073281 0.018068324946008425 0.014723443604661183 -0.01397315215044791 0.01485781636935421 0.04014798486891967 -0.005736042269489222 -0.011480171372083202 -0.0071426823155213912 0.018705030596779328 0.0023829894360115709 0.0067262210006120609 0.011063031041090257 0.053756544443539604 0.035765048007069283 -0.021045087248671289 0.005957774662518932 0.034929235627536075 -0.0015264448553670498 0.025750838077722216 0.0028216145044834677 -0.0023268593702445795
leaf_weight=2372 7231 60988 1084 45267 21439 7318 18140 5202 3247 326 3729 1438 1894 1192 31350 14953 40026 7264 9693 6015 11420 632 301 51 12047 210 597 2742 20273 10495
leaf_count=2372 7231 60988 1084 45267 21439 7318 18140 5202 3247 326 3729 1438 1894 1192 31350 14953 40026 7264 9693 6015 11420 632 301 51 12047 210 597 2742 20273 10495
internal_value=4.36805e-06 -0.00269899 0.0109217 -0.00613327 0.000608714 0.00883346 0.00191339 0.0115942 -0.00432996 0.0248506 0.0058823 -0.00240269 0.0226246 0.0301958 -0.00393794 -0.00864446 -0.00764436 0.0157039 -0.00200299 0.00980875 0.0088473 0.0379672 0.0439297 0.027534 0.00390661 0.0194587 0.00837408 0.0213882 0.00445985 -6.54602e-05
internal_weight=348936 279681 69255 137215 142466 60226 99401 31117 79864 9029 29109 43065 7719 2276 76617 57351 42398 12466 41627 9744 18651 1310 984 352 19365 5443 807 4636 38413 20188
internal_count=348936 279681 69255 137215 142466 60226 99401 31117 79864 9029 29109 43065 7719 2276 76617 57351 42398 12466 41627 9744 18651 1310 984 352 19365 5443 807 4636 38413 20188
cat_boundaries=0 3 6 8 11 14 17 20 23 26 29
cat_threshold=3164023772 211626514 4 344480096 2600306241 3 3028363659 2618229334 2585051155 934693024 1 2420130868 138414189 1 1928022150 1090670906 4 85207104 475021696 2 1829015747 3708454094 2 2588375235 2475505008 1 1663589927 1179769123 7
is_linear=0
shrinkage=0.05


Tree=28
num_leaves=31
num_cat=9
split_feature=9 9 9 6 9 9 9 6 6 6 6 0 9 6 9 6 9 6 0 0 6 0 0 6 0 7 0 6 0 0
split_gain=3722.33 951.368 845.216 226.106 224.195 196.969 170.889 159.793 104.54 82.7847 71.0216 67.3578 61.5263 61.4911 60.0215 69.6278 58.7284 55.9325 76.7013 59.326 51.9755 64.4724 53.2514 50.0001 98.464 48.5259 46.5692 46.2593 135.517 57.7484
threshold=1.155 2.0700000000000007 0.73000000000000009 2.5000000000000004 0.53500000000000003 1.5350000000000004 2.9300000000000002 1.0000000180025095e-35 2.5000000000000004 4.5000000000000009 3.5000000000000004 0 1.6900000000000002 1.0000000180025095e-35 0.15500000000000005 1.0000000180025095e-35 4.3100000000000014 1.0000000180025095e-35 1 2 1.0000000180025095e-35 3 4 1.0000000180025095e-35 5 2.5000000000000004 6 2.5000000000000004 7 8
decision_type=2 2 2 2 2 2 2 2 2 2 2 1 2 2 2 2 2 2 1 1 2 1 1 2 1 2 1 2 1 1
left_child=2 3 4 5 14 20 9 -4 13 23 -9 -11 -5 -6 -1 -16 27 18 -7 -19 21 -2 -22 24 -3 -18 -25 28 -8 -29
right_child=1 6 7 12 8 17 16 10 -10 11 -12 -13 -14 -15 15 -17 25 19 -20 -21 22 -23 -24 26 -26 -27 -28 29 -30 -31
leaf_value=-0.011589125789354575 0.0026252587865560483 0.04116430199773953 0.0020486259614892082 -0.00072165492786309654 -0.0025625334162473613 0.006287960998224775 0.058564425311264358 -0.0012777471348846845 -0.012901368871684585 -0.0055610611543247257 -0.0084187931834344056 0.015592899247888637 0.005397831744999743 -0.0054442702361213909 -0.0061899375329692941 -0.010428661740792624 0.097193986255871626 0.012464811621627521 0.016692961054495147 0.0062975994247372134 0.0064140032804918092 0.0096481564007924528 0.001436792188719384 0.021812823050691672 0.016419662407027948 0.011153961005418198 0.01397379095845828 0.013152227993178285 0.023460280020626452 0.031374397832466157
leaf_weight=10703 4670 693 51463 11989 45247 2404 449 60890 3247 669 3693 843 6248 31329 32919 13729 57 7574 7190 8210 10216 11081 11368 3356 1063 23 4863 783 825 1142
leaf_count=10703 4670 693 51463 11989 45247 2404 449 60890 3247 669 3693 843 6248 31329 32919 13729 57 7574 7190 8210 10216 11081 11368 3356 1063 23 4863 783 825 1142
internal_value=4.48589e-06 0.00840414 -0.00317055 0.00627514 -0.0058275 0.00770014 0.0200757 -2.98519e-05 -0.00411412 0.0172019 -0.00168609 0.00629946 0.00137488 -0.00374152 -0.00821224 -0.00743744 0.0301433 0.0110989 0.0141097 0.00926884 0.00538988 0.00757374 0.00379621 0.0188544 0.026513 0.0724575 0.0172182 0.0290852 0.036476 0.0241938
internal_weight=348936 95716 253220 80950 137174 62713 14766 116046 79823 11487 64583 1512 18237 76576 57351 46648 3279 25378 9594 15784 37335 15751 21584 9975 1756 80 8219 3199 1274 1925
internal_count=348936 95716 253220 80950 137174 62713 14766 116046 79823 11487 64583 1512 18237 76576 57351 46648 3279 25378 9594 15784 37335 15751 21584 9975 1756 80 8219 3199 1274 1925
cat_boundaries=0 3 6 9 12 15 18 21 23 26
cat_threshold=351933202 1581663255 7 67340320 2153581073 1 1428367237 3396152912 7 1646797863 808485900 2 2738908025 808515181 6 1310229160 298685333 1 2699757574 446058273 6 462524674 72008394 1265865258 152290242 4
is_linear=0
shrinkage=0.05


Tree=29
num_leaves=31
num_cat=9
split_feature=9 9 9 9 9 6 6 6 9 6 6 6 0 6 0 9 6 0 6 6 0 0 6 0 0 0 7 9 0 9
split_gain=3375.92 1097.71 521.805 229.564 208.586 164.81 151.535 114.538 102.326 86.5311 71.4396 67.5674 67.3941 65.0271 63.457 56.9825 55.6261 53.387 49.0983 46.5609 56.0033 46.5308 44.5701 72.8237 71.0949 44.4932 43.7946 42.8797 52.3342 42.8389
threshold=1.0700000000000001 1.9300000000000004 0.58500000000000008 1.5350000000000004 2.7300000000000004 2.5000000000000004 1.0000000180025095e-35 1.0000000180025095e-35 0.41500000000000009 1.5000000000000002 1.0000000180025095e-35 2.5000000000000004 0 1.5000000000000002 1 4.3100000000000014 3.5000000000000004 2 4.5000000000000009 5.5000000000000009 3 4 4.5000000000000009 5 6 7 2.5000000000000004 0.93000000000000005 8 0.93000000000000005
decision_type=2 2 2 2 2 2 2 2 2 2 2 2 1 2 1 2 2 1 2 2 1 1 2 1 1 1 2 2 1 2
left_child=2 3 8 5 9 10 27 12 -1 14 -2 29 -5 -10 -3 22 17 -9 -7 20 -11 -18 23 -6 -24 -21 -17 -4 -29 -8
right_child=1 4 6 7 15 18 11 16 13 19 -12 -13 -14 -15 -16 26 21 -19 -20 25 -22 -23 24 -25 -26 -27 -28 28 -30 -31
leaf_value=-0.0090581313646774363 0.0059588613990737274 0.025766368278330655 -0.00069372350328819762 0.0053427314247027242 0.040006188567649058 -0.00088761504349321718 -0.0036445484333573392 0.010548139530428749 -0.0049086108745052086 0.016931666378541082 0.0026375671721153154 -0.0071574318461458458 0.015687918434244122 -0.0097788169686288326 0.014951513358275728 0.092334287868518591 -0.0053471102187360132 0.0050124548011588463 -0.010232327177271518 0.018223114598785405 0.0087757535472964918 0.0057762691430966332 0.032818880095133333 0.023354577564755907 0.0062859660781303299 -0.0079590341044457197 0.010596262728390487 -0.00099377159469651107 0.0045683426305766694 -0.00065777621207475912
leaf_weight=28531 28772 2351 43925 2138 1078 11731 36024 7753 58643 4060 37026 9822 6360 7761 3553 57 1708 10101 1597 220 4560 2067 429 2099 633 541 23 7273 10094 18006
leaf_count=28531 28772 2351 43925 2138 1078 11731 36024 7753 58643 4060 37026 9822 6360 7761 3553 57 1708 10101 1597 220 4560 2067 429 2099 633 541 23 7273 10094 18006
internal_value=4.67979e-06 0.00643198 -0.00375853 0.00447712 0.0173264 0.00306288 -0.001638 0.0081915 -0.00655382 0.0145849 0.0040899 -0.00334266 0.0131099 -0.00547782 0.019327 0.0270289 0.00625906 0.00742501 -0.00200733 0.0116004 0.012647 0.000744629 0.0262399 0.0292041 0.0173723 -0.000255074 0.0688346 0.00013785 0.00224108 -0.00264918
internal_weight=348936 128857 220079 109253 19604 79126 125144 30127 94935 15285 65798 63852 8498 66404 5904 4319 21629 17854 13328 9381 8620 3775 4239 3177 1062 761 80 61292 17367 54030
internal_count=348936 128857 220079 109253 19604 79126 125144 30127 94935 15285 65798 63852 8498 66404 5904 4319 21629 17854 13328 9381 8620 3775 4239 3177 1062 761 80 61292 17367 54030
cat_boundaries=0 3 6 9 11 14 17 19 21 23
cat_threshold=4325664 2153590273 3 1243254790 1662483604 1 3340896044 2162757337 6 921910168 512510761 3599975948 2772532270 6 3372847202 1281508492 3 2524056837 2541815139 1099170958 269564418 3087056489 1229466542
is_linear=0
shrinkage=0.05


Tree=30
num_leaves=31
num_cat=9
split_feature=9 9 9 9 6 6 9 9 6 9 6 6 6 0 0 6 6 9 6 0 6 0 0 0 8 9 0 0 3 0
split_gain=3065.16 935.814 610.44 185.273 173.64 150.115 131.11 121.273 89.6774 82.9226 67.1728 64.3586 59.6745 91.0206 54.1089 73.5776 53.6526 60.1752 53.4855 52.3553 51.7446 50.0192 49.7205 48.3968 46.7253 43.6831 41.8452 41.3717 41.2717 76.5615
threshold=1.3650000000000002 0.77500000000000013 2.3650000000000007 0.53500000000000003 1.5000000000000002 2.5000000000000004 1.8150000000000002 1.0700000000000001 2.5000000000000004 3.3100000000000005 5.5000000000000009 4.5000000000000009 1.5000000000000002 0 1 7.5000000000000009 1.0000000180025095e-35 1.0000000180025095e-35 1.0000000180025095e-35 2 1.0000000180025095e-35 3 4 5 6.5000000000000009 1.0700000000000001 6 7 6.5000000000000009 8
decision_type=2 2 2 2 2 2 2 2 2 2 2 2 2 1 1 2 2 2 2 1 2 1 1 1 2 2 1 1 2 1
left_child=1 3 5 16 7 6 18 -3 20 12 21 25 13 -4 24 -16 17 -1 19 -2 -5 -7 -8 -12 -11 -6 -20 -9 -14 -30
right_child=2 4 9 8 11 10 22 27 -10 14 23 -13 28 -15 15 -17 -18 -19 26 -21 -22 -23 -24 -25 -26 -27 -28 -29 29 -31
leaf_value=-0.014271971583366395 0.013600861328908288 0.00027418148699059105 0.010050502389551423 -0.0022910284100768107 -0.0033532393817453671 0.0090188957845666728 0.017349848830393956 0.0020535286767156833 -0.011856044252487121 0.023234091745777209 -0.02112377244323127 -0.012540408351325194 0.018545630480981436 0.03267345964191145 0.0462501075366386 -0.022619237421398486 -0.010017494456704896 -0.0060755737622876773 0.0031111746300755295 0.0071945018678065478 -0.0049337757176569587 0.0025241175424871322 0.010612460510529985 -9.2641194636894122e-05 -0.052808815648867968 -0.00011234156226793539 0.0077906261470371708 0.0053538148469185615 0.031152507691565134 -0.0031495839816859461
leaf_weight=2372 5685 60988 653 45267 21439 4118 5218 17400 3247 531 434 1438 4636 1623 717 41 14953 40026 8183 7493 31350 10621 6119 723 21 20188 11632 21013 214 593
leaf_count=2372 5685 60988 653 45267 21439 4118 5218 17400 3247 531 434 1438 4636 1623 717 41 14953 40026 8183 7493 31350 10621 6119 723 21 20188 11632 21013 214 593
internal_value=4.76061e-06 -0.00232718 0.00942213 -0.00527423 0.00051125 0.00760455 0.00909935 0.00166021 -0.0037173 0.0215459 0.0034359 -0.00214074 0.0195719 0.0263705 0.0331773 0.0419713 -0.00744234 -0.00653413 0.0075054 0.00997399 -0.00337238 0.00434656 0.0137381 -0.00816496 0.0199792 -0.00178149 0.00586365 0.00386081 0.0167291 0.00629363
internal_weight=348936 279681 69255 137215 142466 60226 44330 99401 79864 9029 15896 43065 7719 2276 1310 758 57351 42398 32993 13178 76617 14739 11337 1157 552 41627 19815 38413 5443 807
internal_count=348936 279681 69255 137215 142466 60226 44330 99401 79864 9029 15896 43065 7719 2276 1310 758 57351 42398 32993 13178 76617 14739 11337 1157 552 41627 19815 38413 5443 807
cat_boundaries=0 3 6 9 11 13 16 19 22 25
cat_threshold=2282826188 202702866 4 2521982004 146807149 5 885386056 3909271986 4 2147883008 2577924830 1806804127 1141226067 672274961 2828686954 2 3669809350 2197967010 1 1639483164 1818413071 6 85207104 473973122 2
is_linear=0
shrinkage=0.05


Tree=31
num_leaves=31
num_cat=9
split_feature=9 9 9 9 6 6 9 6 9 6 9 6 9 0 3 0 0 9 0 9 6 6 6 0 0 0 0 6 0 3
split_gain=2766.73 844.58 552.159 167.209 162.187 138.304 99.299 83.3424 83.1218 80.9338 80.8691 70.6671 68.9288 59.73 57.7129 87.4035 51.5641 50.9227 58.7322 49.5883 59.7441 47.7387 46.6996 45.8504 43.9454 43.7642 43.1126 42.7198 49.3683 42.5999
threshold=1.3650000000000002 0.77500000000000013 2.1550000000000007 0.53500000000000003 1.0000000180025095e-35 1.5000000000000002 3.0700000000000007 3.5000000000000004 1.5850000000000002 2.5000000000000004 1.0700000000000001 5.5000000000000009 1.0700000000000001 0 6.5000000000000009 1 2 1.6900000000000002 3 0.15500000000000005 1.5000000000000002 1.0000000180025095e-35 1.0000000180025095e-35 4 5 6 7 5.5000000000000009 8 1.5000000000000002
decision_type=2 2 2 2 2 2 2 2 2 2 2 2 2 1 2 1 1 2 1 2 2 2 2 1 1 1 1 2 1 2
left_child=1 3 5 19 10 8 14 12 16 22 23 17 -6 -10 27 -16 -2 18 -7 -1 -21 -8 -5 -3 -19 -12 -23 28 -4 -28
right_child=2 4 6 9 7 11 21 -9 13 -11 25 -13 -14 -15 15 -17 -18 24 -20 20 -22 26 -24 -25 -26 -27 29 -29 -30 -31
leaf_value=-0.010139619683028716 0.0044609788229645264 -0.00076164152326614219 0.024562163467975823 -0.0021764766808887188 -0.0018890836099906825 -0.00081926553098647442 0.051226888392271186 -0.0069500419097779506 0.01637229552819195 -0.011263241536954311 0.0025312819232675863 -0.0084470245131354742 0.0011388176473548374 0.0091166073860344775 0.021606527528291598 -0.0042457719472290224 0.0097432295365981088 0.010360764535152592 0.0056470267431985438 -0.0058822374330462363 -0.012984971880800215 0.017581834785329802 -0.004687087059401249 0.002695728660424892 0.0043319490446376884 0.0069546950390488686 0.054316952249414664 0.0047144729281036581 0.015780823199551632 0.02852717955519098
leaf_weight=10703 8889 18350 2760 45267 42328 6140 201 5441 5568 3247 10857 1030 33808 6017 563 759 9762 5932 8197 43471 3177 1025 31350 20072 6264 11610 189 545 4366 1048
leaf_count=10703 8889 18350 2760 45267 42328 6140 201 5441 5568 3247 10857 1030 33808 6017 563 759 9762 5932 8197 43471 3177 1025 31350 20072 6264 11610 189 545 4366 1048
internal_value=4.70619e-06 -0.00221081 0.00895189 -0.00501052 0.000485714 0.00696427 0.01898 -0.000971783 0.0092995 -0.00353143 0.00243842 0.00440259 -0.000544552 0.0126258 0.0165439 0.00689527 0.00723334 0.0049014 0.00288112 -0.00707022 -0.00636597 0.027875 -0.00320376 0.00104502 0.00727635 0.00482134 0.0258 0.0182067 0.0192386 0.0322072
internal_weight=348936 279681 69255 137215 142466 57799 11456 81577 30236 79864 60889 27563 76136 11585 8993 1322 18651 26533 14337 57351 46648 2463 76617 38422 12196 22467 2262 7671 7126 1237
internal_count=348936 279681 69255 137215 142466 57799 11456 81577 30236 79864 60889 27563 76136 11585 8993 1322 18651 26533 14337 57351 46648 2463 76617 38422 12196 22467 2262 7671 7126 1237
cat_boundaries=0 3 6 9 11 14 16 19 22 25
cat_threshold=2876679819 612531498 4 1830041669 2085897368 6 2585059347 935221475 1 1969838980 1096840508 3171724257 3373344061 4 883235593 3531310717 565571341 740853339 6 151959060 3499354614 5 1014645426 1101089668 1
is_linear=0
shrinkage=0.05


Tree=32
num_leaves=31
num_cat=9
split_feature=9 9 9 9 6 6 6 9 0 9 9 9 6 3 0 6 6 0 0 9 6 0 0 0 6 0 6 3 8 0
split_gain=2502.86 646.218 565.953 174.14 136.592 133.138 91.6096 89.6233 84.8497 82.6356 80.8407 78.8548 56.34 52.0477 79.0205 51.1774 48.8406 48.1476 47.2709 43.2387 42.4628 41.7307 41.1864 40.3706 40.2149 39.4431 53.7261 39.0127 39.1961 38.8707
threshold=1.155 2.1550000000000007 0.69000000000000006 1.6900000000000002 1.0000000180025095e-35 2.5000000000000004 1.0000000180025095e-35 3.0700000000000007 0 0.93000000000000005 0.93000000000000005 0.36500000000000005 4.5000000000000009 6.5000000000000009 1 1.5000000000000002 1.0000000180025095e-35 2 3 4.4650000000000007 3.5000000000000004 4 5 6 2.5000000000000004 7 2.5000000000000004 1.5000000000000002 5.5000000000000009 8
decision_type=2 2 2 2 2 2 2 2 1 2 2 2 2 2 1 2 2 1 1 2 2 1 1 1 2 1 2 2 2 1
left_child=2 3 11 5 10 16 8 13 -5 20 -4 -1 21 29 -15 -13 22 -14 -12 25 -6 -8 -2 -18 -11 26 -9 -28 -29 -3
right_child=1 7 4 6 9 -7 12 19 -10 24 18 15 17 14 -16 -17 23 -19 -20 -21 -22 -23 -24 -25 -26 -27 27 28 -30 -31
leaf_value=-0.0078488239811700684 0.0039364865805492895 0.012905103965747223 -0.00057755179534483311 0.005924911149630183 -0.003455575223601379 -0.00078545420307745057 0.0035026317866311859 0.048664786592989721 0.018559694962069807 0.00020072041907618607 0.0055122995494231442 -0.0042012952406684243 -0.01141043769807874 0.020545054929750284 -0.0040362440437459665 -0.0085173652177683509 0.0016949996228954795 0.0056864697974819099 0.0013538111167698706 0.072507097829133269 -0.01292006482753863 0.0094384650348669791 0.0086926553696510204 0.0055134893590820661 -0.0035734059153761399 0.019694014852708979 0.05500575000316732 0.022628844511702335 -0.038195720551967891 0.020337838805616938
leaf_weight=28500 7152 3181 43864 2045 40304 11989 3902 376 3962 33448 10389 58772 705 563 759 7777 12867 962 19999 50 1221 12818 12810 15048 8946 1429 90 490 28 4490
leaf_count=28500 7152 3181 43864 2045 40304 11989 3902 376 3962 33448 10389 58772 705 563 759 7777 12867 962 19999 50 1221 12818 12810 15048 8946 1429 90 490 28 4490
internal_value=4.67993e-06 0.00689235 -0.00259883 0.00537749 -0.000766423 0.00392652 0.00893837 0.0180343 0.0142991 -0.00214853 0.000795629 -0.00564813 0.00718702 0.0157199 0.00655707 -0.00470568 0.00510645 -0.00157841 0.00277777 0.0264848 -0.00373387 0.00806094 0.00699494 0.003756 -0.000595697 0.0255312 0.0334679 0.0246203 0.019341 0.017299
internal_weight=348936 95716 253220 84260 158171 59866 24394 11456 6007 83919 74252 95049 18387 8993 1322 66549 47877 1667 30388 2463 41525 16720 19962 27915 42394 2413 984 608 518 7671
internal_count=348936 95716 253220 84260 158171 59866 24394 11456 6007 83919 74252 95049 18387 8993 1322 66549 47877 1667 30388 2463 41525 16720 19962 27915 42394 2413 984 608 518 7671
cat_boundaries=0 3 6 9 11 14 17 19 21 23
cat_threshold=1152057636 3525116497 1 1830041669 2085897368 6 4000009004 1611947018 2 315244807 2495057921 135828562 153125248 2 1646961797 544254989 2 4240396422 3313654162 281135458 527336587 3246733575 3192030283
is_linear=0
shrinkage=0.05


Tree=33
num_leaves=31
num_cat=9
split_feature=9 9 9 9 6 6 9 9 6 9 6 6 6 9 0 0 6 0 0 6 0 0 6 0 6 8 6 0 0 9
split_gain=2269.65 690.699 454.718 138.229 136.834 121.634 111.805 108.037 70.1804 66.4767 58.3774 55.8692 46.9874 50.6961 46.3393 45.31 40.8943 44.3362 41.6732 39.2998 41.0524 39.0342 38.6887 38.1203 36.3629 35.8175 35.5203 99.7694 45.4971 36.0808
threshold=1.3650000000000002 0.77500000000000013 2.3650000000000007 0.53500000000000003 2.5000000000000004 3.5000000000000004 1.8150000000000002 1.0700000000000001 2.5000000000000004 3.6900000000000004 6.5000000000000009 1.0000000180025095e-35 1.0000000180025095e-35 1.0000000180025095e-35 0 1 1.0000000180025095e-35 2 3 1.0000000180025095e-35 4 5 1.0000000180025095e-35 6 4.5000000000000009 6.5000000000000009 1.5000000000000002 7 8 3.2250000000000005
decision_type=2 2 2 2 2 2 2 2 2 2 2 2 2 2 1 1 2 1 1 2 1 1 2 1 2 2 2 1 1 2
left_child=1 3 5 12 7 6 11 16 22 10 26 14 13 -1 -2 -7 18 -18 -3 21 -21 -9 -5 -8 -6 -11 27 -4 -28 -29
right_child=2 4 9 8 24 15 23 19 -10 25 -12 -13 -14 -15 -16 -17 17 -19 -20 20 -22 -23 -24 -25 -26 -27 28 29 -30 -31
leaf_value=-0.012658950686454774 0.0054865266332706324 0.0029357462872065653 0.012470364365406942 -0.0019488840387435801 -0.0030823521335838623 -0.0034906123266578229 0.014172011061560671 0.0066321440975298171 -0.010388900236346225 0.0361802087373767 -0.0018706408801858259 0.004625139033163108 -0.0088164867166451426 -0.005135767525012172 0.011457844775972276 0.0042444074009223556 -0.0032574636070662466 0.00022247477133219707 -0.00041645406337532937 0.0041865685036532345 0.00015067822734256782 0.002440978181202032 -0.0042340369728383455 0.0088679213608331212 -0.011395381721609657 -0.031797159947454932 0.009120129402084131 0.030586488093601184 0.019097295502575849 0.058252790112358836
leaf_weight=2372 6250 15608 1155 45267 15438 3555 6161 10230 3247 623 376 25352 14953 40026 6928 4028 17008 19809 22814 9611 18273 12237 31350 7952 1438 20 1707 1099 3917 132
leaf_count=2372 6250 15608 1155 45267 15438 3555 6161 10230 3247 623 376 25352 14953 40026 6928 4028 17008 19809 22814 9611 18273 12237 31350 7952 1438 20 1707 1099 3917 132
internal_value=4.62923e-06 -0.00200201 0.00810831 -0.00453386 0.000436517 0.00653959 0.00739241 0.00100454 -0.00318905 0.0185721 0.0173841 0.00599784 -0.00640659 -0.00555666 0.00863865 0.000619133 -0.000195124 -0.00138594 0.000945951 0.0027972 0.00154332 0.0043534 -0.00288392 0.0111997 -0.0037907 0.0340658 0.0182879 0.0233998 0.0161192 0.0332828
internal_weight=348936 279681 69255 137215 142466 60226 52643 125590 79864 9029 8386 38530 57351 42398 13178 7583 75239 36817 38422 50351 27884 22467 76617 14113 16876 643 8010 2386 5624 1231
internal_count=348936 279681 69255 137215 142466 60226 52643 125590 79864 9029 8386 38530 57351 42398 13178 7583 75239 36817 38422 50351 27884 22467 76617 14113 16876 643 8010 2386 5624 1231
cat_boundaries=0 3 6 9 12 15 18 21 24 26
cat_threshold=3407483957 385694273 3 1727622670 539318379 6 3268871310 2492330042 5 1117934612 913101506 3 3540077569 337171496 7 2655654098 3554089380 1 3801198223 1140922971 4 4203949021 244652050 1 1635815938 1489674444
is_linear=0
shrinkage=0.05


Tree=34
num_leaves=31
num_cat=11
split_feature=9 9 9 9 6 6 9 9 6 9 0 6 6 0 6 6 0 6 9 0 0 0 0 0 3 0 0 9 0 9
split_gain=2048.6 623.368 410.521 124.752 124.329 109.786 103.215 80.1133 63.479 60.4726 49.1363 52.2847 48.9564 56.6485 48.161 45.944 68.7783 42.4062 45.7532 41.2114 40.9888 36.6287 34.9335 34.6707 36.5896 68.8199 42.271 31.1602 40.1065 30.1437
threshold=1.3650000000000002 0.77500000000000013 2.3650000000000007 0.53500000000000003 1.5000000000000002 3.5000000000000004 1.6900000000000002 1.0700000000000001 1.5000000000000002 3.5350000000000006 0 7.5000000000000009 4.5000000000000009 1 4.5000000000000009 1.0000000180025095e-35 2 1.0000000180025095e-35 1.0000000180025095e-35 3 4 5 6 7 4.5000000000000009 8 9 1.0700000000000001 10 4.4650000000000007
decision_type=2 2 2 2 2 2 2 2 2 2 1 2 2 1 2 2 1 2 2 1 1 1 1 1 2 1 1 2 1 2
left_child=1 3 5 17 7 6 21 -3 -5 12 -11 29 23 -14 27 16 -8 18 -1 -7 -17 -2 -9 24 26 -26 -4 -6 -29 -12
right_child=2 4 9 8 14 19 15 22 -10 10 11 -13 13 -15 -16 20 -18 -19 -20 -21 -22 -23 -24 -25 25 -27 -28 28 -30 -31
leaf_value=-0.012026003003120423 0.00319167668183039 0.000260429629946564 0.0080041216309059242 -0.0024023006700395408 -0.0028460199968784491 0.0044006077508828905 0.0052571388695154195 0.0016081768107262901 -0.0061973249243566578 0.013075377267142314 0.040328382009821681 -0.024774517213615281 -0.0049471349199771567 0.015346549933609203 -0.010825612171137283 0.010887190296732432 0.016590211367683388 -0.0083756624436542703 -0.0048789795628657491 -0.0029665934900386798 0.0057898181470756281 0.0066995724058438559 0.0046285697835528553 0.021581072289983905 0.021652560020302997 -0.0013731514701739421 0.024506431635634447 0.0031891288577655902 -0.0016132430720659854 0.094536847538418248
leaf_weight=2372 13677 60988 633 66663 21439 3657 1957 18500 13201 326 511 30 536 942 1438 7429 4457 14953 40026 3926 8619 16504 19913 3529 533 811 1151 6321 13867 27
leaf_count=2372 13677 60988 633 66663 21439 3657 1957 18500 13201 326 511 30 536 942 1438 7429 4457 14953 40026 3926 8619 16504 19913 3529 533 811 1151 6321 13867 27
internal_value=4.53281e-06 -0.00190189 0.00770348 -0.00430717 0.000414736 0.00621295 0.00702317 0.00138696 -0.00302959 0.0176457 0.0299892 0.0387838 0.0162892 0.00805736 -0.00182932 0.0095895 0.0131664 -0.00608626 -0.00527883 0.000588226 0.0081599 0.00511319 0.00317555 0.0181169 0.0140945 0.00790921 0.0188333 -0.00151854 -0.000108807 0.0430489
internal_weight=348936 279681 69255 137215 142466 60226 52643 99401 79864 9029 894 568 8135 1478 43065 22462 6414 57351 42398 7583 16048 30181 38413 6657 3128 1344 1784 41627 20188 538
internal_count=348936 279681 69255 137215 142466 60226 52643 99401 79864 9029 894 568 8135 1478 43065 22462 6414 57351 42398 7583 16048 30181 38413 6657 3128 1344 1784 41627 20188 538
cat_boundaries=0 3 6 9 12 14 17 20 22 24 26 29
cat_threshold=2193630269 3225425996 1 965411442 1309034524 2 77795616 2451375688 3 2567344497 2681906068 1 4104194958 3292879486 4264837271 1198551332 1 1706592028 1817364623 6 3875646409 882483411 1124073544 881852419 1124073480 881852418 1644709381 1146148898 5
is_linear=0
shrinkage=0.05


Tree=35
num_leaves=31
num_cat=10
split_feature=9 9 9 6 9 6 6 9 9 9 6 0 6 0 9 0 9 0 0 0 0 0 9 3 6 6 6 0 0 6
split_gain=1853.87 489.441 422.335 121.083 120.622 106.429 65.4585 64.8727 63.3615 60.711 59.3254 58.0267 53.4853 47.6761 45.8142 45.8279 45.5872 58.0345 53.9045 42.7079 41.8535 40.6735 39.9646 40.5216 39.8686 35.94 33.4567 68.4167 65.4215 30.2791
threshold=1.155 1.9300000000000004 0.69000000000000006 1.0000000180025095e-35 2.7300000000000004 1.0000000180025095e-35 3.5000000000000004 0.27000000000000007 0.93000000000000005 0.93000000000000005 1.5000000000000002 0 1.0000000180025095e-35 1 1.5350000000000004 2 1.5350000000000004 3 4 5 6 7 4.3100000000000014 2.5000000000000004 4.5000000000000009 3.5000000000000004 4.5000000000000009 8 9 2.5000000000000004
decision_type=2 2 2 2 2 2 2 2 2 2 2 1 2 1 2 1 2 1 1 1 1 1 2 2 2 2 2 1 1 2
left_child=2 3 7 16 10 9 14 -1 25 -4 11 -3 -9 -8 21 -16 18 -18 -2 24 -11 -5 26 -24 -12 -7 27 -6 -28 -10
right_child=1 4 5 6 22 8 13 12 29 20 19 -13 -14 -15 15 -17 17 -19 -20 -21 -22 -23 23 -25 -26 -27 28 -29 -30 -31
leaf_value=-0.0085310936346129594 0.00038919748075050427 0.020774917004080268 -0.00046438699355242789 0.0043383797343998628 0.013486976960737751 -0.0030053955682121888 0.002606710391258473 -0.003493263544429975 0.00017757169520640575 0.0051146933640207641 0.014224831071461495 0.010568669566687807 -0.0061451578973657764 -0.0055160741990878098 0.008697988538385654 0.0034563998934705881 0.0043786396471567563 0.013054630125644973 0.0071358903341750164 0.0051576722115052433 0.0011529268481369011 0.00041666445969920402 0.10814773774147034 0.031374969665299762 0.0020908266952021494 -0.011712666646707851 0.026237062886986309 0.028675050134515802 0.0011458340528298523 -0.0030972972752102905
leaf_weight=10735 3966 2428 43864 11900 1369 40304 3434 55352 33448 9882 3652 3476 28962 3793 6702 11152 3026 5472 11785 4898 20506 14882 25 55 831 1221 449 1808 613 8946
leaf_count=10735 3966 2428 43864 11900 1369 40304 3434 55352 33448 9882 3652 3476 28962 3793 6702 11152 3026 5472 11785 4898 20506 14882 25 55 831 1221 449 1808 613 8946
internal_value=4.52896e-06 0.00593232 -0.00223615 0.00411775 0.0129773 -0.000653227 0.00275411 -0.00487029 -0.00187323 0.000725612 0.0108925 0.014819 -0.00440419 -0.00166046 0.00346887 0.00543078 0.00703428 0.00998577 0.00544189 0.00842132 0.00244333 0.00216097 0.0203556 0.0553665 0.0119489 -0.00326142 0.0196948 0.0222631 0.0120119 -0.000513493
internal_weight=348936 95716 253220 76112 19604 158171 51863 95049 83919 74252 15285 5904 84314 7227 44636 17854 24249 8498 15751 9381 30388 26782 4319 80 4483 41525 4239 3177 1062 42394
internal_count=348936 95716 253220 76112 19604 158171 51863 95049 83919 74252 15285 5904 84314 7227 44636 17854 24249 8498 15751 9381 30388 26782 4319 80 4483 41525 4239 3177 1062 42394
cat_boundaries=0 3 6 9 12 15 17 19 22 24 27
cat_threshold=1243254806 1930914964 1 690290003 2679899009 1 1159857956 2162757336 6 4426016 2220699297 7 1109925927 808453132 2 2532649866 512502571 315244807 2495025153 2734705145 741656171 6 41052693 2476026723 2523008261 2541815139 5
is_linear=0
shrinkage=0.05


Tree=36
num_leaves=31
num_cat=9
split_feature=9 9 9 6 9 6 9 9 6 6 9 0 3 0 0 0 6 0 6 6 9 0 9 3 8 0 6 0 0 6
split_gain=1676.51 510.535 340.303 107.317 104.948 93.868 80.3611 64.2339 58.6584 54.7157 50.9697 49.7261 45.7706 72.084 45.68 41.855 38.5526 39.1759 47.5792 36.3349 44.3759 35.3756 35.1842 53.3266 32.6684 31.5423 31.308 40.1446 37.8971 30.3102
threshold=1.3650000000000002 0.77500000000000013 2.1550000000000007 2.5000000000000004 0.46500000000000002 1.5000000000000002 1.0700000000000001 3.0700000000000007 2.5000000000000004 5.5000000000000009 1.5850000000000002 0 6.5000000000000009 1 2 3 1.0000000180025095e-35 4 7.5000000000000009 1.5000000000000002 0.27000000000000007 5 4.3100000000000014 4.5000000000000009 5.5000000000000009 6 1.0000000180025095e-35 7 8 1.0000000180025095e-35
decision_type=2 2 2 2 2 2 2 2 2 2 2 1 2 1 1 1 2 1 2 2 2 1 2 2 2 1 2 1 1 2
left_child=1 4 5 6 19 10 26 12 -6 15 14 -12 21 -14 -2 -7 -9 -18 22 20 -1 -4 -19 -24 -13 -5 28 -28 -3 -8
right_child=2 3 7 25 8 9 29 16 -10 -11 11 24 13 -15 -16 -17 17 18 -20 -21 -22 -23 23 -25 -26 -27 27 -29 -30 -31
leaf_value=-0.0081045389547423543 0.0026820905805587641 0.0024786819370276429 0.0096429953199016673 -0.0056316622889093374 -0.0024487461850286329 0.00096184900483001147 0.0037922054710256385 0.042981233721858463 -0.0093088092608147946 -0.0080082533463414138 0.013936005636902888 0.0067801539362163368 0.018167286603804848 -0.0054255035179132816 0.0077411280112839641 0.0051596098473647815 0.0082269739251488432 0.024616642076707385 -0.013832864022071038 -0.01073530559972018 -0.004513523726021474 0.016895757211887599 0.11655251086474612 0.010782023214481094 0.034005205067140713 -0.001299899590492609 -0.002924282843693646 0.00038081407206281095 -0.0006639968326514385 0.0013243564303646142
leaf_weight=10735 7491 18421 2715 8038 76744 9004 22467 201 3248 1030 4666 6807 539 783 11160 17529 566 1569 79 3169 43319 4956 26 22 112 8838 17570 19247 20001 27884
leaf_count=10735 7491 18421 2715 8038 76744 9004 22467 201 3248 1030 4666 6807 539 783 11160 17529 566 1569 79 3169 43319 4956 26 22 112 8838 17570 19247 20001 27884
internal_value=4.51928e-06 -0.00172011 0.00696928 0.000376402 -0.00389684 0.00540889 0.000879446 0.0148419 -0.00272729 0.00329848 0.00733274 0.00993749 0.0128826 0.00429003 0.0057148 0.0037374 0.021996 0.0201313 0.0239146 -0.00553176 -0.00522669 0.0143634 0.0259067 0.0680744 0.00721043 -0.00336722 -0.000155215 -0.00119715 0.000843198 0.00242553
internal_weight=348936 279681 69255 142466 137215 57799 125590 11456 79992 27563 30236 11585 8993 1322 18651 26533 2463 2262 1696 57223 54054 7671 1617 48 6919 16876 75239 36817 38422 50351
internal_count=348936 279681 69255 142466 137215 57799 125590 11456 79992 27563 30236 11585 8993 1322 18651 26533 2463 2262 1696 57223 54054 7671 1617 48 6919 16876 75239 36817 38422 50351
cat_boundaries=0 3 6 9 12 15 17 20 23 26
cat_threshold=2876679307 612390954 4 1293171781 2084848792 6 2585051155 934693026 1 2070627462 1090547968 4 151552516 1083392356 5 3246733313 3192030219 2664471049 3367083729 5 3270968462 2492330042 5 1119048734 913103554 3
is_linear=0
shrinkage=0.05


Tree=37
num_leaves=31
num_cat=10
split_feature=9 9 9 6 6 9 9 9 9 6 0 6 6 0 7 0 6 0 6 0 0 9 0 0 9 0 7 0 5 3
split_gain=1516.35 405.997 346.415 111.613 89.8481 82.7748 74.2644 72.4245 54.4017 49.752 90.2381 39.1305 38.9478 37.6861 37.2681 39.2194 46.8181 36.454 36.1744 35.7987 34.957 36.8817 42.606 34.7242 33.7478 33.2476 32.5374 31.7475 29.6063 48.578
threshold=1.155 2.0700000000000007 0.69000000000000006 2.5000000000000004 1.5000000000000002 1.5350000000000004 2.9300000000000002 0.93000000000000005 0.41500000000000009 1.0000000180025095e-35 0 5.5000000000000009 2.5000000000000004 1 5.5000000000000009 2 3.5000000000000004 3 5.5000000000000009 4 5 1.9300000000000004 6 7 0.93000000000000005 8 3.5000000000000004 9 6.5000000000000009 1.5000000000000002
decision_type=2 2 2 2 2 2 2 2 2 2 1 2 2 1 2 1 2 1 2 1 1 2 1 1 2 1 2 1 2 2
left_child=2 3 8 5 7 19 9 -4 -1 10 -3 25 -10 -13 15 16 -8 -9 23 -2 -7 -22 -23 -5 -6 -11 -17 -26 29 -18
right_child=1 6 4 18 24 20 14 17 12 11 -12 13 -14 -15 -16 26 28 -19 -20 -21 21 22 -24 -25 27 -27 -28 -29 -30 -31
leaf_value=-0.0062342100918432973 0.0018599013349531964 0.035000900627077135 -0.0009588283898050989 0.0038889212052514825 -0.004197360349817744 0.0052045921177602513 0.035442623919142456 -1.4608786789092895e-05 -0.0034509110001553914 0.0070794548226901276 0.010629168265067473 0.015581939905377771 -0.012065545521270349 -0.009399683167850335 -0.0019872581279103425 0.01266918526925391 0.068243725907127822 0.0027123335922823351 -0.008410084617210491 0.0049625201399803968 0.0079549925846524559 0.025633984968027757 0.0090746713780677016 -0.00071630720593633603 0.00089048251638165266 0.013264196632892872 0.031317766198694814 -0.0029031716684097889 -0.0023176174153672498 0.017035053553800694
leaf_weight=28531 17883 573 67042 6715 18347 12007 794 21324 65179 3966 1183 208 1339 482 188 1447 53 28826 1065 19452 11697 668 1006 10457 9499 5075 279 13133 151 367
leaf_count=28531 17883 573 67042 6715 18347 12007 794 21324 65179 3966 1183 208 1339 482 188 1447 53 28826 1065 19452 11697 668 1006 10457 9499 5075 279 13133 151 367
internal_value=4.39429e-06 0.00536548 -0.00202207 0.00397469 -0.000588467 0.00497588 0.0129901 0.000116215 -0.00440774 0.0110956 0.0188418 0.00969773 -0.00362432 -0.00177939 0.0196269 0.0209415 0.0273893 0.00155336 0.000531813 0.00347823 0.00717916 0.00894173 0.0158899 0.00108639 -0.00260372 0.0105736 0.0155933 -0.00131181 0.0166704 0.0234971
internal_weight=348936 95716 253220 80950 158171 62713 14766 117192 95049 11487 1756 9731 66518 690 3279 3091 1365 50150 18237 37335 25378 13371 1674 17172 40979 9041 1726 22632 571 420
internal_count=348936 95716 253220 80950 158171 62713 14766 117192 95049 11487 1756 9731 66518 690 3279 3091 1365 50150 18237 37335 25378 13371 1674 17172 40979 9041 1726 22632 571 420
cat_boundaries=0 3 5 7 10 13 16 18 20 23 26
cat_threshold=1176011432 273519253 1 1082458156 269531814 418945459 2269824150 1093668440 3897154158 4 1554936966 967380126 2 2865203320 366903981 1 1060867 1646341122 2315525192 3186102983 1460959113 2489946135 1 1351139893 1628567567 7
is_linear=0
shrinkage=0.05


Tree=38
num_leaves=31
num_cat=9
split_feature=9 9 9 6 9 6 9 6 9 0 6 9 6 0 0 6 9 6 0 0 3 0 9 0 3 8 6 0 9 0
split_gain=1373.7 417.517 282.565 92.3291 86.6817 80.7029 65.6995 55.5435 61.5686 49.7899 49.462 46.8321 49.0753 44.4385 41.3643 34.2506 36.134 33.7493 81.1902 40.267 36.017 52.4718 31.7174 39.4296 30.5983 30.5604 29.4945 34.4369 29.4105 28.6822
threshold=1.3650000000000002 0.77500000000000013 2.3650000000000007 2.5000000000000004 0.46500000000000002 1.0000000180025095e-35 1.0700000000000001 5.5000000000000009 1.8150000000000002 0 2.5000000000000004 3.7900000000000005 6.5000000000000009 1 2 1.0000000180025095e-35 1.0000000180025095e-35 1.0000000180025095e-35 3 4 5.5000000000000009 5 2.9300000000000002 6 6.5000000000000009 1.5000000000000002 1.0000000180025095e-35 7 1.5850000000000002 8
decision_type=2 2 2 2 2 2 2 2 2 1 2 2 2 1 1 2 2 2 1 1 2 1 2 1 2 2 2 1 2 1
left_child=1 4 5 6 15 14 -3 8 -7 -10 26 12 17 -9 -2 16 -1 18 -4 -19 -21 -22 23 24 -23 -13 27 -6 -16 -5
right_child=2 3 11 29 10 7 -8 13 9 -11 -12 25 -14 -15 28 -17 -18 19 -20 20 21 22 -24 -25 -26 -27 -28 -29 -30 -31
leaf_value=-0.010281210392713548 0.0051005169954117325 -0.00012978017726376171 0.04329614821234553 -0.0052925096832518517 -0.0029141270770869677 0.002955323109643488 0.002203694441510415 -0.019298493554411867 0.0038315283706775688 0.010071902519811351 -0.008505957770009934 0.045640058981508254 -0.0032488648629848769 0.00082975490587937567 0.0079724362780410583 -0.007073104614041802 -0.0039294527771102676 0.017978978583199613 0.012381171203380677 0.013168813872592526 -0.012634011253496594 0.041718878200713627 0.023068194139708832 -0.0072171156307490802 0.0031087976352896837 0.018500186152251578 -0.0033842833167176743 -0.00014412282026917536 0.013626833554749111 -0.0011620873203099021
leaf_weight=2372 7198 75239 328 8038 20393 29244 50351 434 6158 6737 3248 191 404 723 6005 14896 39955 2928 650 3074 366 94 297 357 113 227 31406 24945 3727 8838
leaf_count=2372 7198 75239 328 8038 20393 29244 50351 434 6158 6737 3248 191 404 723 6005 14896 39955 2928 650 3074 366 94 297 357 113 227 31406 24945 3727 8838
internal_value=4.35029e-06 -0.00155677 0.00630882 0.000339151 -0.00352525 0.00507222 0.000805746 0.00392769 0.00422443 0.0071026 -0.00246234 0.0145573 0.0137639 -0.00688014 0.00799919 -0.00501108 -0.0042854 0.0146014 0.0233187 0.0134221 0.0102542 0.0030359 0.0097307 0.00287976 0.0196906 0.0309014 -0.00220656 -0.00139074 0.0101275 -0.00313322
internal_weight=348936 279681 69255 142466 137215 60226 125590 43296 42139 12895 79992 9029 8611 1157 16930 57223 42327 8207 978 7229 4301 1227 861 564 207 418 76744 45338 9732 16876
internal_count=348936 279681 69255 142466 137215 60226 125590 43296 42139 12895 79992 9029 8611 1157 16930 57223 42327 8207 978 7229 4301 1227 861 564 207 418 76744 45338 9732 16876
cat_boundaries=0 3 6 9 12 15 17 20 23 26
cat_threshold=157054840 736150913 7 135404561 2828687082 2 3592552484 2532653645 3 1216876576 3495007014 1 159270005 723930145 2 8422272 2424373952 2181046280 1078989056 4 1528460412 1375815378 3 2664471049 3367083729 5
is_linear=0
shrinkage=0.05


Tree=39
num_leaves=31
num_cat=10
split_feature=9 9 9 6 9 6 6 6 0 9 9 0 6 9 0 6 0 0 9 0 0 8 9 0 0 7 0 7 6 9
split_gain=1239.99 333.91 284.446 91.6666 85.3207 81.0519 49.2832 47.5422 65.0906 46.9051 44.343 42.4231 42.2845 41.5144 38.5642 37.6048 85.2073 65.4451 45.2005 36.8258 36.3688 32.9369 32.0464 41.4506 35.935 34.172 32.4665 30.1448 29.5202 29.2159
threshold=1.155 1.9300000000000004 0.69000000000000006 1.0000000180025095e-35 2.5850000000000004 1.0000000180025095e-35 3.5000000000000004 1.5000000000000002 0 0.27000000000000007 0.93000000000000005 1 1.0000000180025095e-35 0.93000000000000005 2 3.5000000000000004 3 4 4.3100000000000014 5 6 4.5000000000000009 1.5350000000000004 7 8 1.5000000000000002 9 6.5000000000000009 3.5000000000000004 1.5850000000000002
decision_type=2 2 2 2 2 2 2 2 1 2 2 1 2 2 1 2 1 1 2 1 1 2 2 1 1 2 1 2 2 2
left_child=2 3 9 14 7 13 22 8 -3 -1 28 -8 -11 -4 -2 16 -6 -17 21 -15 -9 -18 24 -24 -5 -25 -27 -22 -7 -16
right_child=1 4 5 6 15 10 11 20 -10 12 -12 -13 -14 19 29 17 18 -19 -20 -21 27 -23 23 25 -26 26 -28 -29 -30 -31
leaf_value=-0.0071029305702372944 0.0035238266228682573 0.0063251882135100168 -0.00031002454622241007 0.0036190879055896293 0.0099691986482271684 -0.0025231973650381295 -0.005663357610183834 0.0018066340746441924 0.017295688537382725 -0.0027838211839614551 -0.00045641212412037176 0.0019976016748790223 -0.0051417449868813659 0.0044324965873739864 0.0065304829742239001 -0.00089627725397289362 0.027615636480440221 0.01743824471741055 0.094276281741137308 0.00079765335813406077 0.0091320043927087501 0.0074261896922273411 0.0015822503454949969 0.0083385050073117497 -4.8468326924242165e-05 -0.0042375570246419008 0.0062270144883371462 -0.021229628213198792 -0.010414574847516227 0.012487642437203607
leaf_weight=10735 10124 2574 43864 12709 1521 40304 3449 3007 2937 55352 42394 3778 28962 10827 11624 785 1714 1290 24 19561 5440 229 7479 7304 14073 1227 1844 83 1221 2501
leaf_count=10735 10124 2574 43864 12709 1521 40304 3449 3007 2937 55352 42394 3778 28962 10827 11624 785 1714 1290 24 19561 5440 229 7479 7304 14073 1227 1844 83 1221 2501
internal_value=4.19697e-06 0.0048522 -0.00182833 0.00335342 0.0106712 -0.000529259 0.00216692 0.00859492 0.0122146 -0.0039901 -0.00159392 -0.00166357 -0.00359377 0.000674014 0.00589106 0.0159116 0.0190824 0.0105818 0.0259466 0.00209444 0.00625635 0.0252361 0.00278711 0.00442797 0.00169325 0.00647159 0.00205243 0.00866005 -0.00275524 0.0075799
internal_weight=348936 95716 253220 76112 19604 158171 51863 14041 5511 95049 83919 7227 84314 74252 24249 5563 3488 2075 1967 30388 8530 1943 44636 17854 26782 10375 3071 5523 41525 14125
internal_count=348936 95716 253220 76112 19604 158171 51863 14041 5511 95049 83919 7227 84314 74252 24249 5563 3488 2075 1967 30388 8530 1943 44636 17854 26782 10375 3071 5523 41525 14125
cat_boundaries=0 3 6 9 12 15 17 20 22 25 27
cat_threshold=2485476856 2363528011 2 3604677292 1615035470 6 1646960933 813509645 3 3330433925 3130335544 4 957583482 610454210 1 315244807 2495057937 1766442001 3244430464 7 949285075 1040630054 2734706169 1010091627 6 3242853120 17896088
is_linear=0
shrinkage=0.05


Tree=40
num_leaves=31
num_cat=8
split_feature=9 9 9 6 9 6 9 9 6 9 0 3 0 6 3 6 0 0 6 0 0 8 6 9 5 0 9 3 6 0
split_gain=1125.8 341.442 232.03 79.9197 72.9913 69.5553 54.9019 53.6678 43.2305 41.3044 50.1861 41.432 40.2399 37.7828 46.2299 37.3642 77.0802 35.673 34.9116 41.1023 38.3329 33.0428 31.1625 32.9329 30.5897 29.8534 28.0977 28.147 28.0607 30.3091
threshold=1.3650000000000002 0.77500000000000013 2.3650000000000007 2.5000000000000004 0.53500000000000003 2.5000000000000004 1.8150000000000002 1.0700000000000001 2.5000000000000004 3.3100000000000005 0 4.5000000000000009 1 4.5000000000000009 6.5000000000000009 1.5000000000000002 2 3 5.5000000000000009 4 5 5.5000000000000009 1.5000000000000002 0.27000000000000007 2.5000000000000004 6 3.2250000000000005 1.5000000000000002 4.5000000000000009 7
decision_type=2 2 2 2 2 2 2 2 2 2 1 2 1 2 2 2 1 1 2 1 1 2 2 2 2 1 2 2 2 1
left_child=1 4 5 7 22 6 -2 -3 -6 15 11 -11 -8 25 24 16 26 -17 20 -20 -7 -14 23 -1 -15 -12 27 -4 29 -5
right_child=2 3 9 28 8 18 12 -9 -10 10 13 -13 21 14 -16 17 -18 -19 19 -21 -22 -23 -24 -25 -26 -27 -28 -29 -30 -31
leaf_value=-0.0067477836692727451 0.0045768919094993452 -0.00010609094951759546 0.0064906016519097123 0.00015195107406378437 -0.0019725964457580048 0.0060842529816997034 0.012034045331099669 0.0020029199850247368 -0.0078628922489961933 -0.010254290482494981 0.016291880469599909 0.026351229221160923 0.0054973992513782759 0.052818901987085422 -0.029955831359542325 0.004407001758183442 0.0091964398027769116 0.012773602521860087 -0.018423413078611096 0.00088406033920280461 0.00063884988507048807 0.031982406711637545 -0.0093630126138359339 -0.0036550691043719442 0.013405286209564266 0.042183051959835682 0.06062554602348616 0.030149316811162924 -0.009605643144900677 -0.004301964819850455
leaf_weight=10735 32993 75239 152 6938 76617 4781 4894 50351 3247 200 210 126 6323 62 51 2122 1334 3321 440 717 9958 120 3177 43439 239 422 63 727 1438 8500
leaf_count=10735 32993 75239 152 6938 76617 4781 4894 50351 3247 200 210 126 6323 62 51 2122 1334 3321 440 717 9958 120 3177 43439 239 422 63 727 1438 8500
internal_value=4.07911e-06 -0.00140918 0.00571143 0.000305336 -0.00318931 0.00459084 0.00560835 0.000739445 -0.00221208 0.013186 0.0213951 0.00377797 0.00861012 0.0269197 0.014065 0.0117929 0.0171725 0.00954338 0.00175326 -0.00661005 0.00240978 0.0059814 -0.00455016 -0.00426791 0.0215237 0.0345052 0.028072 0.0260582 -0.00292527 -0.00230302
internal_weight=348936 279681 69255 142466 137215 60226 44330 125590 79864 9029 1310 326 11337 984 352 7719 2276 5443 15896 1157 14739 6443 57351 54174 301 632 942 879 16876 15438
internal_count=348936 279681 69255 142466 137215 60226 44330 125590 79864 9029 1310 326 11337 984 352 7719 2276 5443 15896 1157 14739 6443 57351 54174 301 632 942 879 16876 15438
cat_boundaries=0 3 5 8 10 13 15 17 20
cat_threshold=2420130868 138414189 1 1269933215 1141226051 23647266 4049781229 2 1736479403 1495957708 739384849 2828686952 2 2483427328 3114795742 102762753 1166020882 1630430452 2806411554 2
is_linear=0
shrinkage=0.05


Tree=41
num_leaves=31
num_cat=11
split_feature=9 9 9 6 6 9 6 9 0 6 6 0 9 6 3 0 6 3 0 0 9 0 0 6 0 0 0 3 0 9
split_gain=1016.23 308.149 210.455 76.1095 67.7142 66.8374 51.4362 45.0927 45.4158 44.2016 43.536 41.5709 39.8072 37.897 37.3924 36.1115 35.7711 33.5609 73.4693 33.43 33.179 50.9336 31.4215 31.3721 62.9219 30.5482 27.58 27.5289 26.8494 28.3417
threshold=1.3650000000000002 0.77500000000000013 2.1550000000000007 1.0000000180025095e-35 1.0000000180025095e-35 0.41500000000000009 1.5000000000000002 3.3100000000000005 0 4.5000000000000009 3.5000000000000004 1 1.5850000000000002 6.5000000000000009 4.5000000000000009 2 7.5000000000000009 6.5000000000000009 3 4 1.8150000000000002 5 6 1.0000000180025095e-35 7 8 9 2.5000000000000004 10 2.0700000000000007
decision_type=2 2 2 2 2 2 2 2 1 2 2 1 2 2 2 1 2 2 1 1 2 1 1 2 1 1 1 2 1 2
left_child=1 5 4 22 11 -1 -7 13 14 20 -5 -2 -13 17 -9 -11 25 19 -19 -4 26 -22 -3 24 -21 -10 -6 -27 29 -14
right_child=2 3 7 10 9 6 -8 8 16 15 -12 12 28 -15 -16 -17 -18 18 -20 23 21 -23 -24 -25 -26 27 -28 -29 -30 -31
leaf_value=-0.0051836362567606771 0.0033747688695347101 0.0029683971360322595 0.0085252472108886673 -0.0003995960428793722 0.00074406384525300918 -0.0020173731444559331 -0.0051108934535002391 -0.0097415758189745259 0.044813043429938137 0.0034125509203288386 -0.005029196973408743 0.0064216456218786815 0.015064076965343155 -0.0057483020147324811 0.025033667884648794 -0.0078725139453645187 -0.012944457315773303 0.015848875498360164 -0.0067770200989037176 0.047038873328175815 0.0096365789701440881 0.0025954619301037014 0.00066495132617979107 0.013436943676335744 0.013359573216788831 0.038034892841312458 0.0039461618210905221 0.016077627836228674 0.0086994140890518934 0.035075477766569212
leaf_weight=28531 5587 25434 3579 76136 11194 92977 15707 200 224 1267 5441 6954 1663 347 126 1590 56 671 751 213 4956 5372 35455 4141 444 199 16897 505 2121 198
leaf_count=28531 5587 25434 3579 76136 11194 92977 15707 200 224 1267 5441 6954 1663 347 126 1590 56 671 751 213 4956 5372 35455 4141 444 199 16897 505 2121 198
internal_value=3.99259e-06 -0.00133873 0.00542648 0.000290054 0.00419938 -0.00302985 -0.00246445 0.0116176 0.0203477 0.00311658 -0.00070838 0.00690429 0.00869643 0.0104904 0.00358907 -0.00288351 0.0256031 0.0110654 0.00396327 0.012271 0.00356278 0.00598606 0.00162772 0.0150161 0.0251977 0.0282052 0.00267183 0.0219722 0.0126908 0.0171013
internal_weight=348936 279681 69255 142466 57799 137215 108684 11456 1310 41276 81577 16523 10936 10146 326 2857 984 9799 1422 8377 38419 10328 60889 4798 657 928 28091 704 3982 1861
internal_count=348936 279681 69255 142466 57799 137215 108684 11456 1310 41276 81577 16523 10936 10146 326 2857 984 9799 1422 8377 38419 10328 60889 4798 657 928 28091 704 3982 1861
cat_boundaries=0 3 6 9 12 15 18 21 24 27 29 31
cat_threshold=2420130868 138414189 1 1445068836 2522161733 3 1367642579 3480322453 1 1830041669 2084980123 6 1764042765 878347355 6 3802335621 2987866750 4 3670167574 2531711104 1 34117152 2147549956 1 1208320128 16941184 2 3115669703 3271704866 2689868505 539023746
is_linear=0
shrinkage=0.05


Tree=42
num_leaves=31
num_cat=11
split_feature=9 9 9 9 6 6 6 6 0 9 0 0 9 0 8 9 0 6 0 0 7 6 9 0 3 0 5 0 0 6
split_gain=928.654 317.365 146.674 86.0591 78.0133 61.9571 46.3491 38.7744 55.2854 35.3907 34.0685 32.6111 44.3909 46.4263 32.0065 34.3803 40.7628 50.4464 32.7554 30.0419 29.1485 29.0341 26.7358 26.4971 25.9925 25.8269 25.0137 54.5853 25.0045 23.7081
threshold=1.0700000000000001 1.8450000000000004 0.58500000000000008 2.5850000000000004 1.0000000180025095e-35 1.5000000000000002 4.5000000000000009 1.5000000000000002 0 0.31000000000000005 1 2 1.5850000000000002 3 5.5000000000000009 3.9300000000000002 4 3.5000000000000004 5 6 6.5000000000000009 2.5000000000000004 1.3650000000000002 7 2.5000000000000004 8 1.5000000000000002 9 10 1.0000000180025095e-35
decision_type=2 2 2 2 2 2 2 2 1 2 1 1 2 1 2 2 1 2 1 1 2 2 2 1 2 1 2 1 1 2
left_child=2 4 9 7 11 -4 22 8 -3 29 -8 -2 -13 -14 15 16 17 25 -19 20 -9 -11 23 -6 -17 -5 27 -10 -24 -1
right_child=1 3 5 14 6 -7 10 19 26 21 -12 12 13 -15 -16 24 -18 18 -20 -21 -22 -23 28 -25 -26 -27 -28 -29 -30 -31
leaf_value=-0.0042231716030772803 0.0024393950220689461 0.014961588272050748 -0.00022319399906736847 0.032602164317056113 -0.0012333894875789474 -0.0028344872633903275 0.0012294965795178467 0.0025287449847401331 -0.00511592273768555 -0.0026705700090456632 -0.010080385149008433 0.0047788251090068613 0.0015968922714500969 0.020936604429855756 -0.00137559369503074 0.055941069137770687 0.0095902451276454193 0.020132502971587276 -2.8695116758855997e-05 0.0071406935621872395 -0.030186039275503247 -0.010113946289916314 0.00022552979472998346 0.0015510691532774179 0.022120923592562892 0.017834187448398212 0.0053357356115062496 0.026534496742590587 0.0035021148909702565 -0.0078853014927379225
leaf_weight=22976 17215 2914 95322 617 13841 29822 1161 5149 206 65150 1557 17062 493 876 327 80 2741 356 458 6845 69 1337 8253 22293 196 788 5119 398 19843 5472
leaf_count=22976 17215 2914 95322 617 13841 29822 1161 5149 206 65150 1557 17062 493 876 327 80 2741 356 458 6845 69 1337 8253 22293 196 788 5119 398 19843 5472
internal_value=4.0093e-06 0.00337502 -0.00196973 0.00827939 0.00211954 -0.000845469 0.00111347 0.00679563 0.00935306 -0.00345173 -0.00528191 0.00400909 0.00547093 0.0141366 0.0138005 0.0147483 0.0137926 0.0188552 0.00903571 0.00496453 0.00209213 -0.00282025 0.0013841 0.00048458 0.0319239 0.0246785 0.00645991 0.0160944 0.00254097 -0.00492759
internal_weight=348936 128857 220079 26263 102594 125144 66948 20700 8637 94935 2718 35646 18431 1369 5563 5236 4960 2219 814 12063 5218 66487 64230 36134 276 1405 5723 604 28096 28448
internal_count=348936 128857 220079 26263 102594 125144 66948 20700 8637 94935 2718 35646 18431 1369 5563 5236 4960 2219 814 12063 5218 66487 64230 36134 276 1405 5723 604 28096 28448
cat_boundaries=0 2 5 8 10 13 16 19 21 24 27 29
cat_threshold=1260029573 1660958868 1279578483 1341131397 3 1102218805 746171993 6 139006210 3523477504 418190448 3295876687 5 14942208 2148602893 4 1264112688 1668316293 1 341345240 3771083476 403182640 1147274752 1 809771360 76546114 1 2293319879 50479394
is_linear=0
shrinkage=0.05


Tree=43
num_leaves=31
num_cat=12
split_feature=9 9 9 6 6 9 9 3 0 9 0 6 0 0 9 9 6 0 0 0 9 0 0 0 9 6 0 9 0 5
split_gain=840.227 227.62 191.344 72.4234 61.7479 47.5549 46.0635 36.1726 69.7592 34.2495 34.1271 38.8634 53.5703 34.0865 38.3415 33.7559 34.6589 31.8549 31.6502 30.0563 28.9794 32.4317 28.854 28.7034 27.9489 27.6045 26.6242 26.6167 34.4942 26.2132
threshold=1.155 2.0700000000000007 0.63500000000000012 2.5000000000000004 1.0000000180025095e-35 1.5350000000000004 3.0700000000000007 6.5000000000000009 0 0.93000000000000005 1 1.0000000180025095e-35 2 3 3.3100000000000005 0.15500000000000005 1.0000000180025095e-35 4 5 6 0.93000000000000005 7 8 9 2.5350000000000006 1.0000000180025095e-35 10 1.9300000000000004 11 2.5000000000000004
decision_type=2 2 2 2 2 2 2 2 1 2 1 2 1 1 2 2 2 1 1 1 2 1 1 1 2 2 1 2 1 2
left_child=2 3 15 5 20 17 7 10 -9 -6 24 12 29 -8 19 -1 -17 -2 27 -15 23 -22 -5 -4 -3 -16 -11 -7 -29 -12
right_child=1 6 4 22 9 18 13 8 -10 26 11 -13 -14 14 25 16 -18 -19 -20 -21 21 -23 -24 -25 -26 -27 -28 28 -30 -31
leaf_value=-0.0059237185370350715 0.00095468821273407296 0.0026664662052625805 0.0011405449286528619 -0.0019078621099083296 -0.0023887080741007809 0.0064321210588401366 0.0233404346505908 0.014288305790476694 -0.0058895781332827411 -0.0017210871295666179 0.013008889010796946 0.010193446212616183 0.012277265503215269 -0.012968305362595453 0.050258219353253808 -0.0022095411737469077 -0.0043451745293048112 0.003903157981879157 0.0037693707109323288 0.0093683569221956042 0.0044017653079879973 0.00077193274065306744 0.0020724102604945133 -0.0014197481241877597 0.011329145309567423 0.01559142392665294 0.00079174447037379497 0.022138936672752102 0.0065256100515913157 0.04682389430509145
leaf_weight=10703 16205 2502 20724 8671 41564 10360 961 686 1105 19577 75 5540 669 215 62 55335 28930 21130 13543 447 8569 21819 9566 23182 1483 778 22817 651 824 243
leaf_count=10703 16205 2502 20724 8671 41564 10360 961 686 1105 19577 75 5540 669 215 62 55335 28930 21130 13543 447 8569 21819 9566 23182 1483 778 22817 651 824 243
internal_value=4.01504e-06 0.00399474 -0.00150446 0.00295337 -0.000439726 0.00375986 0.00970374 0.00845422 0.00188597 -0.0013688 0.00957329 0.0118039 0.0209627 0.0159453 0.0109852 -0.00327871 -0.00294275 0.0026247 0.00542987 0.00205962 0.000610204 0.0017972 0.000180032 -0.000211332 0.0058755 0.0181502 -0.000368868 0.00732064 0.013611 0.0376642
internal_weight=348936 95716 253220 80950 158252 62713 14766 12303 1791 83958 10512 6527 987 2463 1502 94968 84265 37335 25378 662 74294 30388 18237 43906 3985 840 42394 11835 1475 318
internal_count=348936 95716 253220 80950 158252 62713 14766 12303 1791 83958 10512 6527 987 2463 1502 94968 84265 37335 25378 662 74294 30388 18237 43906 3985 840 42394 11835 1475 318
cat_boundaries=0 3 6 9 11 14 17 20 22 25 28 31 33
cat_threshold=755775565 2080404632 4 1996583937 4234155018 2 135826080 589957 1 2430716258 526779403 1487819910 967380124 2 1362654599 3928063312 2 151781505 9961872 4 46809350 2495025152 1357996981 1108573496 3 1281660604 720298029 1 131729880 2630653554 4 1061123 3793759232
is_linear=0
shrinkage=0.05


Tree=44
num_leaves=31
num_cat=10
split_feature=9 9 9 9 6 6 9 9 6 0 0 6 0 0 0 7 6 9 0 9 8 0 0 6 6 9 8 6 0 0
split_gain=759.5 261.025 123.257 70.233 67.4815 56.1238 39.2495 33.0016 32.6508 50.1845 32.0074 29.1993 72.0971 56.399 27.1816 30.6585 26.4649 26.8814 25.7762 25.5582 25.1431 24.4056 24.1489 35.9254 23.3942 22.9647 49.1392 21.3786 30.4965 28.4246
threshold=1.0700000000000001 1.8450000000000004 0.53500000000000003 2.5850000000000004 2.5000000000000004 1.5000000000000002 1.5350000000000004 0.93000000000000005 1.5000000000000002 0 1 3.5000000000000004 2 3 4 6.5000000000000009 1.0000000180025095e-35 1.0000000180025095e-35 5 4.3100000000000014 4.5000000000000009 6 7 1.0000000180025095e-35 3.5000000000000004 3.7900000000000005 2.5000000000000004 1.0000000180025095e-35 8 9
decision_type=2 2 2 2 2 2 2 2 2 1 1 2 1 1 1 2 2 2 1 2 2 1 1 2 2 2 2 2 1 1
left_child=2 4 16 8 6 7 27 -4 9 -3 -8 12 25 -13 -10 -16 17 -1 -9 20 22 -6 23 -14 -7 -5 -27 28 -2 -29
right_child=1 3 5 11 21 24 10 18 14 -11 -12 13 19 -15 15 -17 -18 -19 -20 -21 -22 -23 -24 -25 -26 26 -28 29 -30 -31
leaf_value=-0.0083080880343914029 -0.001077770856794101 0.0044951806984476171 -0.0010197178794928705 0.0061057928146810705 0.0011634052651869923 -0.0024829166349378835 0.001911116163098351 0.0027055233601024566 0.0070194183648360393 0.01215933031080779 0.0063121450554469855 -0.0028610762554855474 0.072249881589207157 0.014133682771370906 0.0026389590854928764 -0.028701847037772024 -0.0055828041944692413 -0.0028298564501319317 -0.00036063848468473911 0.076966924362239397 0.0052543255136352721 -0.0024061564249058566 0.019629315800621255 0.029521522339452117 -0.0073928765537718795 0.060876998240974811 -0.018675096059838931 0.0026752224709294175 0.0036425040609919601 -0.00010416821758989637
leaf_weight=2372 3970 4138 99469 1546 8906 32455 6724 11750 5618 4499 10828 781 58 1294 6366 79 14953 40026 16432 21 211 10338 1243 324 2622 55 30 17034 24802 19992
leaf_count=2372 3970 4138 99469 1546 8906 32455 6724 11750 5618 4499 10828 781 58 1294 6366 79 14953 40026 16432 21 211 10338 1243 324 2622 55 30 17034 24802 19992
internal_value=3.93152e-06 0.0030525 -0.00178102 0.00750031 0.00191391 -0.00107855 0.00253007 -0.000591793 0.0061599 0.00850671 0.00463084 0.012488 0.015282 0.00779143 0.0044796 0.0022513 -0.0037742 -0.00313634 0.000918577 0.0220011 0.0214922 -0.000754832 0.0236006 0.0350905 -0.00284994 0.00745127 0.0327998 0.00196968 0.00299209 0.0011752
internal_weight=348936 128857 220079 26263 102594 162728 83350 127651 20700 8637 17552 5563 3488 2075 12063 6445 57351 42398 28182 1857 1836 19244 1625 382 35077 1631 85 65798 28772 37026
internal_count=348936 128857 220079 26263 102594 162728 83350 127651 20700 8637 17552 5563 3488 2075 12063 6445 57351 42398 28182 1857 1836 19244 1625 382 35077 1631 85 65798 28772 37026
cat_boundaries=0 3 6 9 12 15 18 21 23 26 29
cat_threshold=2485418354 2628764512 5 2849277977 2215948843 2 3334628229 3147112760 4 957845626 610454208 1 2493590415 2425324394 6 548856278 926295041 2 135165026 2952581315 1 134778896 73401856 1075838976 673219592 2 4089540129 470872617 7
is_linear=0
shrinkage=0.05


Tree=45
num_leaves=31
num_cat=11
split_feature=9 9 9 6 6 6 0 9 9 0 5 0 0 0 9 6 6 9 0 3 0 0 6 9 0 0 6 9 0 8
split_gain=689.243 187.645 158.317 61.4911 51.9838 40.2907 91.6728 39.0629 35.8164 36.2355 34.8485 34.1285 33.2262 30.8427 28.5928 30.9241 28.3228 28.4207 26.8309 26.6956 58.881 31.1817 26.35 25.5508 25.384 23.7304 23.6196 33.6119 28.3883 28.118
threshold=1.155 2.0700000000000007 0.69000000000000006 1.5000000000000002 1.0000000180025095e-35 1.0000000180025095e-35 0 3.1550000000000007 2.5850000000000004 1 2.5000000000000004 2 3 4 0.27000000000000007 1.5000000000000002 3.5000000000000004 0.93000000000000005 5 1.5000000000000002 6 7 5.5000000000000009 1.5350000000000004 8 9 3.5000000000000004 4.0700000000000012 10 3.5000000000000004
decision_type=2 2 2 2 2 2 1 2 2 1 2 1 1 1 2 2 2 2 1 2 1 1 2 2 1 1 2 2 1 2
left_child=2 3 14 13 19 6 7 10 9 -7 -3 -12 -5 -2 -1 -16 17 25 -19 20 -4 -21 23 -14 -10 -6 27 28 -26 -30
right_child=1 5 4 12 16 8 -8 -9 24 -11 11 -13 22 -15 15 -17 -18 18 -20 21 -22 -23 -24 -25 26 -27 -28 -29 29 -31
leaf_value=-0.0054055548279880643 0.0052568026321298785 0.0054919754738866362 0.0069673772281445409 -0.0014129629131636012 -0.00070529344783193306 0.0014095892830348689 0.0055551939152773218 0.06228491624255908 0.0067504982297190127 0.0084203542667086531 0.046097665378633614 0.020047396120097902 0.00079434185314470902 0.0026414352739889502 -0.0023462029529921894 -0.0055353015072107546 -0.0053092450433063747 -0.001834532140060952 0.00088397787919329389 -0.0011061335510079398 -0.00057684900336070738 0.0011309723020874684 -0.0071091948013084693 0.0039720172472704172 0.027323616575691736 -0.003134953624596887 0.0087885638902061494 0.064423754752466561 0.016598593809132187 -0.0019017624957389974
leaf_weight=10735 21685 193 4810 9503 19298 3100 1132 73 2110 4592 217 440 13216 23648 75866 8448 4080 14099 25436 26920 5585 36937 764 12134 471 21006 1211 38 925 264
leaf_count=10735 21685 193 4810 9503 19298 3100 1132 73 2110 4592 217 440 13216 23648 75866 8448 4080 14099 25436 26920 5585 36937 764 12134 471 21006 1211 38 925 264
internal_value=3.83381e-06 0.00361827 -0.0013624 0.00267275 -0.000393247 0.00880177 0.0152975 0.0268942 0.00775161 0.00560768 0.0241711 0.0296583 0.00111805 0.00389424 -0.00297518 -0.00266574 -0.00124589 -0.00103824 -8.57395e-05 0.000570397 0.00292018 0.000187886 0.00203886 0.00231536 0.0110373 -0.00197256 0.0140751 0.0179284 0.016864 0.0123867
internal_weight=348936 95716 253220 80950 158171 14766 2055 923 12711 7692 850 657 35617 45333 95049 84314 83919 79839 39535 74252 10395 63857 26114 25350 5019 40304 2909 1698 1660 1189
internal_count=348936 95716 253220 80950 158171 14766 2055 923 12711 7692 850 657 35617 45333 95049 84314 83919 79839 39535 74252 10395 63857 26114 25350 5019 40304 2909 1698 1660 1189
cat_boundaries=0 3 6 9 11 14 17 20 23 26 29 31
cat_threshold=1310236360 1364034501 5 1511543833 3437239319 5 1107330688 268468356 1 3496607876 16938264 2474257872 3372251002 4 121768344 2429326450 4 1203159588 2457256869 4 4077972320 3506504682 4 1325592194 806667246 1 2132421416 3519104244 6 805376080 81921024
is_linear=0
shrinkage=0.05


Tree=46
num_leaves=31
num_cat=10
split_feature=9 9 9 6 6 9 9 0 6 9 0 0 6 0 9 0 0 6 3 0 3 0 0 7 6 0 9 6 3 7
split_gain=625.695 192.57 130.733 53.3703 47.7294 42.9732 38.0782 33.7207 31.5676 31.2049 30.5082 30.1041 29.5239 55.079 36.7438 26.796 23.8468 23.6054 23.0367 22.808 38.3021 66.0784 47.7748 24.3062 23.978 22.6987 22.4867 21.8751 21.5875 37.5815
threshold=1.3650000000000002 0.77500000000000013 2.3650000000000007 2.5000000000000004 3.5000000000000004 0.46500000000000002 1.6900000000000002 0 2.5000000000000004 0.93000000000000005 1 2 4.5000000000000009 3 4.1550000000000002 4 5 1.5000000000000002 2.5000000000000004 6 4.5000000000000009 7 8 1.0000000180025095e-35 1.5000000000000002 9 3.7300000000000004 9.5000000000000018 6.5000000000000009 4.5000000000000009
decision_type=2 2 2 2 2 2 2 1 2 2 1 1 2 1 2 1 1 2 2 1 2 1 1 2 2 1 2 2 2 2
left_child=1 5 4 9 6 17 11 -6 -7 10 -3 -2 14 26 19 -8 -5 -1 -16 -4 22 28 -21 24 -23 -25 -14 -15 -22 -30
right_child=2 3 12 16 7 8 15 -9 -10 -11 -12 -13 13 27 18 -17 -18 -19 -20 20 21 23 -24 25 -26 -27 -28 -29 29 -31
leaf_value=-0.0031869280767012073 0.0011554351901858146 0.0012740655865505458 0.014136256521500504 -0.0049149140511064874 -0.0039370477532501592 -0.0014339030007069161 0.0036881801535622507 0.0027502511773540416 -0.0064664041806984998 0.0011300371136997841 -0.0016039369635646062 0.0043176942387221908 0.01284763104915574 -0.0016761641266424231 0.084495322585105892 0.0071599841788547135 -0.00099398517806978197 -0.0076269587965634546 0.027079048508713989 0.0011932971193262852 0.018898326849433461 3.6601589496743368e-05 0.017197892854006511 -0.014126779676273696 -0.035432632659375671 0.0043839076673711499 0.04648658990066637 -0.050943449803668522 0.0078003106049642813 -0.054329738062289024
leaf_weight=54054 14582 14418 3136 6046 3447 76744 10703 4136 3248 85724 25448 15599 621 1104 25 11759 10830 3169 58 668 542 77 1617 247 125 458 54 23 247 27
leaf_count=54054 14582 14418 3136 6046 3447 76744 10703 4136 3248 85724 25448 15599 621 1104 25 11759 10830 3169 58 668 542 77 1617 247 125 458 54 23 247 27
internal_value=3.81937e-06 -0.00104977 0.00425867 0.000237818 0.00341754 -0.00238664 0.00395176 -0.000291156 -0.00163824 0.000592567 -0.000563157 0.00279166 0.00986927 0.00414344 0.011297 0.00551052 -0.0024022 -0.00343282 0.0443731 0.0109127 0.00833438 0.00272635 0.0125996 -0.00654872 -0.0219122 -0.00223959 0.0153119 -0.00265803 0.0129572 0.00167801
internal_weight=348936 279681 69255 142466 60226 137215 52643 7583 79992 125590 39866 30181 9029 1802 7227 22462 16876 57223 83 7144 4008 1723 2285 907 202 705 675 1127 816 274
internal_count=348936 279681 69255 142466 60226 137215 52643 7583 79992 125590 39866 30181 9029 1802 7227 22462 16876 57223 83 7144 4008 1723 2285 907 202 705 675 1127 816 274
cat_boundaries=0 3 6 9 12 15 18 21 23 25 27
cat_threshold=1727622670 539314283 6 1244140092 172540628 3 4281616535 1198551332 1 102812933 837887329 1 151704933 2612962561 7 2530253321 3231746752 5 972968980 3930245256 6 1107304808 345249315 33554536 344985602 2214658048 2097232
is_linear=0
shrinkage=0.05


Tree=47
num_leaves=31
num_cat=11
split_feature=9 9 9 6 9 6 6 6 0 0 3 0 0 0 9 0 0 6 0 9 0 6 8 0 6 9 9 5 0 3
split_gain=567.731 196.748 91.7567 57.5456 53.0169 45.5401 35.9365 32.4638 41.8499 30.4719 28.7466 39.3664 30.922 28.6677 26.4512 39.8542 25.7113 25.0521 27.8081 23.588 30.0328 37.1071 23.9902 23.2857 22.6861 23.1012 18.9963 24.0856 27.3404 33.3852
threshold=1.0700000000000001 1.8450000000000004 0.53500000000000003 1.0000000180025095e-35 2.7300000000000004 1.0000000180025095e-35 4.5000000000000009 4.5000000000000009 0 1 1.5000000000000002 2 3 4 1.5850000000000002 5 6 2.5000000000000004 7 4.4650000000000007 8 3.5000000000000004 3.5000000000000004 9 1.0000000180025095e-35 1.0000000180025095e-35 2.3650000000000007 3.5000000000000004 10 5.5000000000000009
decision_type=2 2 2 2 2 2 2 2 1 1 2 1 1 1 2 1 1 2 1 2 1 2 2 1 2 2 2 2 1 2
left_child=2 3 24 13 7 10 -5 16 -9 -8 11 -4 -12 14 -2 -16 26 18 -7 20 21 22 -6 -19 25 -1 -3 28 -28 -30
right_child=1 4 5 6 19 17 9 8 -10 -11 12 -13 -14 -15 15 -17 -18 23 -20 -21 -22 -23 -24 -25 -26 -27 27 -29 29 -31
leaf_value=-0.007463059574365616 0.0043220738083453144 0.0075277175460754051 -0.00097620380102381675 0.0010251315409670067 0.027921340978402598 -0.0025889121459549019 -0.010514253265526748 0.0096529049418479368 -0.0051676818974673343 9.7569229562751662e-05 0.00081721799817740235 0.0048393001333694868 -0.0013130286255419608 0.0020423386975048402 0.00098124673996684438 0.019994257143460981 0.004954663121082426 -0.0011437257587535176 -0.00055166454305331011 0.04570773112773896 0.0080545696885192253 0.0073144775567573067 0.0076020000631536319 -0.0058870208346997362 -0.0049338040850114354 -0.002384606456611251 0.011443891082972028 0.0096263646458185498 0.055086124177661636 0.0015185353444202951
leaf_weight=2372 14132 4716 5369 64230 690 29664 1256 697 1450 1462 27662 6343 44315 20369 479 666 13926 4287 38503 50 2817 578 184 6585 14953 40026 218 775 124 38
leaf_count=2372 14132 4716 5369 64230 690 29664 1256 697 1450 1462 27662 6343 44315 20369 479 666 13926 4287 38503 50 2817 578 184 6585 14953 40026 218 775 124 38
internal_value=3.6738e-06 0.00263942 -0.00153956 0.00165091 0.00650096 -0.000933472 0.000786831 0.00550432 -0.00033545 -0.00484453 -0.0001206 0.00217666 -0.000494407 0.00327376 0.00491107 0.0122235 0.00613764 -0.00179417 -0.00143867 0.0115647 0.0111648 0.0170262 0.0236436 -0.00402313 -0.00325929 -0.00266873 0.00892004 0.0146823 0.0249937 0.0400487
internal_weight=348936 128857 220079 102594 26263 162728 66948 21944 2147 2718 83689 11712 71977 35646 15277 1145 19797 79039 68167 4319 4269 1452 874 10872 57351 42398 5871 1155 380 162
internal_count=348936 128857 220079 102594 26263 162728 66948 21944 2147 2718 83689 11712 71977 35646 15277 1145 19797 79039 68167 4319 4269 1452 874 10872 57351 42398 5871 1155 380 162
cat_boundaries=0 2 5 8 11 14 16 19 22 25 28 31
cat_threshold=126133481 621355728 3012767364 2953114938 4 2570660306 1233722712 7 2158297494 754759681 6 2622314818 3548533158 1 206115074 3523215360 546441877 33823243 6 2196197522 2261643553 4 2571736416 1682064516 7 1362018768 5125422 2 536871440 33556491 6
is_linear=0
shrinkage=0.05


Tree=48
num_leaves=31
num_cat=10
split_feature=9 9 9 6 6 9 0 6 6 3 0 9 6 9 8 6 6 0 9 0 8 0 0 7 0 1 0 9 9 0
split_gain=517.387 160.77 106.913 45.5387 45.0852 37.213 36.2645 32.8787 29.243 28.1673 68.8176 38.602 49.4086 34.1091 35.1 27.4665 27.3356 27.0256 26.7499 60.6859 25.5724 25.3893 24.094 22.6652 39.6689 26.4375 58.8452 32.4009 22.1392 28.6246
threshold=1.3650000000000002 0.73000000000000009 2.1550000000000007 1.5000000000000002 1.0000000180025095e-35 0.41500000000000009 0 1.5000000000000002 5.5000000000000009 6.5000000000000009 1 2.9300000000000002 3.5000000000000004 3.6900000000000004 4.5000000000000009 4.5000000000000009 6.5000000000000009 2 1.9300000000000004 3 1.5000000000000002 4 5 1.5000000000000002 6 7 8 1.5850000000000002 0.93000000000000005 9
decision_type=2 2 2 2 2 2 1 2 2 2 1 2 2 2 2 2 2 1 2 1 2 1 1 2 1 1 1 2 2 1
left_child=1 5 4 28 6 -1 -2 -7 -6 13 -11 17 -13 16 -15 -5 22 -12 23 -20 -14 -10 -4 25 -25 26 27 -8 29 -3
right_child=2 3 9 15 8 7 18 -9 21 10 11 12 20 14 -16 -17 -18 -19 19 -21 -22 -23 -24 24 -26 -27 -28 -29 -30 -31
leaf_value=-0.0037834275169574536 0.0022221667845478436 0.001379414762436134 0.012067835199172039 -0.00090180372360130427 0.0023274072764136585 -0.0013968650314555523 0.016888447361962051 -0.0038706299718299741 0.0055432062987693861 -0.0097384825745497703 -0.0060639979291590863 0.047863936953354579 -0.023453400872647762 0.025841608512196315 -0.01437785048343119 -0.0079303591199975688 -0.0048653184596613337 0.013353976642753444 0.028230932107651832 0.0039669489356242964 0.024782202386709511 -0.011346243074541219 0.006761482090636795 -0.0057256982695127528 0.0071497384027578549 0.0054978216620342026 0.0053189908130870395 0.039006638045460194 0.001333777260621649 -0.0015869524883213683
leaf_weight=28531 6335 14774 3937 41633 40246 92942 643 15701 317 690 310 138 50 490 61 1438 363 404 451 612 61 713 4952 975 1517 4503 1264 223 66595 18067
leaf_count=28531 6335 14774 3937 41633 40246 92942 643 15701 317 690 310 138 50 490 61 1438 363 404 451 612 61 713 4952 975 1517 4503 1264 223 66595 18067
internal_value=3.53987e-06 -0.000954534 0.00387265 0.000221604 0.00299803 -0.0021764 0.00520518 -0.00175437 0.0021145 0.00828534 0.00224767 0.0108246 0.0278886 0.00930342 0.021389 -0.00113646 0.00858367 0.0050253 0.00705095 0.0145643 0.00305445 -0.00620457 0.00913289 0.00618341 0.00211791 0.00771081 0.0123057 0.0223262 0.000809856 -0.000252552
internal_weight=348936 279681 69255 142507 57799 137174 16523 108643 41276 11456 1653 963 249 9803 551 43071 9252 714 10188 1063 111 1030 8889 9125 2492 6633 2130 866 99436 32841
internal_count=348936 279681 69255 142507 57799 137174 16523 108643 41276 11456 1653 963 249 9803 551 43071 9252 714 10188 1063 111 1030 8889 9125 2492 6633 2130 866 99436 32841
cat_boundaries=0 3 5 8 11 14 16 18 19 21 24
cat_threshold=3592552612 2530550341 3 2192196394 2208928628 558990480 5646345 1 156250698 2624648 4 1126994050 119832849 1 382387194 3273988996 671888138 1074271504 2 546594890 692616 1244140220 1514849014 3
is_linear=0
shrinkage=0.05


Tree=49
num_leaves=31
num_cat=12
split_feature=9 9 9 9 6 6 0 6 6 0 0 6 0 6 0 0 6 0 9 0 7 0 5 6 9 3 0 3 0 0
split_gain=470.546 180.339 73.5471 50.1117 46.424 37.2783 41.2808 32.7147 29.4551 25.3451 25.1544 23.261 22.8503 22.5077 69.0777 22.4917 22.1802 43.8806 31.2392 20.6331 21.5777 30.8422 28.0495 20.479 20.3529 19.4743 67.2796 22.2795 104.584 33.9722
threshold=1.5350000000000004 0.93000000000000005 2.4650000000000003 0.53500000000000003 1.5000000000000002 1.0000000180025095e-35 0 1.0000000180025095e-35 4.5000000000000009 1 2 3.5000000000000004 3 1.0000000180025095e-35 4 5 5.5000000000000009 6 2.2700000000000005 7 4.5000000000000009 8 10.500000000000002 1.0000000180025095e-35 1.0000000180025095e-35 6.5000000000000009 9 1.5000000000000002 10 11
decision_type=2 2 2 2 2 2 1 2 2 1 1 2 1 2 1 1 2 1 2 1 2 1 2 2 2 2 1 2 1 1
left_child=1 3 5 23 25 6 -2 12 9 -6 -10 15 -5 14 -4 -9 19 18 -18 -7 -21 22 -22 24 -1 27 -27 28 -3 -29
right_child=2 4 13 7 8 16 -8 11 10 -11 -12 -13 -14 -15 -16 -17 17 -19 -20 20 21 -23 -24 -25 -26 26 -28 29 -30 -31
leaf_value=-0.0069007351994514465 0.0027828794978114425 -0.0025193884150041933 0.040661859856918454 -0.0016482312766347156 0.0011616365764992754 0.0013642827438379371 0.0089923856260819592 -0.00084657580502874247 0.00029670443646847064 -0.0014088037964771569 -0.011447420742445522 -0.0085578142042131624 0.00028198467528494107 0.0082570984285496706 0.007135479355886383 -0.0028635883274791981 0.0010473759751898836 -0.012491677576205312 0.033215066484990528 0.0043950124816217826 0.014371540550746431 -0.01360281376297226 -0.025283318790779625 -0.0045526900146766183 -0.0021339278234264662 0.0082984697190106645 0.00030988622256015948 0.0021424215666069322 0.0073427167178519333 -0.0003437269577655415
leaf_weight=2372 4842 4621 215 24048 16862 10976 6061 26610 775 22211 1115 1342 42274 6342 531 28813 353 637 96 18974 256 394 54 14953 40026 4312 6769 24632 6410 31060
leaf_count=2372 4842 4621 215 24048 16862 10976 6061 26610 775 22211 1115 1342 42274 6342 531 28813 353 637 96 18974 256 394 54 14953 40026 4312 6769 24632 6410 31060
internal_value=3.44466e-06 -0.000745116 0.00450714 -0.00174101 0.000767909 0.00372321 0.00624556 -0.00117224 -0.000594471 -0.00029959 -0.00669071 -0.00205334 -0.000418107 0.00922344 0.0174386 -0.00189584 0.00285676 -0.00416551 0.00775244 0.00310554 0.00407402 -0.00451949 0.00723067 -0.00296172 -0.00240061 0.00148519 0.00342629 0.00116282 0.00321575 0.000756194
internal_weight=348936 299205 49731 180438 118767 42643 10903 123087 40963 39073 1890 56765 66322 7088 746 55423 31740 1086 449 30654 19678 704 310 57351 42398 77804 11081 66723 11031 55692
internal_count=348936 299205 49731 180438 118767 42643 10903 123087 40963 39073 1890 56765 66322 7088 746 55423 31740 1086 449 30654 19678 704 310 57351 42398 77804 11081 66723 11031 55692
cat_boundaries=0 3 6 9 12 15 18 21 23 26 28 31 34
cat_threshold=625445280 3327995441 3 3909670513 1678829579 7 235127071 2647215108 3 454715489 3489728210 1 1216352256 3489837836 1 2132291432 3623945972 7 1162208750 50375442 5 714925151 67289378 3563065856 1377577096 4 1984287152 2165334937 4229432460 2945529870 2 3101165638 528629070 3
is_linear=0
shrinkage=0.05


Tree=50
num_leaves=31
num_cat=12
split_feature=9 9 9 6 6 9 0 0 6 3 0 6 7 8 0 3 6 0 0 3 0 9 0 6 0 0 7 0 5 0
split_gain=428.512 117.41 99.6584 45.746 36.9731 33.5453 31.5308 29.2452 28.1468 27.3456 87.2567 35.4471 28.5469 27.2532 29.3112 32.1377 25.3264 44.4991 24.5693 28.6484 23.8623 23.6679 29.0624 23.2905 35.3085 24.7536 37.9791 23.2616 23.1537 22.9517
threshold=1.155 1.9300000000000004 0.69000000000000006 1.0000000180025095e-35 1.0000000180025095e-35 3.0700000000000007 0 1 2.5000000000000004 6.5000000000000009 2 2.5000000000000004 3.5000000000000004 5.5000000000000009 3 1.5000000000000002 5.5000000000000009 4 5 6.5000000000000009 6 3.3100000000000005 7 3.5000000000000004 8 9 2.5000000000000004 10 11.500000000000002 11
decision_type=2 2 2 2 2 2 1 1 2 2 1 2 2 2 1 2 2 1 1 2 1 2 1 2 1 1 2 1 2 1
left_child=2 3 -1 7 -4 9 8 -2 18 16 11 12 28 14 -10 -16 27 -18 19 -7 -13 22 -8 25 -25 26 -5 -3 -11 -28
right_child=1 5 4 23 -6 6 21 -9 13 10 -12 20 -14 -15 15 -17 17 -19 -20 -21 -22 -23 -24 24 -26 -27 29 -29 -30 -31
leaf_value=-0.0023535236412678632 0.0011766578888057393 0.0097148915530206187 0.0005076806382486275 0.0037889386186569663 -0.0010240840185264475 0.034771396944849903 -0.015624536316249974 0.0049274457730164633 -0.00070499020833361507 0.02433987167752006 -0.005722144519976235 -0.0162840104354702 -0.0072983822240852399 -0.032336896813164158 0.054578108549343821 0.016357614060821521 -0.016587491889421376 0.0073319080285969007 0.013639906698714288 0.087526095695793629 0.0109057870033818 0.012450568398029995 0.007024434028829055 0.0030141460939465247 -0.004200769236000052 0.00055515997538402924 -0.0099736035242617947 0.0053542260954883378 0.064030232275949756 0.0005495777386499191
leaf_weight=95049 7582 4695 74252 16345 83919 181 204 16667 222 354 1704 109 65 33 66 330 316 473 201 30 242 787 409 2700 4527 26006 782 9142 41 1503
leaf_count=95049 7582 4695 74252 16345 83919 181 204 16667 222 354 1704 109 65 33 66 330 316 473 201 30 242 787 409 2700 4527 26006 782 9142 41 1503
internal_value=3.32047e-06 0.00285326 -0.00107394 0.00196452 -0.00030501 0.00630377 0.0117601 0.00375719 0.0182357 0.00551975 0.000703724 0.0141019 0.0234069 0.0119347 0.0142987 0.0221679 0.00634789 -0.00236529 0.0286345 0.0403593 0.00230901 0.00666538 -0.000653202 0.00112633 -0.00150693 0.00155269 0.00294327 0.00684472 0.0284596 -0.00309303
internal_weight=348936 95716 253220 76112 158171 19604 2463 24249 1063 17141 2515 811 460 651 618 396 14626 789 412 211 351 1400 613 51863 7227 44636 18630 13837 395 2285
internal_count=348936 95716 253220 76112 158171 19604 2463 24249 1063 17141 2515 811 460 651 618 396 14626 789 412 211 351 1400 613 51863 7227 44636 18630 13837 395 2285
cat_boundaries=0 2 5 7 9 12 14 16 19 22 25 28 31
cat_threshold=2430716258 1063683211 573186085 4000781 3 622612493 2014069784 2129922 738361474 207296595 3194224643 2 14778370 335708298 806912 1610874880 151781505 9961744 4 688192833 462160673 1 2737327929 544769610 6 38933122 45567142 1 2200437504 10 4
is_linear=0
shrinkage=0.05


Tree=51
num_leaves=31
num_cat=12
split_feature=9 9 9 9 6 6 0 6 0 9 1 0 6 0 0 1 9 5 9 0 8 0 6 0 7 6 6 0 9 0
split_gain=390.096 149.894 60.9719 41.4033 40.194 31.6942 37.3228 29.5641 24.4988 21.5223 21.3757 29.6151 20.9572 64.5439 34.3148 28.89 26.8518 25.7001 20.0813 25.1882 23.3766 21.0769 19.7937 19.3872 19.3291 19.2424 18.535 23.5437 17.9754 17.7042
threshold=1.5350000000000004 0.93000000000000005 2.4650000000000003 0.53500000000000003 2.5000000000000004 1.0000000180025095e-35 0 2.5000000000000004 1 4.4650000000000007 2 3 4.5000000000000009 4 5 6 3.5850000000000004 11.500000000000002 2.8150000000000004 7 2.5000000000000004 8 6.5000000000000009 9 6.5000000000000009 1.5000000000000002 1.5000000000000002 10 0.15500000000000005 11
decision_type=2 2 2 2 2 2 1 2 1 2 1 1 2 1 1 1 2 2 2 1 2 1 2 1 2 2 2 1 2 1
left_child=1 3 5 25 -3 6 10 -5 -6 12 11 -2 14 17 18 -16 -17 -14 21 -20 -21 -4 23 -7 -8 28 27 -25 -1 -15
right_child=2 4 9 7 8 22 24 -9 -10 -11 -12 -13 13 29 15 16 -18 -19 19 20 -22 -23 -24 26 -26 -27 -28 -29 -30 -31
leaf_value=-0.004309693636205791 0.0034638245925500155 0.0010845895440782991 0.010244868149035143 -0.00088486874309249848 -0.0035081131696425602 0.0013330568603765486 0.0034767434061206077 -0.0043238021018178734 0.00023225332003554047 0.041086330149322753 0.0074181358697439567 0.022185712273653305 0.0208678995937953 -0.017685145441286059 0.036307307791867062 0.010347597942970731 0.026829092185805314 -0.010788055693705542 0.015474312801941363 -0.0070803211831596199 0.014500386522673721 -0.0069152808693355222 -0.0090663824848080474 0.01164046874420379 0.040204562878029218 -0.0064779074519619381 0.0027527315358902935 0.0041999272001077819 -0.0020222409120133028 -0.0013141029451875703
leaf_weight=10703 328 101171 248 116483 8162 13958 7285 6604 9434 50 2581 673 480 204 118 3173 268 74 600 352 195 576 360 1481 36 3177 12067 3874 43471 750
leaf_count=10703 328 101171 248 116483 8162 13958 7285 6604 9434 50 2581 673 480 204 118 3173 268 74 600 352 195 576 360 1481 36 3177 12067 3874 43471 750
internal_value=3.1475e-06 -0.000678425 0.00410381 -0.00158638 0.000700987 0.00339004 0.00571581 -0.00106938 -0.0015046 0.00839802 0.00989532 0.016146 0.00816579 0.00294094 0.00959058 0.0125162 0.0115975 0.0163445 0.00422284 0.00852191 0.000601979 -0.00171017 0.00259111 0.00272485 0.00365236 -0.00269596 0.00383695 0.00628729 -0.00247417 -0.00496197
internal_weight=348936 299205 49731 180438 118767 42643 10903 123087 17596 7088 3582 1001 7038 1508 5530 3559 3441 554 1971 1147 547 824 31740 31380 7321 57351 17422 5355 54174 954
internal_count=348936 299205 49731 180438 118767 42643 10903 123087 17596 7088 3582 1001 7038 1508 5530 3559 3441 554 1971 1147 547 824 31740 31380 7321 57351 17422 5355 54174 954
cat_boundaries=0 2 5 6 8 10 13 14 17 19 21 24 26
cat_threshold=135816795 690147592 2549164803 1089591976 4 2 134743568 134234112 2183400709 3052479841 3254930092 889200741 7 4 3221225640 603987972 7 33556484 268443681 983364703 2214777251 1075970176 68624 6 150999250 134220288
is_linear=0
shrinkage=0.05


Tree=52
num_leaves=31
num_cat=10
split_feature=9 9 9 6 9 6 8 0 6 6 0 0 6 0 1 9 0 8 0 3 9 0 0 5 5 9 3 0 6 9
split_gain=354.749 125.579 56.4504 39.1989 32.6902 31.2703 29.0609 27.6834 31.5441 25.3675 26.7885 24.9941 24.5631 45.5441 25.503 24.0624 42.6842 23.803 27.0914 24.4052 22.7954 30.843 22.3875 22.2076 26.453 31.7945 21.7617 33.1056 19.7477 20.6423
threshold=1.0700000000000001 1.8450000000000004 0.58500000000000008 1.0000000180025095e-35 3.0700000000000007 1.5000000000000002 7.5000000000000009 0 2.5000000000000004 4.5000000000000009 1 2 4.5000000000000009 3 4 1.5850000000000002 5 5.5000000000000009 6 1.5000000000000002 3.3100000000000005 7 8 11.500000000000002 10.500000000000002 3.6900000000000004 5.5000000000000009 9 1.0000000180025095e-35 1.0000000180025095e-35
decision_type=2 2 2 2 2 2 2 1 2 2 1 1 2 1 1 2 1 2 1 2 2 1 1 2 2 2 2 1 2 2
left_child=2 3 28 11 12 -4 7 8 22 -5 -11 -2 -3 14 -14 26 -17 18 -10 -20 21 -9 -6 24 25 -24 -13 -28 29 -1
right_child=1 4 5 9 6 -7 -8 20 17 10 -12 15 13 -15 -16 16 -18 -19 19 -21 -22 -23 23 -25 -26 -27 27 -29 -30 -31
leaf_value=-0.0062225375324487693 0.00122026937115359 0.0051566948919417148 -7.7238736877095225e-05 0.00078392658852771419 0.039268155857260789 -0.0019323769248794657 -0.041926325148401354 -0.015736148594961769 -0.0016499198104204243 0.0015085000833539245 -0.0084872965309108657 0.002263573400836287 -0.0088704548815158029 -0.0056915781993333815 0.011505181190286633 5.4271271711930851e-06 0.017607847808491835 -0.035509689897298816 0.047765323165667194 0.014919698851077729 0.01213548923278359 0.0074709969747492515 0.022238414864987135 -0.028593475085038407 0.062903917900797343 -0.03933170181512833 0.0018941716246220408 0.010054464801615606 -0.0031935276849752794 -0.0014703921987669984
leaf_weight=2372 16660 21282 95322 64230 213 29822 26 214 229 1187 1531 12570 181 1478 859 607 804 27 68 336 751 387 130 26 31 25 2402 2603 30140 62423
leaf_count=2372 16660 21282 95322 64230 213 29822 26 214 229 1187 1531 12570 181 1478 859 607 804 27 68 336 751 387 130 26 31 25 2402 2603 30140 62423
internal_value=3.10906e-06 0.00208661 -0.00121679 0.00129686 0.00517166 -0.000519321 0.0106552 0.0112162 0.0171498 0.000583712 -0.00414763 0.00263626 0.00460418 -6.56564e-05 0.00790833 0.0038761 0.0101603 0.0104666 0.0124277 0.0199543 0.00628109 -0.000929969 0.027932 0.0140283 0.0207404 0.0123078 0.00337378 0.00616205 -0.00213619 -0.00164436
internal_weight=348936 128857 220079 102594 26263 125144 2463 2437 1085 66948 2718 35646 23800 2518 1040 18986 1411 660 633 404 1352 601 425 212 186 155 17575 5005 94935 64795
internal_count=348936 128857 220079 102594 26263 125144 2463 2437 1085 66948 2718 35646 23800 2518 1040 18986 1411 660 633 404 1352 601 425 212 186 155 17575 5005 94935 64795
cat_boundaries=0 2 5 8 10 11 13 15 18 20 23
cat_threshold=3504458050 526812811 1279578483 1257310917 3 1102095925 746171977 6 1392878829 2712216432 2 206246146 3523477520 2129922 201491074 151781505 546840592 4 14778370 67273354 302715200 1375879430 1
is_linear=0
shrinkage=0.05


Tree=53
num_leaves=31
num_cat=12
split_feature=9 9 9 6 6 0 9 6 3 0 9 6 9 0 3 9 0 0 0 7 0 1 0 5 0 9 10 6 0 1
split_gain=323.23 100.973 68.4456 32.4987 29.5302 30.0044 26.0792 27.1304 23.7832 62.4433 36.6117 45.754 28.3146 23.3268 22.9468 22.9004 52.6157 20.8575 20.7736 20.2697 36.2169 20.0907 53.633 23.1353 37.9302 22.6714 21.2354 20.056 22.7368 19.4757
threshold=1.3650000000000002 0.77500000000000013 2.1550000000000007 2.5000000000000004 1.0000000180025095e-35 0 0.41500000000000009 2.5000000000000004 6.5000000000000009 1 2.9300000000000002 3.5000000000000004 4.3100000000000014 2 2.5000000000000004 1.9300000000000004 3 4 5 1.5000000000000002 6 7 8 8.5000000000000018 9 1.5850000000000002 1.0000000180025095e-35 5.5000000000000009 10 11
decision_type=2 2 2 2 2 1 2 2 2 1 2 2 2 1 2 2 1 1 1 2 1 1 1 2 1 2 2 2 1 1
left_child=1 6 4 -3 5 -2 -1 -8 12 -10 13 -12 18 -11 -14 19 29 -5 -4 21 -21 22 25 26 -25 -7 -23 -6 -29 -17
right_child=2 3 8 17 27 15 7 -9 9 10 11 -13 14 -15 -16 16 -18 -19 -20 20 -22 23 -24 24 -26 -27 -28 28 -30 -31
leaf_value=-0.0030676519753558501 0.0015920793379180375 0.00045495344779583467 0.010151604537320958 1.0731311214983169e-05 0.0018226442188960881 0.01562027645375684 -0.0012242841661344866 -0.0056782121425910936 -0.010541777197187538 0.013237263958980875 0.045122416235207428 0.0023488141863566379 0.077921906873583802 -0.0046035519651099902 0.017144669560579265 0.0083139754239691804 0.0024970087485099344 -0.003514441301824784 0.0053921780360467533 -0.007107566480152528 0.0057254103163692826 0.0036139579816901746 0.0036016534802557169 0.02145201172816049 0.003356011981309295 0.034250643367976903 -0.010923489215444232 0.0035950573625776077 -0.011397201957242349 0.032842095629312097
leaf_weight=28531 6803 125590 3883 7825 40246 642 105150 3534 677 323 137 115 25 401 41 141 558 9051 5854 843 1538 2796 1161 468 768 219 276 428 602 310
leaf_count=28531 6803 125590 3883 7825 40246 642 105150 3534 677 323 137 115 25 401 41 141 558 9051 5854 843 1538 2796 1161 468 768 219 276 428 602 310
internal_value=3.02555e-06 -0.000754238 0.00306118 0.000178129 0.00236138 0.00414765 -0.00172229 -0.00136911 0.00659188 0.00104394 0.00909517 0.0256027 0.00752738 0.00347507 0.0401664 0.00592855 0.0130656 -0.00188198 0.00730614 0.00510867 0.00117605 0.0065879 0.0107021 0.0046213 0.0104086 0.0201253 0.00230786 0.00164632 -0.00524316 0.0255203
internal_weight=348936 279681 69255 142466 57799 16523 137215 108684 11456 1653 976 252 9803 724 66 9720 1009 16876 9737 8711 2381 6330 2022 4308 1236 861 3072 41276 1030 451
internal_count=348936 279681 69255 142466 57799 16523 137215 108684 11456 1653 976 252 9803 724 66 9720 1009 16876 9737 8711 2381 6330 2022 4308 1236 861 3072 41276 1030 451
cat_boundaries=0 3 5 8 11 14 16 18 19 21 23 26 27
cat_threshold=3592554660 2530554437 3 2427077386 2343146356 1208236100 1946158210 6 156250698 2624648 4 1613718774 927359274 2 380289976 1101353860 537670410 1074267408 2 546627658 688520 5047825 1074282770 1399624354 522494225 1 8
is_linear=0
shrinkage=0.05


Tree=54
num_leaves=31
num_cat=13
split_feature=9 9 9 6 9 6 6 0 6 0 0 6 0 0 0 6 0 6 0 3 0 3 0 0 8 6 9 8 0 0
split_gain=293.845 113.142 46.2981 33.384 32.0191 28.0799 24.579 33.5254 23.2218 22.4519 22.4023 19.4117 63.0161 18.2125 17.8735 18.5808 19.8048 17.2129 17.1665 23.9578 36.9962 18.76 39.4837 17.1511 16.5873 16.4505 16.2608 22.9095 16.1756 16.0816
threshold=1.5350000000000004 0.93000000000000005 2.4650000000000003 1.5000000000000002 0.41500000000000009 1.0000000180025095e-35 1.0000000180025095e-35 0 4.5000000000000009 1 2 1.0000000180025095e-35 3 4 5 1.5000000000000002 6 2.5000000000000004 7 6.5000000000000009 8 1.5000000000000002 9 10 2.5000000000000004 1.0000000180025095e-35 1.4150000000000003 1.5000000000000002 11 12
decision_type=2 2 2 2 2 2 2 1 2 1 1 2 1 1 1 2 1 2 1 2 1 2 1 1 2 2 2 2 1 1
left_child=1 4 6 18 25 29 7 -2 9 -5 -10 12 24 17 15 16 -8 -7 -3 21 26 22 -20 -23 -4 -1 -21 -28 -14 -6
right_child=2 3 11 8 5 13 14 -9 10 -11 -12 -13 28 -15 -16 -17 -18 -19 19 20 -22 23 -24 -25 -26 -27 27 -29 -30 -31
leaf_value=-0.0023278860885014054 0.0011067520732295038 0.0003489396275160653 0.067735606817987515 0.0012737477064903799 0.00027383204204669285 -0.00060214734845903618 0.0094911046380321568 0.0069723070456707142 0.00062707255600364352 -0.0012055228289397947 -0.010447546013858583 0.0064065188140273429 0.019274734209466262 -0.0026560456514029026 0.0010891647584083399 0.0023207877941889389 0.002910734118497427 -0.0044490440242284613 -0.00064854451601729186 0.0085154055530590935 0.0021049006859489693 0.0036285291883243354 0.0073167937951865089 0.00040631327338658767 0.027267107609659436 -0.0053724914699711515 0.029525574161562807 -0.0032320766171938936 0.0024438755850761476 -0.0011044099174331134
leaf_weight=23036 3702 32854 69 14529 38135 28443 2234 7201 775 24544 1115 6342 214 34541 16436 10676 2394 3239 2748 1715 4410 4856 3584 27351 40 5495 215 71 423 47549
leaf_count=23036 3702 32854 69 14529 38135 28443 2234 7201 775 24544 1115 6342 214 34541 16436 10676 2394 3239 2748 1715 4410 4856 3584 27351 40 5495 215 71 423 47549
internal_value=2.98115e-06 -0.00058856 0.00356197 0.00060987 -0.00137739 -0.00108873 0.00293999 0.00498813 -0.000545434 -0.000283607 -0.00595833 0.00730394 0.0149332 -0.00186199 0.00223644 0.0034656 0.00611397 -0.00099512 0.00121813 0.00185293 0.00468353 0.00138253 0.00387048 0.000893395 0.0484407 -0.00291427 0.0103045 0.0213934 0.00830871 -0.000491099
internal_weight=348936 299205 49731 118767 180438 151907 42643 10903 40963 39073 1890 7088 746 66223 31740 15304 4628 31682 77804 44950 6411 38539 6332 32207 109 28531 2001 286 637 85684
internal_count=348936 299205 49731 118767 180438 151907 42643 10903 40963 39073 1890 7088 746 66223 31740 15304 4628 31682 77804 44950 6411 38539 6332 32207 109 28531 2001 286 637 85684
cat_boundaries=0 3 6 9 11 14 17 20 23 25 28 30 33 36
cat_threshold=71764256 3290245681 3 1745405553 1678821387 7 235127071 2647215108 3 134221824 3489661700 2132291176 3623945982 5 3311602592 2061307472 7 3240231040 1610943504 6 1294472713 1761200142 6 537231792 2164261008 2958033284 2264936528 1 2420113412 67112960 1151863040 1486888 1 3223425688 728561965 6
is_linear=0
shrinkage=0.05


Tree=55
num_leaves=31
num_cat=10
split_feature=9 9 9 6 6 0 5 6 3 8 0 1 0 0 6 3 0 0 9 7 9 7 6 2 0 10 0 3 7 9
split_gain=268.041 75.5558 62.0594 32.4276 28.1817 80.5908 29.4586 28.0938 27.4183 34.0985 31.2504 26.1459 24.1496 23.7896 23.2502 20.903 51.3205 26.1408 20.3447 19.6087 19.7415 39.1965 18.4229 17.3177 16.5075 20.9192 46.4086 35.8639 23.2894 20.1612
threshold=1.155 2.0700000000000007 0.63500000000000012 2.5000000000000004 1.0000000180025095e-35 0 2.5000000000000004 1.0000000180025095e-35 4.5000000000000009 1.5000000000000002 1 2 3 4 8.5000000000000018 1.5000000000000002 5 6 2.9300000000000002 6.5000000000000009 4.3100000000000014 2.5000000000000004 4.5000000000000009 7 8 1.0000000180025095e-35 9 3.5000000000000004 2.5000000000000004 2.3650000000000007
decision_type=2 2 2 2 2 1 2 2 2 2 1 1 1 1 2 2 1 1 2 2 2 2 2 1 1 2 1 2 2 2
left_child=2 3 -1 -2 5 6 -3 15 9 18 -10 -7 -5 -13 19 16 -4 -17 -8 20 24 -22 -9 -21 25 29 27 28 -27 -6
right_child=1 4 7 12 14 11 8 22 10 -11 -12 13 -14 -15 -16 17 -18 -19 -20 23 21 -23 -24 -25 -26 26 -28 -29 -30 -31
leaf_value=-0.0018595488075844463 0.0021965750131099095 0.0055972300564645604 0.0066554083281189398 -0.0022999486657533262 -0.0017356234531051215 -0.015107304771916699 0.044677174141116702 -0.00079201639673723019 -0.0049814586484459265 0.020387023539858402 0.027755539286282816 -0.0083284134386855443 0.0013751145501254324 0.0096642134623872462 -0.019975145602304685 -0.00092491584923385306 -0.00044923215808635335 0.0010993625532195984 0.092913916230201732 -0.018276494894834124 0.063404747872398456 -0.021323351420107342 -0.0079568078673661353 0.0075977606072344566 0.0067417954044845562 0.034516268234644369 0.026823773991565832 -0.022612084281315243 -0.019118721783161166 0.0045769574961164296
leaf_weight=94968 62713 199 4379 7808 2046 174 174 83051 114 173 198 234 10429 764 95 30692 6044 33179 25 160 39 21 907 100 6461 67 259 121 29 3313
leaf_count=94968 62713 199 4379 7808 2046 174 174 83051 114 173 198 234 10429 764 95 30692 6044 33179 25 160 39 21 907 100 6461 67 259 121 29 3313
internal_value=2.89396e-06 0.0022569 -0.000849109 0.00165692 0.00554608 0.0109787 0.0222765 -0.000242737 0.0274548 0.0366227 0.0165239 0.00225738 -0.000198836 0.00540473 0.00466779 0.00046546 0.00254158 0.000126661 0.0507371 0.00485336 0.0051393 0.0337499 -0.000869418 -0.00873558 0.00499969 0.0030539 0.0131044 -0.004308 0.018314 0.00216689
internal_weight=348936 95716 253220 80950 14766 2055 883 158252 684 372 312 1172 18237 998 12711 74294 10423 63871 199 12616 12356 60 83958 260 12296 5835 476 217 96 5359
internal_count=348936 95716 253220 80950 14766 2055 883 158252 684 372 312 1172 18237 998 12711 74294 10423 63871 199 12616 12356 60 83958 260 12296 5835 476 217 96 5359
cat_boundaries=0 3 6 7 10 13 16 19 20 23 26
cat_threshold=1310236392 290292613 5 68160032 66049 4 4 1357931445 1108568376 3 21053703 32 2 1200800292 2456208293 4 4078037864 3506652138 4 172 1309210137 4167046055 7 201859584 1482686722 7
is_linear=0
shrinkage=0.05


Tree=56
num_leaves=31
num_cat=14
split_feature=9 9 9 6 6 9 0 3 0 0 6 3 0 0 7 6 0 1 0 0 9 8 9 0 6 0 0 0 9 0
split_gain=244.888 87.6873 40.9137 30.0979 26.2563 23.9972 26.4597 23.5612 33.2729 25.1997 23.2626 24.9595 22.5877 22.4314 30.778 20.9753 40.9382 22.1878 20.9683 20.2133 21.2369 19.9743 19.4012 22.8002 19.3536 23.8377 18.4121 17.9133 18.7066 35.2775
threshold=1.0700000000000001 1.8450000000000004 0.53500000000000003 1.0000000180025095e-35 1.0000000180025095e-35 3.0700000000000007 0 1.5000000000000002 1 2 2.5000000000000004 1.5000000000000002 3 4 1.0000000180025095e-35 4.5000000000000009 5 6 7 8 3.6900000000000004 2.5000000000000004 3.3100000000000005 9 4.5000000000000009 10 11 12 1.9300000000000004 13
decision_type=2 2 2 2 2 2 1 2 1 1 2 2 1 1 2 2 1 1 1 1 2 2 2 1 2 1 1 1 2 1
left_child=2 3 -1 12 7 15 10 8 -4 -9 19 21 -2 -13 -15 27 17 -17 -6 20 -7 -12 23 -8 -5 -26 -19 -3 29 -29
right_child=1 5 4 24 18 6 22 9 -10 -11 11 13 -14 14 -16 16 -18 26 -20 -21 -22 -23 -24 -25 25 -27 -28 28 -30 -31
leaf_value=-0.0021591028250662033 0.0037910942118190485 0.0065543537315442078 -0.00080791209638213972 0.0006239281882170866 -0.00037800035298733058 0.033351386185639945 -0.015616220976095472 0.00082086604021481136 0.0045388283248889881 -0.0010893787142949027 0.014636484945132847 -0.0068810637793868708 0.0012195682975360603 -0.018227930266469246 0.020452201241361243 -0.008546490596527118 -0.0063493917991210075 0.021995569616636457 -0.002012112256355514 0.015990511385805053 0.084113803026931624 0.060674701983991421 0.0095441330481626785 0.0045991009620518627 0.0016369526105020971 -0.0077869318163947977 0.0055539677917291544 0.0067198837133588029 0.0045265311048948795 -0.0026483556699813515
leaf_weight=57351 14231 6388 5369 64230 36414 78 204 28719 6343 43258 62 232 21415 63 280 199 1360 222 42625 323 28 38 762 393 1190 1528 737 1538 10501 2855
leaf_count=57351 14231 6388 5369 64230 36414 78 204 28719 6343 43258 62 232 21415 63 280 199 1360 222 42625 323 28 38 762 393 1190 1528 737 1538 10501 2855
internal_value=2.80277e-06 0.00173388 -0.00101075 0.00107395 -0.000606029 0.00431182 0.00901006 1.11943e-05 0.00209097 -0.000327224 0.0147285 0.00907576 0.00224761 0.00506616 0.0129696 0.00382561 -0.000489713 0.00639175 -0.00125956 0.023966 0.0427293 0.032131 0.00422512 -0.00249319 0.000449049 -0.00368358 0.00954777 0.00433619 0.00337815 0.000640756
internal_weight=348936 128857 220079 102594 162728 26263 2463 83689 11712 71977 1104 675 35646 575 343 23800 2518 1158 79039 429 106 100 1359 597 66948 2718 959 21282 14894 4393
internal_count=348936 128857 220079 102594 162728 26263 2463 83689 11712 71977 1104 675 35646 575 343 23800 2518 1158 79039 429 106 100 1359 597 66948 2718 959 21282 14894 4393
cat_boundaries=0 2 5 8 11 13 15 16 19 21 24 27 29 32 34
cat_threshold=2431764834 1063683211 2570660306 1233722712 7 2225406358 754759681 6 2622052674 3548791204 1 15761666 4358272 1392883437 2712216560 2 2098785124 2030183630 2 2129922 67240066 151781505 9961744 4 1279316339 1257441989 3 50364420 598080 2694316181 5249563 6 1092717578 2158141760
is_linear=0
shrinkage=0.05


Tree=57
num_leaves=31
num_cat=10
split_feature=9 9 9 6 6 9 6 0 8 0 6 0 0 6 9 3 0 6 8 9 7 0 7 7 0 3 0 3 0 0
split_gain=224.459 86.5382 34.175 31.9251 21.8235 24.0834 20.2446 30.427 19 18.0246 17.9292 22.4682 17.8646 26.1342 34.5247 25.1484 53.989 25.0241 24.1853 20.0524 20.0245 19.9781 19.3938 26.2333 17.8631 17.0281 54.0031 18.9565 39.8589 19.5497
threshold=1.5350000000000004 0.77500000000000013 2.4650000000000003 3.5000000000000004 1.5000000000000002 0.27000000000000007 1.0000000180025095e-35 0 8.5000000000000018 1 1.0000000180025095e-35 2 3 6.5000000000000009 3.0700000000000007 6.5000000000000009 4 2.5000000000000004 2.5000000000000004 3.7900000000000005 3.5000000000000004 5 2.5000000000000004 1.0000000180025095e-35 6 1.5000000000000002 7 6.5000000000000009 8 9
decision_type=2 2 2 2 2 2 2 1 2 1 2 1 1 2 2 2 1 2 2 2 2 1 2 2 1 2 1 2 1 1
left_child=1 4 6 10 5 -1 7 -2 12 -5 11 -3 15 14 -14 -4 17 -17 20 -15 -18 -16 23 -19 -6 26 -13 29 -29 -27
right_child=2 3 8 9 24 -7 -8 -9 -10 -11 -12 25 13 19 21 16 18 22 -20 -21 -22 -23 -24 -25 -26 27 -28 28 -30 -31
leaf_value=-0.0034666913087055967 0.0016416670877939536 -0.00018932876741526011 0.01136432889532216 -0.00035931732854976232 -0.00085859710580400846 -0.00098567217369106863 0.0019403477444078648 0.0069404030054803128 -0.034060296723378243 -0.0053902870718097289 -5.1993757248997003e-05 0.008754515089883199 0.0018616164962166858 -0.019360528100997171 0.0050211311936354669 0.037951774367790542 0.0005857366374921757 -0.013880016027312531 -0.040498731595774495 0.021498953095740743 -0.046363141249727319 0.017705756506912133 -0.028403041788509914 0.043455714556122467 -0.0043424363659243133 -0.0014464823314609713 -0.00073231592866826868 0.0080785908060071795 4.6757269228028705e-05 0.0015113888787385448
leaf_weight=10735 5166 24099 2560 3407 5616 110102 31740 5737 29 3738 87651 3105 2535 181 611 89 143 38 78 36 27 684 35 42 10762 7312 2898 2918 3280 23582
leaf_count=10735 5166 24099 2560 3407 5616 110102 31740 5737 29 3738 87651 3105 2535 181 611 89 143 38 78 36 27 684 35 42 10762 7312 2898 2918 3280 23582
internal_value=2.69312e-06 -0.000514312 0.00311324 0.000268299 -0.00143823 -0.00120608 0.00257886 0.00443766 0.00632818 -0.00299938 0.00041908 0.00103357 0.0064941 0.00428761 0.0052546 0.00941331 -0.00142842 0.0172023 -0.0167711 -0.012582 -0.00687085 0.0118965 0.00263994 0.0162212 -0.00315101 0.00171707 0.00418803 0.00131763 0.00384123 0.00081134
internal_weight=348936 299205 49731 161990 137215 120837 42643 10903 7088 7145 154845 67194 7059 4047 3830 3012 452 204 248 217 170 1295 115 80 16378 43095 6003 37092 6198 30894
internal_count=348936 299205 49731 161990 137215 120837 42643 10903 7088 7145 154845 67194 7059 4047 3830 3012 452 204 248 217 170 1295 115 80 16378 43095 6003 37092 6198 30894
cat_boundaries=0 3 6 9 11 13 16 19 22 24 26
cat_threshold=625445280 3327995571 3 235258204 3218875685 5 623160003 1764762636 2 687609093 3501290842 678957061 2416992256 117596840 4196389 5 1224788 3608256654 2 43208736 2219230115 4 1212240176 2190002577 82208 148353
is_linear=0
shrinkage=0.05


Tree=58
num_leaves=31
num_cat=9
split_feature=9 9 9 6 6 9 0 6 0 0 0 9 6 7 8 0 0 10 9 0 7 0 9 8 0 6 3 8 6 8
split_gain=204.022 73.1268 34.2095 25.4877 23.8407 23.2378 22.679 20.8064 41.8003 21.4041 20.6638 34.7473 24.2339 30.0504 35.6902 29.0852 24.3682 24.9207 21.5995 25.1614 21.163 20.2595 18.2858 16.9528 33.977 16.7252 20.6117 17.4502 15.819 15.6619
threshold=1.0700000000000001 1.6900000000000002 0.53500000000000003 2.5000000000000004 2.5000000000000004 2.7300000000000004 0 3.5000000000000004 1 2 3 4.4650000000000007 3.5000000000000004 1.0000000180025095e-35 1.5000000000000002 4 5 1.0000000180025095e-35 3.0700000000000007 6 4.5000000000000009 7 3.7300000000000004 2.5000000000000004 8 1.5000000000000002 6.5000000000000009 1.0000000180025095e-35 1.5000000000000002 4.5000000000000009
decision_type=2 2 2 2 2 2 1 2 1 1 1 2 2 2 2 1 1 2 2 1 2 1 2 2 1 2 2 2 2 2
left_child=2 3 28 -2 -4 7 -5 9 23 -3 11 18 16 14 22 -15 -12 20 19 -7 25 -6 -14 -9 -25 29 27 -27 -1 -18
right_child=1 5 4 6 21 10 -8 8 -10 -11 12 -13 13 15 -16 -17 17 -19 -20 -21 -22 -23 -24 24 -26 26 -28 -29 -30 -31
leaf_value=-0.001771480427048824 0.0012299064064564568 0.0055457353102912306 -0.00039050294700521061 0.002024011122825989 -0.0005061900290304805 0.0052575482392142594 -0.0020788190485049487 0.0029898669487466111 -0.0036274607640499031 0.0025449659149168664 0.0078880577844308332 0.064455162162852034 -0.045537437105145406 -0.0030459084508060678 0.011694272832102972 0.017142973072065491 0.03843552418776356 0.054927195263323639 0.0070928210136697494 -0.011389153377196003 -0.0098199105543787038 -0.0048346227595166364 0.0070264485975106558 -0.0027325767536707426 0.023531405854922804 -0.013338936398190166 0.04556389946931419 0.016801361814210432 -0.0054016373125231791 -0.0062691056592897934
leaf_weight=54174 76340 9335 151856 4674 5087 441 11993 2062 3092 16534 712 23 78 316 73 401 179 53 1181 450 57 5785 21 208 300 63 47 202 3177 22
leaf_count=54174 76340 9335 151856 4674 5087 441 11993 2062 3092 16534 712 23 78 316 73 401 179 53 1181 450 57 5785 21 208 300 63 47 202 3177 22
internal_value=2.61061e-06 0.00158266 -0.000922515 0.000843157 -0.000552437 0.00350119 -0.000928277 0.00303005 0.000284662 0.00363094 0.00694073 0.00332125 0.0102891 0.00393938 -0.0148296 0.00844184 0.0145945 0.0217827 0.00265867 -0.00321869 0.019083 -0.00281427 -0.0343875 0.0049861 0.0131871 0.0222945 0.0150482 0.00963593 -0.00197258 0.0335425
internal_weight=348936 128857 220079 93007 162728 35850 16667 31531 5662 25869 4319 2095 2224 889 172 717 1335 623 2072 891 570 10872 99 2570 508 513 312 265 57351 201
internal_count=348936 128857 220079 93007 162728 35850 16667 31531 5662 25869 4319 2095 2224 889 172 717 1335 623 2072 891 570 10872 99 2570 508 513 312 265 57351 201
cat_boundaries=0 3 6 8 10 12 15 17 20 22
cat_threshold=932930 3175088194 1 2200966577 851097428 1 812935832 1614826158 45247131 2610248489 151815200 1684178048 1414268164 1613365266 6 36831369 2157000992 3509502448 156120382 2 2147487921 42074628
is_linear=0
shrinkage=0.05


Tree=59
num_leaves=31
num_cat=10
split_feature=9 9 9 6 0 3 8 0 1 6 0 0 6 6 5 9 7 5 0 0 9 7 0 9 8 0 8 0 9 5
split_gain=185.453 58.9691 38.872 23.8044 73.1295 28.5957 37.7424 29.9752 26.0862 22.4253 21.5322 21.3905 20.4567 20.1835 18.3134 18.2302 17.7076 38.6153 33.8403 19.405 50.0929 22.0699 62.1307 26.595 36.9625 25.1096 23.3621 23.3534 29.0866 29.0953
threshold=1.3650000000000002 0.73000000000000009 2.0700000000000007 1.0000000180025095e-35 0 4.5000000000000009 1.5000000000000002 1 2 3.5000000000000004 3 4 8.5000000000000018 1.0000000180025095e-35 2.5000000000000004 1.0000000180025095e-35 5.5000000000000009 11.500000000000002 5 6 4.3100000000000014 2.5000000000000004 7 3.5350000000000006 2.5000000000000004 8 2.5000000000000004 9 3.3650000000000007 10.500000000000002
decision_type=2 2 2 2 1 2 2 1 1 2 1 1 2 2 2 2 2 2 1 1 2 2 1 2 2 1 2 1 2 2
left_child=1 13 -2 4 5 6 -4 -7 -6 -3 -10 -11 16 15 -8 -1 19 18 -18 -5 21 25 -23 -24 -25 26 -21 28 29 -28
right_child=2 9 3 12 8 7 14 -9 10 11 -12 -13 -14 -15 -16 -17 17 -19 -20 20 -22 22 23 24 -26 -27 27 -29 -30 -31
leaf_value=-0.005178792774677277 0.0017023161007452018 0.00026620827467711816 0.041239567780120411 0.0019488157411423391 -0.016203694149751115 0.023204205354618215 -0.01553867787800052 -0.0030735445677154615 -0.0086835832159477665 0.00027663367809325037 0.0085053401596841671 -0.0059982754579180168 -0.019327847287549001 -0.0021178705026638467 0.02042636035565925 -0.00073487057258058558 -0.023256500749809322 -0.039773381068168773 0.0073213985243802604 0.0044361988317489897 0.066590547802693703 -0.00074330506298998019 0.015298724697243285 0.066207249776149793 -0.0017656056086222333 0.00045480680722086945 0.013416295701346429 0.0088368988131311624 0.080870568364858633 0.063021931032071252
leaf_weight=2372 54489 137066 265 4958 175 217 44 210 234 2603 729 2838 95 49529 181 85273 108 69 378 1789 34 797 1120 60 30 2530 147 534 25 37
leaf_count=2372 54489 137066 265 4958 175 217 44 210 234 2603 729 2838 95 49529 181 85273 108 69 378 1789 34 797 1120 60 30 2530 147 534 25 37
internal_value=2.5313e-06 -0.000571068 0.00231897 0.00459452 0.0095874 0.0199926 0.028453 0.0107522 0.00101827 0.000141241 0.00428227 -0.00300685 0.00378731 -0.00131107 0.0133932 -0.00085514 0.00396137 -0.00477104 0.000198427 0.0043632 0.00603724 0.00575453 0.0101914 0.0172574 0.0435496 0.00399538 0.00750173 0.0149839 0.0288848 0.0233913
internal_weight=348936 279681 69255 14766 2055 917 490 427 1138 142507 963 5441 12711 137174 225 87645 12616 555 486 12061 7103 7069 2007 1210 90 5062 2532 743 209 184
internal_count=348936 279681 69255 14766 2055 917 490 427 1138 142507 963 5441 12711 137174 225 87645 12616 555 486 12061 7103 7069 2007 1210 90 5062 2532 743 209 184
cat_boundaries=0 3 6 7 10 13 15 18 20 22 24
cat_threshold=1310236328 290309061 5 1242595336 290226304 1 4 21053703 32 2 1181600012 867968107 5 1572992 3221754384 1577113097 3697541455 5 26419216 50380416 30615572 50527248 1187840 16811008
is_linear=0
shrinkage=0.05


Tree=60
num_leaves=31
num_cat=11
split_feature=9 9 9 6 6 0 9 0 9 6 7 3 0 9 0 7 0 3 8 0 6 0 8 0 9 0 3 0 7 0
split_gain=168.756 60.3295 29.2558 22.4448 21.058 20.5844 19.4998 19.1424 34.0806 30.2933 22.2652 20.2803 39.0314 46.796 26.6275 22.6918 22.6623 20.0714 19.9874 19.8221 18.8096 39.0927 18.7963 18.2299 17.8151 21.1755 17.7603 17.4904 17.2858 23.8583
threshold=1.0700000000000001 1.6900000000000002 0.46500000000000002 2.5000000000000004 1.5000000000000002 0 2.7300000000000004 1 4.4650000000000007 3.5000000000000004 5.5000000000000009 1.5000000000000002 2 2.9300000000000002 3 1.5000000000000002 4 2.5000000000000004 3.5000000000000004 5 4.5000000000000009 6 4.5000000000000009 7 2.3650000000000007 8 4.5000000000000009 9 4.5000000000000009 10
decision_type=2 2 2 2 2 1 2 1 2 2 2 2 1 2 1 2 1 2 2 1 2 1 2 1 2 1 2 1 2 1
left_child=2 3 -1 -2 -4 -5 20 9 10 18 11 12 -9 -14 15 19 17 -17 -8 -13 23 -22 -18 24 28 -26 -20 -6 -3 -30
right_child=1 6 4 5 27 -7 7 8 -10 -11 -12 14 13 -15 -16 16 22 -19 26 -21 21 -23 -24 -25 25 -27 -28 -29 29 -31
leaf_value=-0.0018115170185168219 0.0011306554538743812 0.0041374810488560383 -0.00019933044269248952 0.0020145731557953076 -0.0027520779221341159 -0.0019543147680613224 0.021433126603004112 -0.011519046583479006 0.051098007674476031 0.0020836887141324092 -0.013905800948282115 -0.029154346604824129 -0.015707645862331168 0.034399198353455604 0.0071434679794035371 0.066171255428344011 0.0010995602488301519 0.01332364705942419 -0.011393815614050255 -0.004874910537275623 -0.0079083390172585543 0.0041998407012258454 -0.032111310206043228 0.001951325586673042 0.015121348271933838 0.0042398136111072085 0.021044413504917939 -0.00051620007035528754 0.0061511947065673866 -0.016470696088306758
leaf_weight=57223 76340 11045 127771 4450 16714 12217 645 102 38 535 174 116 58 237 1399 22 379 98 100 295 1203 1471 48 15501 799 1060 73 18371 217 235
leaf_count=57223 76340 11045 127771 4450 16714 12217 645 102 38 535 174 116 58 237 1399 22 379 98 100 295 1203 1471 48 15501 799 1060 73 18371 217 235
internal_value=2.39413e-06 0.00143941 -0.000838986 0.000767725 -0.000497266 -0.000894607 0.003182 0.00633278 0.00403739 0.0112517 0.00344042 0.00453637 0.014991 0.0237428 0.00277545 -0.0036399 0.00299246 0.0212422 0.0173854 -0.0125555 0.00275042 -0.00126135 -0.00257348 0.00312216 0.00447623 0.00902086 0.00229399 -0.00158227 0.00374528 -0.00583849
internal_weight=348936 128857 220079 93007 162856 16667 35850 4319 2966 1353 2928 2754 397 295 2357 958 547 120 818 411 31531 2674 427 28857 13356 1859 173 35085 11497 452
internal_count=348936 128857 220079 93007 162856 16667 35850 4319 2966 1353 2928 2754 397 295 2357 958 547 120 818 411 31531 2674 427 28857 13356 1859 173 35085 11497 452
cat_boundaries=0 3 6 8 10 12 14 17 19 21 24 26
cat_threshold=930882 3175088194 1 2567738464 1684161668 7 37756928 43261954 11668099 285575425 2048 268501248 2049 268501248 3799730708 3523501322 7 855067289 1652841262 7488016 42224384 3267702659 1154129904 1 815136784 1115691048
is_linear=0
shrinkage=0.05


Tree=61
num_leaves=31
num_cat=10
split_feature=9 9 6 0 3 0 0 9 6 0 6 9 0 7 9 0 7 0 6 9 7 0 3 8 7 0 0 3 8 7
split_gain=153.52 68.1996 24.7659 21.9333 21.4625 52.831 21.2174 19.7138 19.9909 18.2031 17.7747 19.6866 19.6653 21.2726 36.2825 34.0397 34.9826 27.2752 33.5715 20.9187 20.3875 17.3348 19.4144 16.8353 16.42 49.2043 27.6504 20.6618 20.4408 23.0802
threshold=0.93000000000000005 1.6900000000000002 1.0000000180025095e-35 0 6.5000000000000009 1 2 0.36500000000000005 2.5000000000000004 3 8.5000000000000018 2.7300000000000004 4 2.5000000000000004 4.0700000000000012 5 4.5000000000000009 6 3.5000000000000004 4.4650000000000007 3.5000000000000004 7 3.5000000000000004 4.5000000000000009 1.0000000180025095e-35 8 9 6.5000000000000009 1.5000000000000002 4.5000000000000009
decision_type=2 2 2 1 2 1 1 2 2 1 2 2 1 2 2 1 2 1 2 2 2 1 2 2 2 1 1 2 2 2
left_child=7 2 3 -2 6 -6 -5 -1 -9 -4 11 -3 13 14 17 16 20 -13 21 24 -15 -19 -23 -17 25 27 28 -14 29 -26
right_child=1 10 9 4 5 -7 -8 8 -10 -11 -12 12 19 15 -16 23 -18 18 -20 -21 -22 22 -24 -25 26 -27 -28 -29 -30 -31
leaf_value=-0.0022179573436578114 0.0029920331192628989 0.0026517055364556866 0.00081247082387732046 -0.0024852625490009877 0.0090836153084772105 -0.0011779601215952088 0.00088422407211789919 -0.00065989211844762891 -0.0034161739829809295 -0.00067650128263965824 -0.017519405273543228 -0.0038825896615711404 -0.016829231374568359 0.0022921598517004708 0.050067586411411569 0.032905133185816594 -0.022580695086542299 0.0077903789388694515 -0.004021165942672841 0.043827354512177411 0.038155484029244797 0.01668416300866132 0.054111944307096121 -0.00086016641663653505 0.00299381610582879 0.007810035852820702 0.010552245841163418 -0.059742111819231829 -0.0068607023943016866 0.03782225563275543
leaf_weight=28500 15641 31494 39059 5797 2407 2609 23896 145047 6891 43239 105 499 187 97 45 305 85 119 167 32 67 60 82 42 352 326 1107 33 591 55
leaf_count=28500 15641 31494 39059 5797 2407 2609 23896 145047 6891 43239 105 499 187 97 45 305 85 119 167 32 67 60 82 42 352 326 1107 33 591 55
internal_value=2.22525e-06 0.00108752 0.00056457 0.00143803 0.000736668 0.00376197 0.000225856 -0.00101125 -0.000784901 3.01881e-05 0.00302247 0.00308281 0.00627667 0.0107147 0.00622269 0.0182204 0.00331814 0.0040943 0.0131773 0.00362953 0.0169436 0.0246865 0.0357778 0.028011 0.003158 -0.00456847 0.0051621 -0.0222546 -0.000913321 0.00770036
internal_weight=348936 168498 132648 50350 34709 5016 29693 180438 151938 82298 35850 35745 4251 1568 972 596 249 927 428 2683 164 261 142 347 2651 546 2105 220 998 407
internal_count=348936 168498 132648 50350 34709 5016 29693 180438 151938 82298 35850 35745 4251 1568 972 596 249 927 428 2683 164 261 142 347 2651 546 2105 220 998 407
cat_boundaries=0 3 6 9 12 15 17 20 23 25 27
cat_threshold=80429382 2491879440 4 3523512496 590406017 2 32928 553656456 2 3792240245 993011273 3 3645670496 1684194448 7 4490240 4375696 3494379616 1612709904 3 262144 4358144 4 137218 2441152842 45113999 135537185
is_linear=0
shrinkage=0.05


Tree=62
num_leaves=31
num_cat=11
split_feature=9 9 9 6 0 0 3 0 10 0 0 9 6 5 5 0 0 8 5 0 9 9 0 7 0 5 3 9 6 0
split_gain=140.787 38.4425 34.1625 22.8911 28.0336 26.6847 21.427 57.0021 23.6122 122.68 26.2435 28.7659 28.2181 38.2101 28.1073 40.2374 22.2922 26.3025 22.289 22.1842 25.8766 21.4848 22.9692 20.8737 38.4671 20.6731 18.9904 18.5104 36.3426 21.344
threshold=1.155 2.0700000000000007 0.69000000000000006 1.5000000000000002 0 1 6.5000000000000009 2 1.0000000180025095e-35 3 4 4.3100000000000014 1.0000000180025095e-35 8.5000000000000018 6.5000000000000009 5 6 1.0000000180025095e-35 5.5000000000000009 7 2.8450000000000002 2.2250000000000005 8 2.5000000000000004 9 1.5000000000000002 5.5000000000000009 2.9300000000000002 3.5000000000000004 10
decision_type=2 2 2 2 1 1 2 1 2 1 1 2 2 2 2 1 1 2 2 1 2 2 1 2 1 2 2 2 2 1
left_child=2 3 -1 5 -5 23 8 -8 10 18 11 12 13 -3 16 -16 17 19 25 20 26 22 -17 -2 -25 -10 -12 29 -29 -9
right_child=1 6 -4 4 -6 -7 7 27 9 -11 14 -13 -14 -15 15 21 -18 -19 -20 -21 -22 -23 -24 24 -26 -27 -28 28 -30 -31
leaf_value=-0.0013644965070696961 0.0038388685953400698 0.0095526750847346464 -0.0001651171954006979 -0.0021544645359043886 0.0010738839804511082 0.00082197852335174194 -0.0097463539813015133 -0.0064537785092713259 0.0039684471651548299 0.028609165464128769 0.014720855720834687 0.063290065624143771 0.0054934906222281303 0.039606205332861126 -0.0090410255686169342 0.011612365980354448 0.0022265119755881819 0.0057202363558153946 0.0058371551655919153 0.0071453825877203295 0.065923508115940624 0.0069232399916110262 -0.01471825792553845 -0.007810046559793277 0.0045338537399524969 -0.026455340721245325 0.055121677006418651 0.037415588786458877 -0.0019411387622629832 0.0091108330718851407
leaf_weight=95049 18523 377 158171 8985 26632 24277 946 336 82 515 136 23 3300 147 1091 112 3456 1338 190 215 45 1144 261 1133 1400 175 37 127 109 604
leaf_count=95049 18523 377 158171 8985 26632 24277 946 336 82 515 136 23 3300 147 1091 112 3456 1338 190 215 45 1144 261 1133 1400 175 37 127 109 604
internal_value=2.15934e-06 0.00163572 -0.000615318 0.00120775 0.000259174 0.00195303 0.00398189 -0.000667424 0.00476217 0.0122917 0.00414213 0.00752078 0.00720502 0.0179837 0.00247045 -0.00176607 0.00458898 0.00913503 -0.00699171 0.0198979 0.0307373 0.00350245 -0.00689528 0.00325516 -0.00100045 -0.0167481 0.0233615 0.00666209 0.0192381 0.00357558
internal_weight=348936 95716 253220 80950 35617 45333 14766 2122 12644 962 11682 3847 3824 524 7835 2608 5227 1771 447 433 218 1517 373 21056 2533 257 173 1176 236 940
internal_count=348936 95716 253220 80950 35617 45333 14766 2122 12644 962 11682 3847 3824 524 7835 2608 5227 1771 447 433 218 1517 373 21056 2533 257 173 1176 236 940
cat_boundaries=0 2 5 7 10 13 16 19 21 23 26 29
cat_threshold=3228172420 16934172 2474257872 3355473786 4 3533865730 2210370406 1015089669 1509091642 5 276859392 163564432 1 2169782285 3292541986 4 2152988684 1077949538 4 2148794376 4198496 201338914 268435457 305659968 134238328 4 5309585 71313409 3
is_linear=0
shrinkage=0.05


Tree=63
num_leaves=31
num_cat=11
split_feature=9 9 6 6 6 0 9 0 0 8 9 7 9 6 0 7 9 1 0 9 8 0 0 0 7 7 0 0 9 3
split_gain=128.722 51.3452 22.6619 19.8624 19.391 47.964 23.9871 23.1235 19.275 18.9232 18.8999 19.9047 18.1826 17.0531 30.8905 22.5165 19.8648 18.5586 40.0125 19.1995 18.0186 67.2802 24.8815 17.7597 18.0844 16.825 53.3184 44.8767 25.9431 20.3806
threshold=1.5350000000000004 0.93000000000000005 4.5000000000000009 1.0000000180025095e-35 6.5000000000000009 0 2.5850000000000004 1 2 7.5000000000000009 2.9300000000000002 2.5000000000000004 0.36500000000000005 1.0000000180025095e-35 3 6.5000000000000009 2.5350000000000006 4 5 2.2700000000000005 2.5000000000000004 6 7 8 3.5000000000000004 1.5000000000000002 9 10 3.7300000000000004 2.5000000000000004
decision_type=2 2 2 2 2 1 2 1 1 2 2 2 2 2 1 2 2 1 1 2 2 1 1 1 2 2 1 1 2 2
left_child=1 3 -3 -1 6 10 13 -8 -4 25 -6 -12 -5 14 16 20 17 18 -2 -20 22 -22 -15 24 -19 26 28 -27 -9 -28
right_child=4 2 8 12 5 -7 7 9 -10 -11 11 -13 -14 15 -16 -17 -18 23 19 -21 21 -23 -24 -25 -26 27 29 -29 -30 -31
leaf_value=-0.00049477237536105559 0.0022205182707595423 0.00050571431919108848 0.0011356421049919215 -0.0043329775755776142 0.0023355798703870857 -0.012933111719166375 0.010214783410319915 -0.015649660789141699 -0.0091418779702546419 -0.030971761827822776 0.054535048299779502 0.0074022196854154274 -0.0013376102994946102 0.0033347943577055695 0.0014699155767897033 -0.012962504299147463 0.030484051351039404 0.010241606244577853 0.021070590575664551 -0.028617470785975457 -0.0015963077458397423 0.0093205986989258454 5.9505477786838089e-05 0.0011945125387240612 -0.010598151779741841 0.01478950851625286 0.020042762924924868 -0.00048950420740197622 0.020745500690234758 0.0026753216351311075
leaf_weight=108720 655 116877 767 5486 122 568 1826 525 1123 40 48 42 66232 8495 6274 266 87 1322 696 20 2657 3001 18234 1938 113 892 238 1036 54 582
leaf_count=108720 655 116877 767 5486 122 568 1826 525 1123 40 48 42 66232 8495 6274 266 87 1322 696 20 2657 3001 18234 1938 113 892 238 1036 54 582
internal_value=2.07319e-06 -0.000389445 0.000417886 -0.000920842 0.00235763 -0.00546387 0.00248226 0.00569516 -0.00501341 0.00320422 0.0144753 0.0325397 -0.00156674 0.00210097 0.00379354 0.00152534 0.0067941 0.00637398 0.011274 0.0194115 0.00164433 0.00420767 0.00110173 0.00433601 0.00854105 0.00362474 -0.000549393 0.00665359 -0.0120472 0.00762315
internal_weight=348936 299205 118767 180438 49731 780 48951 5193 1890 3367 212 90 71718 43758 11105 32653 4831 4744 1371 716 32387 5658 26729 3373 1435 3327 1399 1928 579 820
internal_count=348936 299205 118767 180438 49731 780 48951 5193 1890 3367 212 90 71718 43758 11105 32653 4831 4744 1371 716 32387 5658 26729 3373 1435 3327 1399 1928 579 820
cat_boundaries=0 3 6 9 11 12 14 17 20 22 25 28
cat_threshold=283640064 1371549953 4 941363281 2389380626 2 235127071 499735556 3 1790473803 698536204 2 1787319808 134234116 3180711998 2369833507 4 2233925924 3377007121 4 168314440 671105028 2229275424 1619018024 1 3303016480 1619018029 5
is_linear=0
shrinkage=0.05


Tree=64
num_leaves=31
num_cat=10
split_feature=9 9 9 6 0 5 0 1 5 7 6 0 0 0 6 6 3 5 0 9 7 0 9 3 5 3 0 5 1 6
split_gain=116.408 38.0393 24.09 19.2765 64.634 29.4484 27.6283 20.8988 23.4174 19.1619 18.3863 22.9463 17.0159 16.9693 16.8154 16.5751 16.2344 21.6094 15.8992 15.5635 15.562 14.9236 25.4583 14.3525 17.0917 14.1021 36.0305 21.5467 28.8724 14.0126
threshold=1.3650000000000002 0.77500000000000013 2.0700000000000007 1.0000000180025095e-35 0 2.5000000000000004 1 2 2.5000000000000004 3.5000000000000004 1.0000000180025095e-35 3 4 5 1.0000000180025095e-35 8.5000000000000018 4.5000000000000009 10.500000000000002 6 1.0000000180025095e-35 2.5000000000000004 7 4.3100000000000014 5.5000000000000009 3.5000000000000004 6.5000000000000009 8 1.5000000000000002 9 3.5000000000000004
decision_type=2 2 2 2 1 2 1 1 2 2 2 1 1 1 2 2 2 2 1 2 2 1 2 2 2 2 1 2 1 2
left_child=1 14 -2 4 5 -4 16 -6 9 -9 11 25 20 -12 19 21 17 -7 -16 -1 -10 -5 29 24 -17 -3 -27 28 -28 -23
right_child=2 10 3 15 7 6 -8 8 12 -11 13 -13 -14 -15 18 23 -18 -19 -20 -21 -22 22 -24 -25 -26 26 27 -29 -30 -31
leaf_value=-0.0046254158020019535 0.0013518005806302971 -0.00068663999324223451 0.0013023709753634172 0.0010519233253733545 -0.01579115613984565 0.039913328316913028 0.015311764797357384 0.022009373316253161 -0.00021696587269172429 -0.022839259825370932 -0.0011488870569435323 0.0017051204389924414 -0.0092291398111303321 0.00029743114383942227 -0.0027786277502123077 0.030203793502666734 0.023786596048458092 0.090079258774806353 -0.00097616838059858598 -0.00051938558741744468 0.023414165577075135 0.0058975695830415812 0.046484751052533586 -0.050424697577953342 -0.023016859800554814 -0.0049956017265445256 0.0046377879711105782 0.0040021953833661358 0.037730879739633412 0.0012295289584675767
leaf_weight=2372 54489 24942 211 5365 170 92 526 202 254 27 37691 31807 356 43886 22155 22 93 28 27395 85293 96 4797 36 25 48 1159 178 2697 106 2418
leaf_count=2372 54489 24942 211 5365 170 92 526 202 254 27 37691 31807 356 43886 22155 22 93 28 27395 85293 96 4797 36 25 48 1159 178 2697 106 2418
internal_value=1.9976e-06 -0.000452449 0.00183725 0.00362862 0.00812161 0.017592 0.0224811 -0.000177928 0.0027979 0.0167215 0.00011982 0.00077729 -0.00167877 -0.000370915 -0.00104662 0.00290223 0.0376969 0.0516187 -0.00178285 -0.000630485 0.0060907 0.00305891 0.00453616 -0.0179047 -0.00629037 -0.000237984 0.00246443 0.00536363 0.0184813 0.00433315
internal_weight=348936 279681 69255 14766 2055 950 739 1105 935 229 142466 60889 706 81577 137215 12711 213 120 49550 87665 350 12616 7251 95 70 29082 4140 2981 284 7215
internal_count=348936 279681 69255 14766 2055 950 739 1105 935 229 142466 60889 706 81577 137215 12711 213 120 49550 87665 350 12616 7251 95 70 29082 4140 2981 284 7215
cat_boundaries=0 3 6 7 10 12 15 18 21 24 25
cat_threshold=1310236392 1364034501 5 33588864 268468356 1 4 621128681 1763190079 6 545652736 2257722394 3503686794 2228198294 5 585225107 199913745 2 1176040969 3697348935 5 553648713 36 4 5
is_linear=0
shrinkage=0.05


Tree=65
num_leaves=31
num_cat=7
split_feature=9 9 6 0 6 9 6 0 9 9 0 8 9 0 3 5 0 3 6 3 9 6 3 5 5 6 0 7 0 3
split_gain=105.905 42.5906 20.4242 17.5695 17.0795 17.2139 16.9434 44.4329 25.3648 20.541 27.8082 21.3101 23.7951 29.8503 18.0979 19.0793 16.9791 38.7464 16.421 16.2935 22.3795 21.8372 15.471 15.312 14.5896 14.4882 26.1193 16.7348 14.983 14.0322
threshold=1.5350000000000004 0.93000000000000005 4.5000000000000009 0 3.5000000000000004 0.41500000000000009 6.5000000000000009 1 2.9300000000000002 2.7300000000000004 2 1.0000000180025095e-35 3.7300000000000004 3 2.5000000000000004 5.5000000000000009 4 6.5000000000000009 8.5000000000000018 2.5000000000000004 3.5350000000000006 3.5000000000000004 3.5000000000000004 10.500000000000002 5.5000000000000009 1.0000000180025095e-35 5 6.5000000000000009 6 6.5000000000000009
decision_type=2 2 2 1 2 2 2 1 2 2 1 2 2 1 2 2 1 2 2 2 2 2 2 2 2 2 1 2 1 2
left_child=1 4 -3 -4 5 -1 9 8 -8 25 11 12 13 14 -11 -16 17 19 -9 21 22 -13 -21 -24 -15 26 -2 28 -27 -18
right_child=6 2 3 -5 -6 -7 7 18 -10 10 -12 16 -14 24 15 -17 29 -19 -20 20 -22 -23 23 -25 -26 27 -28 -29 -30 -31
leaf_value=-0.0019211446381652273 -0.0001141163702602185 0.00046547678927108012 0.0010461228478486372 -0.0087504312809970654 -0.0064568421752060224 -0.00058167791445522341 -0.0022599457252549774 -0.011733261689383802 0.026252738813726376 0.0080809598655572964 0.0019364795290877073 0.018716689519998102 0.035775537929675055 -0.0063729251055986069 0.0013528174297376112 -0.053081351785610124 0.012890234895564893 0.080905266445338853 -0.040008257135701511 -0.033366327166557318 0.055475512940598576 0.083879025978967556 -0.00032979235905726014 0.046378305327633151 0.018087143386900425 0.0002779358147358776 0.0051056455188504919 -0.010698368880527874 0.0024265861985339702 -0.002995076972163386
leaf_weight=28531 3468 116877 775 1115 1342 150565 195 396 130 28 2228 36 42 119 22 60 980 29 59 25 23 20 74 23 125 13906 7792 282 19507 162
leaf_count=28531 3468 116877 775 1115 1342 150565 195 396 130 28 2228 36 42 119 22 60 980 29 59 25 23 20 74 23 125 13906 7792 282 19507 162
internal_value=1.93467e-06 -0.000353193 0.000382097 -0.00477409 -0.000837172 -0.000795062 0.00213855 -0.00517268 0.00887214 0.00225505 0.00569044 0.0103516 0.000192513 -0.0040292 -0.0244071 -0.0384771 0.0133593 0.0257571 -0.0150685 0.0190819 0.010235 0.041989 0.00170605 0.0107453 0.00591541 0.00194968 0.00350243 0.00143079 0.00153316 0.0105445
internal_weight=348936 299205 118767 1890 180438 179096 49731 780 325 48951 3996 1768 396 354 110 82 1372 230 455 201 145 56 122 97 244 44955 11260 33695 33413 1142
internal_count=348936 299205 118767 1890 180438 179096 49731 780 325 48951 3996 1768 396 354 110 82 1372 230 455 201 145 56 122 97 244 44955 11260 33695 33413 1142
cat_boundaries=0 3 6 9 12 15 18 21
cat_threshold=235127071 2647215108 3 283646242 1371828547 5 4245520480 745260182 7 604012544 71860224 1 671088704 71304192 2 16976160 2220690017 7 4212708442 84066726 4
is_linear=0
shrinkage=0.05


Tree=66
num_leaves=31
num_cat=11
split_feature=9 9 9 6 0 0 6 3 0 0 3 0 10 0 6 0 0 9 9 0 6 7 0 0 9 3 5 8 9 7
split_gain=96.3538 27.9403 24.9115 19.0896 25.3067 15.8978 15.3999 16.5654 43.0573 22.548 14.7467 23.0161 21.1073 20.402 14.6964 31.6988 18.4789 42.8846 17.7278 26.2226 16.143 15.5149 33.1508 23.4628 18.303 17.2133 16.1995 20.1157 14.6574 14.2339
threshold=1.155 1.8450000000000004 0.58500000000000008 2.5000000000000004 0 1 1.0000000180025095e-35 1.5000000000000002 2 3 3.5000000000000004 4 1.0000000180025095e-35 5 4.5000000000000009 6 7 4.0700000000000012 1.9300000000000004 8 2.5000000000000004 1.0000000180025095e-35 9 10 2.9300000000000002 1.5000000000000002 10.500000000000002 2.5000000000000004 2.2700000000000005 1.0000000180025095e-35
decision_type=2 2 2 2 1 1 2 2 1 1 2 1 2 1 2 1 1 2 2 1 2 2 1 1 2 2 2 2 2 2
left_child=2 3 -1 5 -5 -2 7 8 -4 -9 11 12 -11 -12 16 -16 17 -3 19 -18 -19 22 -17 -23 28 -26 27 -24 -25 -21
right_child=1 14 6 4 -6 -7 -8 9 -10 10 13 -13 -14 -15 15 21 18 20 -20 29 -22 23 26 24 25 -27 -28 -29 -30 -31
leaf_value=-0.001149352632709016 0.0001808787521476246 0.0046145156629481404 -0.0010881896502593998 0.0019305238704335132 -0.0023805952323273025 0.0019292538821609317 -0.00058886677048960903 -0.0011947826246419772 0.0053402148591688682 0.00073813061713363232 -0.00017329578885713807 -0.0024790056171119517 0.010962979059221901 0.0025781308041816528 -0.0056635826336823196 -0.017648109380988982 0.0054886315197114855 0.018862037992347841 0.0030986497451506805 0.00062179602866234591 0.074953972933621243 0.014979991080252913 0.0063704039098714318 0.0057934773416973614 0.048038095212541522 0.0071131349746437027 -0.011660741635385049 0.041166631490835603 -0.012888700646162033 -0.0069045258425882126
leaf_weight=94935 21180 9588 5021 5405 9161 33707 83972 22072 5402 6132 11452 7316 550 16368 1516 213 1091 23 9715 1084 29 542 192 181 30 179 83 53 250 1494
leaf_count=94935 21180 9588 5021 5405 9161 33707 83972 22072 5402 6132 11452 7316 550 16368 1516 213 1091 23 9715 1084 29 542 192 181 30 179 83 53 250 1494
internal_value=1.84072e-06 0.00135325 -0.000508987 0.000827939 -0.000781179 0.00125497 -0.000124914 0.000399343 0.00224758 9.78209e-05 0.00078017 -0.000543316 0.00157738 0.00144638 0.00274246 -0.000411008 0.00318609 0.00485507 0.00197887 -0.000980744 0.0501441 0.00421891 -0.00276972 0.00745329 0.000832059 0.0129875 0.00721038 0.0138978 -0.00504305 -0.0037254
internal_weight=348936 95716 253220 69453 14566 54887 158285 74313 10423 63890 41818 13998 6682 27820 26263 3239 23024 9640 13384 3669 52 1723 541 1182 640 209 328 245 431 2578
internal_count=348936 95716 253220 69453 14566 54887 158285 74313 10423 63890 41818 13998 6682 27820 26263 3239 23024 9640 13384 3669 52 1723 541 1182 640 209 328 245 431 2578
cat_boundaries=0 2 5 8 11 13 15 18 21 23 25 27
cat_threshold=2300320840 2377961602 1220449415 27275419 2 3091741915 1300773978 3 3541068320 3506439146 4 610993219 49455109 606831939 38928389 3902489306 1242978956 6 3785031839 1107442203 6 2132992 2162721088 88086564 2172683522 117480484 2172715330
is_linear=0
shrinkage=0.05


Tree=67
num_leaves=31
num_cat=12
split_feature=9 9 6 0 9 6 0 6 3 3 0 5 6 0 6 0 3 0 0 0 1 5 0 0 9 0 8 5 3 7
split_gain=87.976 32.3561 18.1988 25.179 17.7009 19.2041 17.9948 13.9533 15.0283 13.8424 35.0095 13.8044 13.034 12.4349 11.4094 20.2894 18.9784 45.1589 24.202 16.9583 16.2717 28.9954 21.4273 15.8253 15.7056 20.5723 20.1717 17.7397 14.2871 13.1251
threshold=1.0700000000000001 1.8450000000000004 3.5000000000000004 0 0.41500000000000009 2.5000000000000004 1 8.5000000000000018 5.5000000000000009 5.5000000000000009 2 3.5000000000000004 1.5000000000000002 3 1.0000000180025095e-35 4 5.5000000000000009 5 6 7 8 7.5000000000000009 9 10 1.6900000000000002 11 1.0000000180025095e-35 3.5000000000000004 6.5000000000000009 2.5000000000000004
decision_type=2 2 2 1 2 2 1 2 2 2 1 2 2 1 2 1 2 1 1 1 1 2 1 1 2 1 2 2 2 2
left_child=4 2 14 -4 12 -6 -7 -3 11 13 -11 -9 -1 -5 15 -2 18 -18 24 29 21 -19 -22 -23 -17 26 -26 -28 -24 -16
right_child=1 7 3 9 5 6 -8 8 -10 10 -12 -13 -14 -15 19 16 17 20 -20 -21 22 23 28 -25 25 -27 27 -29 -30 -31
leaf_value=-0.0016017673510392194 -0.0001055527075600323 0.0026775996397671253 -0.0051618520687362586 -0.0048266690545297492 -0.00030816567701264717 4.7896028301780207e-05 -0.004062239649310774 0.026057996064424518 -0.047804523286996067 -0.0030140720449102734 0.013291780087226807 -0.019297529336215712 -0.0086538183762401837 0.001382634662383646 0.0017812819797221277 0.0031221440305296529 0.0092805325492115488 -0.0097334099955389934 -6.7160519904257098e-05 -0.00033620345608263334 0.0082706893625271189 -0.0040082417910212078 0.0039430016924247701 0.013917246706756382 0.041602633656293624 0.003016556892013147 0.045398337358673074 0.00077478722087107607 -0.0065700731253356586 -0.0017616385714985768
leaf_weight=27860 12328 26160 3111 1316 180389 4399 6760 25 27 669 636 51 671 2051 22659 6230 2937 766 9935 33551 1153 222 675 262 96 297 29 96 620 2955
leaf_count=27860 12328 26160 3111 1316 180389 4399 6760 25 27 669 636 51 671 2051 22659 6230 2937 766 9935 33551 1153 222 675 262 96 297 29 96 620 2955
internal_value=1.75126e-06 0.00103931 0.000638442 -0.00168582 -0.000605745 -0.000432685 -0.00244558 0.00260528 -0.0157616 0.000638484 0.00501144 -0.00437795 -0.00176762 -0.00105452 0.00082924 0.00153588 0.00240271 0.00466562 0.00150416 0.0004035 0.000972675 -0.00365096 0.00333885 0.00589996 0.00381205 0.0121831 0.0233108 0.0111275 -0.00108193 0.00137201
internal_weight=348936 128857 102594 7783 220079 191548 11159 26263 103 4672 1305 76 28531 3367 94811 35646 23318 6635 16683 59165 3698 1250 2448 484 6748 518 221 125 1295 25614
internal_count=348936 128857 102594 7783 220079 191548 11159 26263 103 4672 1305 76 28531 3367 94811 35646 23318 6635 16683 59165 3698 1250 2448 484 6748 518 221 125 1295 25614
cat_boundaries=0 3 6 9 11 14 16 19 22 23 25 27 29
cat_threshold=3499181754 1610835998 6 1362018768 5125422 2 203557188 353145057 1 591933440 2187363841 1102054421 607694409 2 742705322 2290159792 2449478208 1371685126 5 3523429921 876213337 6 4 2148081920 50741504 598784 37879814 2449473536 285229062
is_linear=0
shrinkage=0.05


Tree=68
num_leaves=31
num_cat=9
split_feature=9 9 6 6 0 0 9 6 0 9 3 5 8 5 0 8 3 8 0 0 10 2 0 8 9 0 9 9 5 3
split_gain=80.4791 36.3187 18.6154 15.7004 14.9946 14.5156 14.0598 13.8311 27.4131 16.5244 19.4678 16.3121 16.1698 13.637 13.8758 16.8187 15.8635 12.6288 67.1174 26.4536 17.8492 19.7404 18.8973 26.375 16.9733 25.9588 22.0124 15.3779 24.1826 28.3143
threshold=0.93000000000000005 1.6900000000000002 2.5000000000000004 1.0000000180025095e-35 0 1 1.0000000180025095e-35 4.5000000000000009 2 4.1550000000000002 2.5000000000000004 10.500000000000002 6.5000000000000009 11.500000000000002 3 4.5000000000000009 3.5000000000000004 2.5000000000000004 4 5 1.0000000180025095e-35 6 7 4.5000000000000009 2.4650000000000003 8 3.9300000000000002 2.6900000000000004 6.5000000000000009 4.5000000000000009
decision_type=2 2 2 2 1 1 2 2 1 2 2 2 2 2 1 2 2 2 1 1 2 1 1 2 2 1 2 2 2 2
left_child=3 2 -2 6 -4 -5 -1 9 -9 17 -11 -12 13 14 -10 -16 -17 19 -19 24 22 -22 23 27 -3 26 -26 -20 29 -29
right_child=1 7 4 5 -6 -7 -8 8 12 10 11 -13 -14 -15 15 16 -18 18 20 -21 21 -23 -24 -25 25 -27 -28 28 -30 -31
leaf_value=-0.004160531982779503 0.00066228391672221078 0.0029556305049386129 0.0014295908295567348 -0.0022581174682610762 -0.0017100095697589431 -0.00077419615895941594 -0.00026836067797917057 -0.0059335958256771428 0.00021551578542400892 0.061700411081314091 -0.010318189283593951 0.045468764621764426 -0.033081192126677886 -0.0080138276366197424 0.0072249089921616137 0.0057070046493952926 0.062904197370840451 -0.00081696594500612826 0.015258613648832601 0.0004659480964721773 0.036106415325477835 0.0083699747423839864 0.0055523053059088924 0.00061827945804858583 0.00119426946408586 0.015317581560540429 0.051861425941090361 -0.00098812684538911589 0.073429106920957568 0.04644005308035188
leaf_weight=2372 111713 10090 4986 25698 15949 46020 106348 1484 958 25 38 20 31 239 1005 22 27 3216 539 13605 117 173 2249 261 837 736 22 61 30 65
leaf_count=2372 111713 10090 4986 25698 15949 46020 106348 1484 958 25 38 20 31 239 1005 22 27 3216 539 13605 117 173 2249 261 837 736 22 61 30 65
internal_value=1.70334e-06 0.000787491 0.000405871 -0.000732087 -0.000962398 -0.00130634 -0.000353278 0.00219952 -0.000667019 0.00253599 0.0248168 0.00891869 0.00277173 0.00327779 0.0046191 0.00853853 0.0372238 0.0024782 0.00440639 0.00196653 0.00918883 0.0210939 0.00814029 0.0140238 0.00371011 0.00850625 0.00246324 0.0192598 0.0330846 0.0234788
internal_weight=348936 168498 132648 180438 20935 71718 108720 35850 3766 32084 83 58 2282 2251 2012 1054 49 32001 6711 25290 3495 290 3205 956 11685 1595 859 695 156 126
internal_count=348936 168498 132648 180438 20935 71718 108720 35850 3766 32084 83 58 2282 2251 2012 1054 49 32001 6711 25290 3495 290 3205 956 11685 1595 859 695 156 126
cat_boundaries=0 2 4 7 10 13 16 17 19 21
cat_threshold=1074672704 2231902530 2160185491 125612289 3901440666 1241929742 2 36976708 280003632 5 2368066342 2204381043 4 3174384306 2722393654 4 53 1379926145 1476558848 890323122 570428448
is_linear=0
shrinkage=0.05


Tree=69
num_leaves=31
num_cat=8
split_feature=9 9 8 0 9 6 0 9 0 0 3 7 6 1 0 3 7 5 3 9 0 3 3 7 5 9 9 3 0 6
split_gain=73.1392 25.0449 17.1424 62.06 28.1966 20.9219 34.6615 30.0162 40.0732 25.3665 20.6478 19.8708 25.6697 18.6001 48.8356 19.1574 17.4918 33.3238 32.1163 21.7492 17.6204 34.2798 23.059 17.2095 25.366 16.1928 16.1143 16.0544 15.9241 15.6847
threshold=1.3650000000000002 0.73000000000000009 2.5000000000000004 0 3.6900000000000004 1.5000000000000002 1 2.3650000000000007 2 3 6.5000000000000009 1.5000000000000002 2.5000000000000004 4 5 1.5000000000000002 1.0000000180025095e-35 5.5000000000000009 4.5000000000000009 3.2250000000000005 6 4.5000000000000009 3.5000000000000004 5.5000000000000009 11.500000000000002 4.0700000000000012 4.3100000000000014 2.5000000000000004 7 6.5000000000000009
decision_type=2 2 2 1 2 2 1 2 1 1 2 2 2 1 1 2 2 2 2 2 1 2 2 2 2 2 2 2 1 2
left_child=1 -1 4 23 5 6 -2 13 -9 -7 11 25 -13 14 -8 -16 17 -10 -19 20 22 27 -18 -4 -25 -6 -5 -22 -15 -11
right_child=2 -3 3 26 10 9 7 8 16 29 -12 12 -14 28 15 -17 19 18 -20 -21 21 -23 -24 24 -26 -27 -28 -29 -30 -31
leaf_value=-0.00084077959621232609 -0.00014795696317847492 0.00010569115519526919 0.0076760439811105327 -0.000308513858470287 -0.0029650614872574806 -0.0017513705282069362 -0.013771582091529773 0.0013303116505520175 -0.020819610283421032 0.0014806805348436276 -0.011749563137577339 0.059396962938761268 0.017938849674768685 0.0011326704850530523 -0.01257479092306342 0.0091525691152093518 -0.018878582937224789 0.060805034657057971 -0.011313042603433132 0.067935423576273024 0.035955061056902486 0.0099704080147785135 0.026545710890338969 0.0013522455841628511 -0.045605113171041017 0.029000897280639037 0.044643584638834 0.073899747550487518 0.0046146490889854529 -0.009815297101976905
leaf_weight=137174 11493 142507 5205 6297 125 11581 564 450 58 16890 66 54 121 5020 121 628 49 38 26 32 63 80 65 143 36 58 20 50 9609 313
leaf_count=137174 11493 142507 5205 6297 125 11581 564 450 58 16890 66 54 121 5020 121 628 49 38 26 32 63 80 65 143 36 58 20 50 9609 313
internal_value=1.69834e-06 -0.00035852 0.00145641 0.00320106 0.00110172 0.00100638 0.00197058 0.00341339 0.0122426 5.685e-05 0.0139481 0.0186856 0.0307316 0.00291099 -0.00278052 0.0055682 0.0223802 0.00663045 0.0315071 0.0287084 0.0246196 0.0332896 0.00645501 0.00713856 -0.00809169 0.00716623 -0.00016593 0.0527447 0.00342138 0.00127442
internal_weight=348936 279681 69255 11701 57554 57130 28346 16853 911 28784 424 358 175 15942 1313 749 461 122 64 339 307 193 114 5384 179 183 6317 113 14629 17203
internal_count=348936 279681 69255 11701 57554 57130 28346 16853 911 28784 424 358 175 15942 1313 749 461 122 64 339 307 193 114 5384 179 183 6317 113 14629 17203
cat_boundaries=0 3 6 9 12 13 16 18 20
cat_threshold=1121794123 1958322632 1 3331661930 381534496 1 402787733 138550298 2 1667898509 1929437472 5 8 828934673 3758229506 2 556269568 16785409 134270976 2701144777
is_linear=0
shrinkage=0.05


Tree=70
num_leaves=31
num_cat=8
split_feature=9 9 6 6 0 9 0 3 0 6 0 6 0 9 9 0 7 0 0 6 8 8 5 9 9 7 3 8 5 5
split_gain=67.0299 27.1676 20.6298 14.5702 15.5698 14.7483 14.1742 13.7601 33.2381 17.5764 24.4032 13.024 39.3957 18.2422 14.2099 25.4189 17.5766 47.9632 31.4295 20.3099 17.3173 28.8337 16.7228 20.9572 22.3314 12.7598 12.4476 20.4171 15.8119 17.0992
threshold=1.5350000000000004 0.73000000000000009 4.5000000000000009 1.5000000000000002 0 0.15500000000000005 1 6.5000000000000009 2 1.0000000180025095e-35 3 6.5000000000000009 4 3.2250000000000005 2.7300000000000004 5 2.5000000000000004 6 7 3.5000000000000004 3.5000000000000004 2.5000000000000004 2.5000000000000004 3.3650000000000007 3.0700000000000007 5.5000000000000009 2.5000000000000004 2.5000000000000004 6.5000000000000009 3.5000000000000004
decision_type=2 2 2 2 1 2 1 2 1 2 1 2 1 2 2 1 2 1 1 2 2 2 2 2 2 2 2 2 2 2
left_child=1 3 7 5 -5 -1 -4 -3 9 10 -9 14 13 -13 -2 16 18 20 26 -20 21 25 23 24 -19 -18 27 -16 29 -28
right_child=11 2 6 4 -6 -7 -8 8 -10 -11 -12 12 -14 -15 15 -17 17 22 19 -21 -22 -23 -24 -25 -26 -27 28 -29 -30 -31
leaf_value=-0.0023809500701678847 0.0015495722442808693 3.1950164170932502e-05 0.00047281070942385657 -0.00048220858875307274 -0.0035849863385760457 -0.00043678252044084096 -0.0081145037080823778 0.010935938012649117 -0.00041041347977840428 0.0016296966983140107 0.0031510478854195078 0.0014566092377321588 -0.013812824058639209 0.027986809934724816 0.024352660739817955 0.0012023308041687582 0.038361307417529189 0.029805611341478345 0.019474571795112888 0.00039425459231289342 0.0083509613614943298 0.079783456708963335 -0.00043921973920315016 0.059773058566497644 -0.027251867277340761 -0.0050248489528894429 -0.001209491905661262 -0.016475815484300254 0.0069935774625450075 -0.028823317651715103
leaf_weight=10703 44955 137179 783 7329 9043 110099 1251 1510 12282 5958 3068 225 464 91 79 2297 111 47 404 213 45 41 307 28 27 20 98 50 98 131
leaf_count=10703 44955 137179 783 7329 9043 110099 1251 1510 12282 5958 3068 225 464 91 79 2297 111 47 404 213 45 41 307 28 27 20 98 50 98 131
internal_value=1.60113e-06 -0.000280926 0.000157451 -0.000798741 -0.0021985 -0.000609035 -0.00484634 0.000221063 0.00135798 0.00341658 0.00574957 0.00170142 -0.00470864 0.0088176 0.00180356 0.00466089 0.0092751 0.0159878 0.00544525 0.0126821 0.0343812 0.0431903 0.00525983 0.0229285 0.00898734 0.0317375 -0.00452563 0.00852767 -0.0098135 -0.017006
internal_weight=348936 299205 162031 137174 16372 120802 2034 159997 22818 10536 4578 49731 780 316 48951 3996 1699 626 1073 617 217 172 409 102 74 131 456 129 327 229
internal_count=348936 299205 162031 137174 16372 120802 2034 159997 22818 10536 4578 49731 780 316 48951 3996 1699 626 1073 617 217 172 409 102 74 131 456 129 327 229
cat_boundaries=0 3 6 9 12 15 18 21 24
cat_threshold=2350035028 3742490767 6 234995999 2447984646 3 1217376692 58384793 2 98480 16826496 2 283644194 1371828491 5 4178411616 745260182 7 403177568 673251328 3 805830752 673775616 7
is_linear=0
shrinkage=0.05


Tree=71
num_leaves=31
num_cat=15
split_feature=9 9 6 0 3 0 6 0 3 0 0 1 5 0 9 0 0 8 0 0 3 8 0 9 10 6 0 9 1 0
split_gain=61.0826 22.8345 14.9261 16.2432 16.0368 27.6403 14.7255 18.3592 20.5431 36.2711 20.3351 16.5076 26.8125 15.2893 14.0703 17.5312 13.4223 13.3738 22.1728 16.8543 16.5825 13.2205 22.1316 13.0026 12.7394 12.7392 13.6407 12.6609 12.4995 12.1148
threshold=1.0700000000000001 1.8450000000000004 1.0000000180025095e-35 0 1.5000000000000002 1 1.0000000180025095e-35 2 5.5000000000000009 3 4 5 7.5000000000000009 6 1.6900000000000002 7 8 1.0000000180025095e-35 9 10 6.5000000000000009 3.5000000000000004 11 0.93000000000000005 1.0000000180025095e-35 5.5000000000000009 12 0.84500000000000008 13 14
decision_type=2 2 2 1 2 1 2 1 2 1 1 1 2 1 2 1 1 2 1 1 2 2 1 2 2 2 1 2 1 1
left_child=2 6 4 23 5 27 7 -2 10 -10 14 12 -11 -13 -9 -16 -14 19 -19 20 -15 -12 -23 -4 -18 -8 -27 -1 -17 -29
right_child=1 -3 3 -5 -6 -7 25 8 9 11 21 13 16 17 15 28 24 18 -20 -21 -22 22 -24 -25 -26 26 -28 29 -30 -31
leaf_value=0.0021767700782081875 -0.00016117105870502412 0.0021815887198997435 -0.00071070843540768191 -0.0015370055777955978 -0.00037726979638219062 -0.00046957375894554658 0.00016866762555272049 0.0028727382577162248 0.0086811172441304228 -0.0094966772764006214 -0.00047778048752959365 0.0080476154610059063 -0.0080095839926577882 0.013206048887865297 0.022051872697245383 0.014282450624353564 0.014457368458376772 -0.0046467615992773371 0.01333004446091373 -0.014006687795774917 -0.0086863823798160236 -0.010122873127739143 0.014588369729354718 0.0014333069358758441 -0.018725094688124954 0.0020831519316905464 -0.011166887361964091 0.01168457009099946 -0.0074379612522937309 0.00394827478743101
leaf_weight=5307 12857 26263 29901 54829 108357 10113 66135 5540 2937 741 9846 1053 122 174 213 110 301 322 351 285 172 117 334 9262 32 316 497 775 139 1535
leaf_count=5307 12857 26263 29901 54829 108357 10113 66135 5540 2937 741 9846 1053 122 174 213 110 301 322 351 285 172 117 334 9262 32 316 497 775 139 1535
internal_value=1.50584e-06 0.000866058 -0.000504692 -0.00098161 -0.000149173 0.00124484 0.000529296 0.00135023 0.00220203 0.00458201 0.00125571 0.00116588 -0.0036002 0.00358929 0.0035659 0.011955 0.00592352 -4.47161e-05 0.00485798 -0.00527445 0.00225785 -9.42498e-05 0.00827671 -0.0002036 0.0109401 9.21959e-05 -0.00612854 0.00351706 0.00233837 0.00661146
internal_weight=348936 128857 220079 93992 126087 17730 102594 35646 22789 6490 16299 3553 1196 2357 6002 462 455 1304 673 631 346 10297 451 39163 333 66948 813 7617 249 2310
internal_count=348936 128857 220079 93992 126087 17730 102594 35646 22789 6490 16299 3553 1196 2357 6002 462 455 1304 673 631 346 10297 451 39163 333 66948 813 7617 249 2310
cat_boundaries=0 2 5 8 10 13 14 16 19 21 24 27 29 31 32 34
cat_threshold=2098769760 1628572878 1086768269 2791760550 2 1102054933 607694409 2 742705322 2290159792 2415923264 1371685126 5 4 2148081920 50725120 2415919104 285229062 1 524544 4194310 268566528 1342177282 4 268566592 1073741830 4 262280 167772304 1764315302 70045441 10 8667136 38175264
is_linear=0
shrinkage=0.05


Tree=72
num_leaves=31
num_cat=12
split_feature=9 9 6 0 7 9 0 5 0 7 0 7 0 0 9 9 0 3 5 5 3 0 0 9 3 7 1 0 7 0
split_gain=55.6214 17.7143 16.9903 20.7663 34.3393 20.0538 56.7748 31.5183 23.2589 21.8439 32.3854 20.313 47.0144 39.4627 37.1613 36.6917 28.7722 25.536 28.4914 23.6678 22.7773 23.8806 22.2306 16.6758 41.1456 33.3866 16.275 23.352 15.1515 17.7175
threshold=1.155 0.53500000000000003 1.5000000000000002 0 7.5000000000000009 2.0700000000000007 1 1.5000000000000002 2 2.5000000000000004 3 2.5000000000000004 4 5 2.5350000000000006 3.0700000000000007 6 3.5000000000000004 10.500000000000002 3.5000000000000004 1.5000000000000002 7 8 4.0700000000000012 2.5000000000000004 2.5000000000000004 9 10 3.5000000000000004 11
decision_type=2 2 2 1 2 2 1 2 1 2 1 2 1 1 2 2 1 2 2 2 2 1 1 2 2 2 1 1 2 1
left_child=1 -1 5 4 23 8 11 -8 9 26 -11 13 15 17 16 20 -15 18 -7 -14 -13 -22 -16 -4 -25 -26 27 -2 29 -9
right_child=2 -3 3 -5 -6 6 7 28 -10 10 -12 12 19 14 22 -17 -18 -19 -20 -21 21 -23 -24 24 25 -27 -28 -29 -30 -31
leaf_value=-0.0011594757562031737 0.0091228525296641536 -0.00016033372910635398 -0.00092130625334034544 0.0012284343653304452 -0.043173200831127662 0.024530901891462828 0.014648819040093158 0.0030411114644691302 0.00031764595176048799 -0.0088731854096449955 0.0028245031077182856 -0.0063388425619044205 -0.016827444272229868 -0.0040111133433216794 -0.029183651304837049 0.076055946896170706 0.017716983012969093 0.010094834220412017 0.073734338516886863 0.01321595269713946 0.0091311423440596888 0.043815735806260386 -0.0023888250576778198 0.084129824247211216 0.0321110260207206 -0.049024220201231185 0.0021808380680840805 0.0025829982308786747 0.0076155625624276359 -0.0071041800769528866
leaf_weight=57351 2432 195869 18819 26706 48 161 315 628 24976 971 1484 47 98 249 102 41 382 284 36 198 102 145 274 20 32 21 12313 3157 335 1340
leaf_count=57351 2432 195869 18819 26706 48 161 315 628 24976 971 1484 47 98 249 102 41 382 284 36 198 102 145 274 20 32 21 12313 3157 335 1340
internal_value=1.48947e-06 -0.000386626 0.00102826 0.000330568 -0.000935606 0.00166431 0.00475984 -0.000184483 0.00134085 0.00259479 -0.0018268 0.0108183 0.0183869 0.00768147 0.00192643 0.0308246 0.00936003 0.0192889 0.0335224 0.00316232 0.0255653 0.0316361 -0.0104973 -0.000828786 0.0230225 -3.69017e-05 0.00320259 0.00543996 -0.00221416 -0.00388741
internal_weight=348936 253220 95716 45646 18940 50070 4737 2618 45333 20357 2455 2119 631 1488 1007 335 631 481 197 296 294 247 376 18892 73 53 17902 5589 2303 1968
internal_count=348936 253220 95716 45646 18940 50070 4737 2618 45333 20357 2455 2119 631 1488 1007 335 631 481 197 296 294 247 376 18892 73 53 17902 5589 2303 1968
cat_boundaries=0 2 5 8 11 14 17 19 22 24 25 27 29
cat_threshold=3245246150 1090741661 160204462 1666941133 5 2474256848 3355473786 4 302514240 134238328 4 134480418 1628635273 4 17335296 4751492 1 262146 1073938441 134479904 1048577 4 134218284 536870912 2 2168070224 5168 68245504 136593426
is_linear=0
shrinkage=0.05


Tree=73
num_leaves=31
num_cat=11
split_feature=9 9 6 3 0 5 0 6 1 7 0 0 6 0 0 8 1 6 3 5 9 9 0 6 0 7 0 7 8 9
split_gain=51.5085 21.6878 19.157 14.0121 34.5602 18.3213 33.9919 16.531 19.365 16.9221 14.6426 13.1448 12.6091 23.0988 14.7377 12.5312 12.266 12.2072 13.5245 18.6695 14.9683 12.0399 38.4537 15.3081 23.9562 32.2492 23.4499 30.7519 22.8748 21.8086
threshold=1.5350000000000004 0.69000000000000006 4.5000000000000009 6.5000000000000009 0 2.5000000000000004 1 1.5000000000000002 2 3.5000000000000004 3 4 1.0000000180025095e-35 5 6 1.5000000000000002 7 7.5000000000000009 6.5000000000000009 11.500000000000002 2.6900000000000004 3.0700000000000007 8 2.5000000000000004 9 2.5000000000000004 10 1.0000000180025095e-35 5.5000000000000009 3.3650000000000007
decision_type=2 2 2 2 1 2 1 2 1 2 1 1 2 1 1 2 1 2 2 2 2 2 1 2 1 2 1 2 2 2
left_child=1 -1 3 -3 5 6 15 8 -8 10 -9 -4 13 -7 -14 16 -5 21 19 20 -19 -2 -23 24 25 -24 -25 -28 -29 -27
right_child=17 2 11 4 -6 12 7 9 -10 -11 -12 -13 14 -15 -16 -17 -18 18 -20 -21 -22 22 23 26 -26 29 27 28 -30 -31
leaf_value=-0.00087007171797046773 0.0013743825032896035 -7.673908136415654e-05 -0.0096145777987787524 -0.00094656612732022232 -0.00054097464082045047 0.00028075292283630894 0.009818950360261456 -0.013717080477238975 0.024834639764225779 0.047655962128192189 0.0074703734525871923 -0.0014559110971019856 -0.0023727981720347048 0.0070093748118694264 0.0025772262340866092 -0.0090423590517870866 0.012379422033524967 -0.013632426587979736 -0.033248758172461139 -0.038496195158046309 0.015220382083022949 -0.0018315299832603977 0.019270891366947082 -0.006692997255643908 0.0072910299648578135 0.032777292858208379 -0.011862247614548184 0.021550580476254681 -0.026022286085342922 0.092578119104728115
leaf_weight=95049 47116 173201 820 546 15093 2378 665 113 351 20 232 1250 2530 2759 3677 278 243 81 48 33 101 1096 155 230 285 31 104 394 27 30
leaf_count=95049 47116 173201 820 546 15093 2378 665 113 351 20 232 1250 2530 2759 3677 278 243 81 48 33 101 1096 155 230 285 31 104 394 27 30
internal_value=1.47288e-06 -0.000246193 4.42667e-05 9.32864e-05 0.0011128 0.00292084 0.0068459 0.0119819 0.0153475 0.00294178 0.000349651 -0.00474133 0.0020764 0.00390878 0.000559904 8.53549e-05 0.00330254 0.00149155 -0.00925203 -0.00389462 0.0023793 0.00154866 0.00503994 0.0109634 0.0178269 0.0300019 0.00655408 0.0122517 0.0184996 0.0621875
internal_weight=348936 299205 204156 202086 28885 13792 2448 1381 1016 365 345 2070 11344 5137 6207 1067 789 49731 263 215 182 49468 2352 1256 501 216 755 525 421 61
internal_count=348936 299205 204156 202086 28885 13792 2448 1381 1016 365 345 2070 11344 5137 6207 1067 789 49731 263 215 182 49468 2352 1256 501 216 755 525 421 61
cat_boundaries=0 3 6 7 9 12 14 17 18 21 23 25
cat_threshold=1277015988 593944977 2 1142501396 543162624 2 5 263680 393344 833366752 1645650384 4 1075062532 40239121 201884080 553664528 2 5 2236233268 3235477876 5 169967626 335676042 36732938 134349314
is_linear=0
shrinkage=0.05


Tree=74
num_leaves=31
num_cat=11
split_feature=9 9 6 6 0 0 9 6 6 0 6 0 5 3 0 8 0 9 0 9 3 5 1 3 0 5 7 0 9 0
split_gain=47.7117 21.7139 14.7417 14.4208 13.9834 12.0201 11.9254 11.1713 11.0309 13.9347 10.9074 24.8692 12.4179 13.0799 14.2288 18.1267 13.8169 12.7012 15.042 12.3656 16.3177 14.7027 11.1901 13.5489 12.9062 16.6656 11.1592 112.867 54.6704 21.8181
threshold=0.93000000000000005 1.6900000000000002 2.5000000000000004 3.5000000000000004 0 1 0.15500000000000005 4.5000000000000009 1.0000000180025095e-35 2 4.5000000000000009 3 10.500000000000002 4.5000000000000009 4 3.5000000000000004 5 3.5350000000000006 6 4.1550000000000002 2.5000000000000004 10.500000000000002 7 4.5000000000000009 8 11.500000000000002 4.5000000000000009 9 2.6900000000000004 10
decision_type=2 2 2 2 1 1 2 2 2 1 2 1 2 2 1 2 1 2 1 2 2 2 1 2 1 2 2 1 2 1
left_child=3 2 -2 6 7 -5 -1 -4 -8 -10 19 12 13 16 15 -15 -12 18 -16 26 -21 -22 23 -13 25 -24 -3 28 29 -28
right_child=1 10 4 5 -6 -7 8 -9 9 -11 11 22 -14 14 17 -17 -18 -19 -20 20 21 -23 24 -25 -26 -27 27 -29 -30 -31
leaf_value=-0.002143199483649169 0.00053958045283012974 0.0021690784321908236 0.0014049447151293776 9.0124435211777268e-05 -0.0019306523014565539 -0.0095742424442847775 -8.4180999351571396e-05 -0.0043430835581107826 -0.00011935073935899487 -0.0015466146513839225 0.0032243283191002608 -0.014705980107758474 -0.01377959891219138 -0.0017568614385870811 0.020340111735868822 -0.043477252814918758 -0.011968486039908246 0.042158139621218046 -0.002293707936002714 0.055039189696311955 -0.011547090316583452 0.041416257489472634 0.015860296393552832 0.0052506179852524586 0.0018986509658516287 -0.014633187934683234 0.018027972245568607 -0.010746527144606126 0.04296174204661226 -0.0049921476313876598
leaf_weight=10703 111713 30289 7129 544 12847 798 99241 959 31012 38140 210 187 355 197 108 30 510 27 195 25 38 20 369 156 1371 51 208 1165 147 192
leaf_count=10703 111713 30289 7129 544 12847 798 99241 959 31012 38140 210 187 355 197 108 30 510 27 195 25 38 20 369 156 1371 51 208 1165 147 192
internal_value=1.44858e-06 0.000606477 0.0003114 -0.000563544 -0.000906213 -0.00572732 -0.000524851 0.000722504 -0.000421989 -0.000906783 0.00169829 -0.000847311 -0.00547396 -0.0032079 0.00254537 -0.00696379 -0.0076587 0.0090241 0.00636938 0.00199709 0.0212713 0.00671613 0.00270395 -0.00547003 0.00429106 0.0118748 0.0019471 -0.0019802 0.0165836 0.00730421
internal_weight=348936 168498 132648 180438 20935 1342 179096 8088 168393 69152 35850 3766 1632 1277 557 227 720 330 303 32084 83 58 2134 343 1791 420 32001 1712 547 400
internal_count=348936 168498 132648 180438 20935 1342 179096 8088 168393 69152 35850 3766 1632 1277 557 227 720 330 303 32084 83 58 2134 343 1791 420 32001 1712 547 400
cat_boundaries=0 2 5 8 11 14 16 18 19 21 24 27
cat_threshold=1611560164 3205013826 337666524 617294127 4 2132422248 3623945972 1 3905643162 1242978318 2 1619673088 1209008134 2 545808408 6 4260488 8 2 285245441 287310144 947978822 2015002761 4 679477250 269648000 4
is_linear=0
shrinkage=0.05


Tree=75
num_leaves=31
num_cat=11
split_feature=9 9 6 0 8 2 6 0 7 0 9 0 5 3 0 0 5 6 3 5 0 9 0 3 0 5 0 5 5 8
split_gain=43.0648 20.0042 15.0175 18.5126 13.6602 18.4004 13.0333 12.7981 13.1528 36.5806 13.8699 16.3737 14.1551 12.5943 49.8575 15.7794 13.9778 10.9649 13.0182 11.6003 11.0312 18.2201 18.0262 16.7511 35.3901 23.8846 26.964 32.8125 26.4808 16.7261
threshold=0.93000000000000005 1.8450000000000004 1.0000000180025095e-35 0 4.5000000000000009 1 3.5000000000000004 2 2.5000000000000004 3 1.5350000000000004 4 11.500000000000002 6.5000000000000009 5 6 1.5000000000000002 8.5000000000000018 5.5000000000000009 3.5000000000000004 7 1.9300000000000004 8 6.5000000000000009 9 6.5000000000000009 10 3.5000000000000004 10.500000000000002 1.5000000000000002
decision_type=2 2 2 1 2 1 2 1 2 1 2 1 2 2 1 1 2 2 2 2 1 2 1 2 1 2 1 2 2 2
left_child=6 2 3 4 -2 -6 -1 -4 -9 10 12 -12 -10 15 16 -5 -15 20 19 -19 -3 22 -22 -23 25 26 -25 -28 29 -27
right_child=1 17 7 13 5 -7 -8 8 9 -11 11 -13 -14 14 -16 -17 -18 18 -20 -21 21 23 -24 24 -26 28 27 -29 -30 -31
leaf_value=-0.00049861297727154706 0.002067745060903764 0.0032334944262053045 0.00069782726664891978 -0.0027428220220926136 -0.0035770963877439499 0.022238244616953784 -0.0054444844444489163 -0.00025570334831432061 -0.0040770974504714388 0.00073579104261144754 -0.0030177458589698406 -0.020970411206722286 -0.019278660392268082 0.02083009527458881 -0.0017885198776231527 0.00041773444234271943 0.0071625985863086016 0.024057864606380465 -0.044260735395881871 -0.017519457523217975 0.0037150146034062499 0.0028701550458788989 -0.0036356174214713169 -0.014459176272159825 -0.009493354262753502 0.044510602633944595 0.022997947812251663 -0.0074101975941464546 0.0044854595669530295 -0.0031609118146740875
leaf_weight=179096 19303 9807 34630 4720 111 179 1342 48493 1976 3402 225 330 166 208 2720 23913 1859 25 27 51 1126 10331 3143 224 872 92 174 181 187 23
leaf_count=179096 19303 9807 34630 4720 111 179 1342 48493 1976 3402 225 330 166 208 2720 23913 1859 25 27 51 1126 10331 3143 224 872 92 174 181 187 23
internal_value=1.37682e-06 0.000576188 0.000342087 0.0010086 0.00222843 0.0130007 -0.000535398 -5.3936e-05 -0.000530842 -0.00271933 -0.0070542 -0.0141245 -0.00525518 0.000292707 0.00266665 -0.000104079 0.00849684 0.00184403 -0.0144377 -0.00384271 0.00190813 0.00111065 -0.00169661 0.00210331 -0.00241593 0.00464423 -0.00124879 0.00728876 0.0160962 0.0349763
internal_weight=348936 168498 142235 53013 19593 290 180438 89222 54592 6099 2697 555 2142 33420 4787 28633 2067 26263 103 76 26160 16353 4269 12084 1753 881 579 355 302 115
internal_count=348936 168498 142235 53013 19593 290 180438 89222 54592 6099 2697 555 2142 33420 4787 28633 2067 26263 103 76 26160 16353 4269 12084 1753 881 579 355 302 115
cat_boundaries=0 3 4 7 10 13 16 19 22 25 28 31
cat_threshold=2530099526 2491830304 5 40 1744889393 725099849 3 2470052234 268599344 4 305266688 163840 4 1073840312 590356881 2 32800 553656328 2 3281095837 14907 2 539492352 2162196800 4 743198752 1984709632 5 4997120 38273024 4
is_linear=0
shrinkage=0.05


Tree=76
num_leaves=31
num_cat=7
split_feature=9 9 6 0 8 0 7 9 0 9 0 6 5 5 0 3 8 0 7 6 0 3 5 6 7 8 6 9 8 6
split_gain=39.4663 15.647 15.0489 17.5246 14.1052 56.9854 22.4791 21.7715 18.2774 19.4145 29.0686 26.9684 42.974 23.9467 29.0245 20.5895 19.1397 18.5622 28.5894 17.9606 17.7959 26.1079 25.3688 21.3272 56.6551 29.5607 17.4362 16.2926 17.8495 15.3452
threshold=1.3650000000000002 0.46500000000000002 3.5000000000000004 0 2.5000000000000004 1 7.5000000000000009 3.6900000000000004 2 2.5850000000000004 3 1.5000000000000002 11.500000000000002 5.5000000000000009 4 2.5000000000000004 1.0000000180025095e-35 5 2.5000000000000004 3.5000000000000004 6 6.5000000000000009 11.500000000000002 2.5000000000000004 1.5000000000000002 1.5000000000000002 8.5000000000000018 3.2250000000000005 1.0000000180025095e-35 1.5000000000000002
decision_type=2 2 2 1 2 1 2 2 1 2 1 2 2 2 1 2 2 1 2 2 1 2 2 2 2 2 2 2 2 2
left_child=1 -1 -3 -4 7 6 -6 8 9 29 27 12 -12 14 -13 -16 -17 18 -15 -19 -9 22 23 24 -22 -25 -10 -11 -29 -2
right_child=4 2 3 -5 5 -7 -8 20 26 10 11 13 -14 17 15 16 -18 19 -20 -21 21 -23 -24 25 -26 -27 -28 28 -30 -31
leaf_value=-0.0010007251285483573 0.0025231126555333196 -5.4964761511137364e-06 -0.0058825377392134181 -0.00033964702759467892 -0.0012326362417169946 0.0055722401236856477 -0.042641335350433088 0.029046899465876713 -0.00012479574691982593 -0.0046887608644153389 0.021590617684576707 -0.0042199088778832683 0.093398862755081302 -0.006555564091473386 0.054791770080618307 0.045366815143885714 0.0067643325113374555 -0.00018208996259740421 0.047451211100346169 -0.038363747332583777 0.0052395036211237318 -0.026097251133372384 -0.026379506330232363 0.019869368635447679 0.091955968052629511 -0.031621813814382296 -0.035435714732323376 -0.0079088220303809211 0.0287688160445108 4.7329627330599347e-05
leaf_weight=57223 12810 216509 2366 3583 4795 6873 33 104 30688 497 158 105 24 69 58 48 97 70 38 55 48 54 37 113 31 37 35 54 86 12238
leaf_count=57223 12810 216509 2366 3583 4795 6873 33 104 30688 497 158 105 24 69 58 48 97 70 38 55 48 54 37 113 31 37 35 54 86 12238
internal_value=1.2669e-06 -0.000263342 -7.36647e-05 -0.00255459 0.00106987 0.00265243 -0.00151254 0.000748128 0.000664351 0.00162866 0.00744964 0.0142177 0.0310598 0.00880452 0.0179428 0.0282238 0.0195431 -0.00332733 0.0115454 -0.0157241 0.0120364 0.00543051 0.012035 0.0182418 0.0392675 0.00716821 -0.000164969 -0.000437824 0.0146217 0.00131349
internal_weight=348936 279681 222458 5949 69255 11701 4828 57554 57130 26407 1359 722 182 540 308 203 145 232 107 125 424 320 266 229 79 150 30723 637 140 25048
internal_count=348936 279681 222458 5949 69255 11701 4828 57554 57130 26407 1359 722 182 540 308 203 145 232 107 125 424 320 266 229 79 150 30723 637 140 25048
cat_boundaries=0 3 6 9 12 14 17 20
cat_threshold=2576488179 3422591632 2 3105931700 2302810679 4 958580532 2286165727 6 956449536 134482049 2 2129952 584 2097188 536 4 524416 33687808 1
is_linear=0
shrinkage=0.05


Tree=77
num_leaves=31
num_cat=8
split_feature=9 9 6 0 3 0 9 6 8 0 0 5 5 9 7 6 7 7 0 1 10 3 6 0 9 9 6 0 9 6
split_gain=36.4465 13.7486 15.0023 20.2644 14.789 49.2808 39.6373 33.4588 25.8626 19.8743 19.0498 22.8438 30.7604 17.0479 25.3027 16.9236 15.3735 14.3161 18.8093 14.2156 17.2228 16.9333 15.8632 53.1577 15.3858 13.891 13.6766 14.8521 13.968 13.5926
threshold=1.0700000000000001 2.1550000000000007 5.5000000000000009 0 6.5000000000000009 1 2.9300000000000002 3.5000000000000004 1.5000000000000002 2 3 5.5000000000000009 3.5000000000000004 3.2250000000000005 1.5000000000000002 2.5000000000000004 2.5000000000000004 4.5000000000000009 4 5 1.0000000180025095e-35 1.5000000000000002 1.0000000180025095e-35 6 3.2250000000000005 4.1550000000000002 1.5000000000000002 7 0.27000000000000007 2.5000000000000004
decision_type=2 2 2 1 2 1 2 2 2 1 1 2 2 2 2 2 2 2 1 1 2 2 2 1 2 2 2 1 2 2
left_child=26 2 -2 -4 9 6 10 13 -9 25 11 12 -6 14 -8 16 -13 18 29 20 21 -11 23 24 -21 -3 28 -28 -1 -7
right_child=1 4 3 -5 5 17 7 8 -10 19 -12 15 -14 -15 -16 -17 -18 -19 -20 22 -22 -23 -24 -25 -26 -27 27 -29 -30 -31
leaf_value=-0.0019585098440029701 0.00056704395960737038 0.0052051118017974888 0.0040390803302028057 -0.0092544117259245069 0.019130458701139608 0.0099061823378754216 0.069108801756408961 -0.026440144588963856 0.02987753006015369 -0.030713210124195669 -0.0074963231586026944 0.028685426892978805 -0.031771204123894378 0.070310065467306906 -0.004069577433444836 0.0070650454970415354 0.083638113588094712 -0.029826489633593994 -0.014328856919598031 0.023817138989957479 -0.050511122579969793 -0.00087716161453518836 0.00063081324424737887 -0.0025994176942160906 0.061738684575163551 0.031448222463037454 -0.0022816676646471024 -0.00030873324320603458 -9.920681952145711e-05 -0.0078745362256896229
leaf_weight=10735 116122 4470 425 854 71 196 21 36 47 57 277 35 51 47 27 44 20 78 465 195 23 287 4318 371 31 51 18220 20034 171090 238
leaf_count=10735 116122 4470 425 854 71 196 21 36 47 57 277 35 51 47 27 44 20 78 465 195 23 287 4318 371 31 51 18220 20034 171090 238
internal_value=1.23824e-06 0.00066906 0.000507725 -0.00487788 0.00232241 -0.00205246 0.00826892 0.0286426 0.00545059 0.00306011 0.00115281 0.0117989 -0.00214811 0.048905 0.027946 0.0301779 0.0486682 -0.0091846 -0.00749581 0.000968927 -0.00839298 -0.00582093 0.0016836 0.0093264 0.0277892 0.00548901 -0.000389773 -0.0012491 -0.000208981 0.000151964
internal_weight=348936 128857 117401 1279 11456 1653 676 178 83 9803 498 221 122 95 48 99 55 977 899 5282 367 344 4915 597 226 4521 220079 38254 181825 434
internal_count=348936 128857 117401 1279 11456 1653 676 178 83 9803 498 221 122 95 48 99 55 977 899 5282 367 344 4915 597 226 4521 220079 38254 181825 434
cat_boundaries=0 3 6 9 12 14 15 18 21
cat_threshold=1661784194 388268305 1 756395205 876619915 7 2527740922 1235573632 2 134490180 603979906 6 1379946546 1217807396 4 37888 2449645639 1 3804573575 1154095088 1
is_linear=0
shrinkage=0.05


Tree=78
num_leaves=31
num_cat=15
split_feature=9 9 6 0 0 6 0 6 9 0 8 3 0 0 9 0 8 0 7 1 0 3 0 3 0 0 0 7 3 2
split_gain=33.5477 15.4501 12.0815 18.1689 13.8636 13.6579 18.9264 11.4715 11.1559 10.9905 9.58017 9.49592 33.4559 13.5412 10.8172 47.3814 16.5542 60.2767 15.42 15.7288 22.7563 14.6219 14.5116 11.6596 56.4396 19.5146 11.6574 9.39521 21.9538 17.5434
threshold=0.93000000000000005 1.6900000000000002 1.5000000000000002 0 1 2.5000000000000004 2 1.5000000000000002 0.15500000000000005 3 5.5000000000000009 6.5000000000000009 4 5 1.5350000000000004 6 4.5000000000000009 7 2.5000000000000004 8 9 5.5000000000000009 10 1.5000000000000002 11 12 13 6.5000000000000009 1.5000000000000002 14
decision_type=2 2 2 1 1 2 1 2 2 1 2 2 1 1 2 1 2 1 2 1 1 2 1 2 1 1 1 2 2 1
left_child=7 2 4 -4 10 6 -5 8 -1 -9 -2 14 -13 -14 16 -16 23 -18 19 20 21 -17 -20 24 -6 -25 -26 -3 -29 -30
right_child=1 27 3 5 11 -7 -8 9 -10 -11 -12 12 13 -15 15 18 17 -19 22 -21 -22 -23 -24 25 26 -27 -28 28 29 -31
leaf_value=-0.0018631470601719964 -0.00028859527144841946 0.0015189310675797667 -0.0016108548820256278 0.0039903554079429417 -0.0037832823879656603 -0.00082407831705642127 0.00025192109845210384 -0.00030902173609977535 -0.00018955976367851678 -0.0023447462953232207 -0.013844681305647295 0.0082526708835468591 -0.0028305033126483298 0.0022468085297467997 0.0080353156460791809 0.010582519823890083 0.022755157964903364 -0.0065305945471956992 -0.0059260857364405763 -0.0067570569973588873 -0.0048831168009119547 0.046625631415482725 0.017238745836345531 0.0014511182198415765 0.008512536148582139 -0.00084903148553688705 0.0034642993570117215 -0.03220488713053403 0.0064915407813594551 -0.016155632535810583
leaf_weight=10703 25484 35417 18364 4805 2582 12777 11424 12089 142940 14706 131 1981 1804 4754 2338 191 342 347 105 1332 347 33 171 15438 1815 22867 3216 67 248 118
leaf_count=10703 25484 35417 18364 4805 2582 12777 11424 12089 142940 14706 131 1981 1804 4754 2338 191 342 347 105 1332 347 33 171 15438 1815 22867 3216 67 248 118
internal_value=1.1301e-06 0.000508465 0.000259561 -0.000380685 0.000615204 0.000398566 0.00136139 -0.000472634 -0.000306144 -0.00142729 -0.000357784 0.00103282 0.00257645 0.000847939 0.000775198 0.00311142 0.000548778 0.0082415 -0.00219855 -0.00381048 0.00312674 0.0152133 0.00883592 0.000433349 0.00222054 7.81512e-05 0.00529879 0.00142943 -0.00589106 -0.00107405
internal_weight=348936 168498 132648 47370 85278 29006 16229 180438 153643 26795 25615 59663 8539 6558 51124 4517 46607 689 2179 1903 571 224 276 45918 7613 38305 5031 35850 433 366
internal_count=348936 168498 132648 47370 85278 29006 16229 180438 153643 26795 25615 59663 8539 6558 51124 4517 46607 689 2179 1903 571 224 276 45918 7613 38305 5031 35850 433 366
cat_boundaries=0 2 5 8 11 13 16 19 21 22 24 26 29 32 34 35
cat_threshold=879176576 2165188532 152338440 1624295598 4 59801601 9537536 4 791818314 3120939407 6 1879052720 2164260880 10485764 201527360 1 1152013892 402732880 3 3769241809 2584023569 2 65587 84541440 2684420241 2147614720 4027057156 2399219712 2 2957510660 251802944 3 2322944 2360832 73
is_linear=0
shrinkage=0.05


Tree=79
num_leaves=31
num_cat=9
split_feature=9 9 6 0 6 0 3 0 0 9 5 10 0 3 5 0 3 5 5 3 5 5 0 5 0 7 0 9 6 7
split_gain=30.2837 14.09 12.6435 14.9588 10.9887 16.7946 11.3926 43.4986 13.8458 13.1916 12.5801 11.7692 23.2712 17.1442 15.6633 17.5989 15.0498 16.4026 13.7419 11.9613 11.7827 12.1614 11.3053 12.6256 11.2819 15.4565 35.4014 11.5323 10.7829 10.7269
threshold=0.93000000000000005 1.8450000000000004 5.5000000000000009 0 1.0000000180025095e-35 1 6.5000000000000009 2 3 1.6900000000000002 1.5000000000000002 1.0000000180025095e-35 4 3.5000000000000004 4.5000000000000009 5 1.5000000000000002 10.500000000000002 4.5000000000000009 2.5000000000000004 7.5000000000000009 2.5000000000000004 6 11.500000000000002 7 2.5000000000000004 8 1.2700000000000002 3.5000000000000004 3.5000000000000004
decision_type=2 2 2 1 2 1 2 1 1 2 2 2 1 2 2 1 2 2 2 2 2 2 1 2 1 2 1 2 2 2
left_child=28 2 4 -4 5 -2 8 10 -7 -9 -8 29 16 14 -14 19 20 18 -18 -16 21 -13 -15 -24 -6 -26 -27 -28 -1 -10
right_child=1 -3 3 -5 24 6 7 9 11 -11 -12 12 13 22 15 -17 17 -19 -20 -21 -22 -23 23 -25 25 26 27 -29 -30 -31
leaf_value=-0.00041555075729551437 0.0020175244152695758 0.0015471849977717123 -0.012555327954030946 0.00059933386198428068 0.00073636863446206171 -0.0020355592915887758 0.01956556619037516 -0.0011197526882712791 -0.00012599984608929911 -0.019295414534057132 0.0065994093556624896 0.049486980643123395 -0.0060880174450985676 0.0011647433447082658 -0.01793152775396319 0.019648600378685308 0.014238759695651568 0.025763249701275578 -0.0028861754164615306 0.017394813151426009 0.046717936410865885 0.0048190023982897408 -0.018500889395465302 0.022006984498529211 -0.00014870617044105647 0.0010814712848987551 -0.0032171947046402368 -0.0092023345209789175 -0.0049142119070812069 0.0059380195126868783
leaf_weight=179096 20397 26263 407 455 31747 7462 208 2489 18040 104 1859 20 182 211 68 223 197 106 289 37 47 64 229 21 50311 3065 1499 1738 1342 760
leaf_count=179096 20397 26263 407 455 31747 7462 208 2489 18040 104 1859 20 182 211 68 223 197 106 289 37 47 64 229 21 50311 3065 1499 1738 1342 760
internal_value=1.11759e-06 0.000483141 0.000286671 -0.00575044 0.000323481 0.00089259 0.000188416 0.00247729 -0.000193049 -0.00184164 0.00786612 0.00047858 0.00447046 -0.000634842 0.00567523 0.0122024 0.0111811 0.00794229 0.00405541 -0.0050064 0.026671 0.0154542 -0.00762939 -0.0145175 -1.79652e-05 -0.000441027 -0.00277542 -0.00641091 -0.000449009 0.000119141
internal_weight=348936 168498 142235 862 141373 53013 32616 4660 27956 2593 2067 20494 1694 971 510 328 723 592 486 105 131 84 461 250 88360 56613 6302 3237 180438 18800
internal_count=348936 168498 142235 862 141373 53013 32616 4660 27956 2593 2067 20494 1694 971 510 328 723 592 486 105 131 84 461 250 88360 56613 6302 3237 180438 18800
cat_boundaries=0 2 5 8 11 13 15 17 20 22
cat_threshold=2531045193 2416120282 2531148102 2491830304 5 1073840312 590356881 2 32928 553656473 2 1092682256 1244168704 134221825 65540 5129 1050692 671147569 691545417 3 80025668 3234159234
is_linear=0
shrinkage=0.05


Tree=80
num_leaves=31
num_cat=9
split_feature=9 6 0 9 7 0 5 0 5 7 0 0 8 5 8 0 9 3 9 0 5 6 9 3 0 0 5 8 9 3
split_gain=28.1306 13.012 21.6242 24.1555 16.4654 68.6526 34.132 17.2276 18.1212 16.4209 17.8475 16.6385 17.3687 13.2932 12.4749 11.6773 14.4222 15.21 20.4357 11.5354 11.028 10.9954 15.1589 14.8386 27.2995 12.3529 10.5672 13.2481 10.3406 14.3606
threshold=1.155 1.0000000180025095e-35 0 3.1550000000000007 5.5000000000000009 1 11.500000000000002 2 11.500000000000002 1.0000000180025095e-35 3 4 1.0000000180025095e-35 3.5000000000000004 3.5000000000000004 5 3.5850000000000004 2.5000000000000004 4.2700000000000005 6 11.500000000000002 1.0000000180025095e-35 0.36500000000000005 1.5000000000000002 7 8 4.5000000000000009 2.5000000000000004 1.9300000000000004 5.5000000000000009
decision_type=2 2 1 2 2 1 2 1 2 2 1 1 2 2 2 1 2 2 2 1 2 2 2 2 1 1 2 2 2 2
left_child=21 2 9 -4 15 6 -6 14 -9 11 28 26 -13 -5 -7 16 -3 -18 -19 -14 -21 23 -23 24 -1 -24 -2 -28 -11 -30
right_child=1 4 3 13 5 7 -8 8 -10 10 -12 12 19 -15 -16 -17 17 18 -20 20 -22 22 25 -25 -26 -27 27 -29 29 -31
leaf_value=-0.00065010613092409168 0.00074243273972192923 -0.00074944529482881138 0.0025530258344398961 -0.0044044985220982481 0.015627309245415555 -0.024039537008937406 -0.024770618388887312 -0.006133603454629581 -0.037113433220872176 -0.006601649092607533 0.00056207338111491595 -0.0050124390114087434 -0.0025583203003468101 0.036812704603506045 -0.057570200255422879 0.0008580925481890783 -0.009013215625068037 0.041595210854641421 -0.015034315131959462 0.0091755537592477388 -0.012373080127514327 -0.0032030640747174053 0.000280115865420494 -0.00018553801965212008 0.0030862099297356989 -0.00086933011645155031 0.010022666055486545 -0.0058531379044343464 -0.0027941646212749638 0.022186574712395671
leaf_weight=9371 779 17887 17550 26 366 174 61 375 54 2089 2815 1230 497 79 33 49238 41 66 21 686 65 5486 34038 119527 10210 74588 1113 149 247 75
leaf_count=9371 779 17887 17550 26 366 174 61 375 54 2089 2815 1230 497 79 33 49238 41 66 21 686 65 5486 34038 119527 10210 74588 1113 149 247 75
internal_value=1.07704e-06 0.000731279 0.0016518 0.00269455 0.000362078 -0.00581217 0.00963063 -0.0160788 -0.00980462 -0.000239864 -0.00214871 0.00196709 -0.00079268 0.0266065 -0.0280309 0.000459668 -0.000629421 0.0160939 0.027926 0.00335986 0.00721443 -0.000274936 -0.000638714 2.34754e-05 0.00129934 -0.000509205 0.00529569 0.00814826 -0.0052941 0.00302433
internal_weight=348936 95716 27400 17655 68316 1063 427 636 429 9745 5226 4519 2478 105 207 67253 18015 128 87 1248 751 253220 114112 139108 19581 108626 2041 1262 2411 322
internal_count=348936 95716 27400 17655 68316 1063 427 636 429 9745 5226 4519 2478 105 207 67253 18015 128 87 1248 751 253220 114112 139108 19581 108626 2041 1262 2411 322
cat_boundaries=0 3 6 8 11 13 15 17 20 23
cat_threshold=573270181 808715293 2 1040585810 691449096 6 18375072 2155872278 34078725 1311769 2 34078849 1311773 1485084166 25379200 539049984 2097152 2456632914 1837710424 4 1494754852 1090585756 3
is_linear=0
shrinkage=0.05


Tree=81
num_leaves=31
num_cat=13
split_feature=9 9 6 0 6 3 0 9 10 0 10 0 5 3 0 0 3 0 5 0 5 0 5 6 6 0 0 0 0 6
split_gain=26.0638 13.1555 13.8947 13.5571 10.8152 10.6017 35.5105 27.495 36.0792 30.5483 22.2945 33.4006 19.6767 16.4511 40.0006 19.3615 17.4013 15.7889 15.38 18.2922 15.3689 28.1933 14.3502 14.2846 13.5283 13.4065 13.2157 11.9288 11.0409 10.622
threshold=1.5350000000000004 0.53500000000000003 3.5000000000000004 0 1.5000000000000002 1.5000000000000002 1 1.2700000000000002 1.0000000180025095e-35 2 1.0000000180025095e-35 3 2.5000000000000004 3.5000000000000004 4 5 6.5000000000000009 6 2.5000000000000004 7 9.5000000000000018 8 1.5000000000000002 2.5000000000000004 1.0000000180025095e-35 9 10 11 12 2.5000000000000004
decision_type=2 2 2 1 2 2 1 2 2 1 2 1 2 2 1 1 2 1 2 1 2 1 2 2 2 1 1 1 1 2
left_child=1 4 5 -4 -1 6 7 22 9 -9 20 -12 -13 14 -7 -15 18 -18 19 -17 25 -22 26 -10 -24 -8 -3 -20 -16 -14
right_child=-2 2 3 -5 -6 13 10 8 23 -11 11 12 29 15 28 16 17 -19 27 -21 21 -23 24 -25 -26 -27 -28 -29 -30 -31
leaf_value=-0.00068971661868482727 0.001060977793199453 0.004058045690577221 0.00031461407029180564 -0.0039352669474283179 -0.0036913239476550927 0.00064048513881631369 -0.0037576538802414844 0.013607748405583632 0.034042612799420592 0.0012181875096933437 -0.0030891701013694346 -0.0048302007592806321 0.016055195950531877 0.00092791555203977335 -0.0033366299040350532 -0.004738361707497479 0.0030105563606529486 -1.9872681408748605e-05 -0.0013855916610228916 -0.00047753463021406268 -0.0092893973433205834 -0.0006533836111867104 0.0043716589983150795 -0.010715981486719102 0.00056291070497118919 0.00050261945851779366 -0.0081514754050441302 0.00026602237714277261 -0.0013275116080493001 -0.0065244643882449195
leaf_weight=54174 49731 335 3295 4358 3177 29795 2146 811 164 1284 709 158 745 57703 9069 4769 6541 12508 17293 5347 1402 2878 4692 20 4634 12860 626 29690 27966 56
leaf_count=54174 49731 335 3295 4358 3177 29795 2146 811 164 1284 709 158 745 57703 9069 4769 6541 12508 17293 5347 1402 2878 4692 20 4634 12860 626 29690 27966 56
internal_value=1.02419e-06 -0.000175151 -1.37028e-05 -0.00211021 -0.000855993 5.4805e-05 0.000877926 0.00297813 0.00794952 0.00608511 -0.000382795 0.00516275 0.0111791 -8.2682e-05 -0.000723359 0.000237199 -0.000286292 0.00102228 -0.000722899 -0.00249138 -0.000862615 -0.00350551 0.00187966 0.0291775 0.00247913 -0.000108809 -0.00393789 -0.000342124 -0.00182027 0.0144766
internal_weight=348936 299205 241854 7653 57351 234201 33520 12566 2279 2095 20954 1668 959 200681 66830 133851 76148 19049 57099 10116 19286 4280 10287 184 9326 15006 961 46983 37035 801
internal_count=348936 299205 241854 7653 57351 234201 33520 12566 2279 2095 20954 1668 959 200681 66830 133851 76148 19049 57099 10116 19286 4280 10287 184 9326 15006 961 46983 37035 801
cat_boundaries=0 3 5 7 10 12 15 17 19 21 23 25 27 30
cat_threshold=235258204 2279220517 5 1134609209 3357983648 16794129 1210073120 206057542 289942528 5 3193809025 1410511758 3498067316 764217469 7 67965056 35709312 21766272 3257070850 2952863808 352858122 1024 8392780 49664 2149745280 774180864 1107444352 16444 65568 5
is_linear=0
shrinkage=0.05


Tree=82
num_leaves=31
num_cat=7
split_feature=9 6 0 9 0 9 0 9 3 5 9 0 9 3 7 5 6 9 6 5 3 7 7 0 0 3 0 6 6 9
split_gain=23.895 13.2248 37.9152 19.0683 20.272 15.2014 19.9493 29.4098 15.7365 13.2977 11.5331 11.9701 12.423 19.9565 19.3454 17.4956 16.4817 15.9302 14.2327 18.102 13.0582 11.5264 13.6158 69.9642 37.6154 27.9641 21.0948 19.8093 19.5769 34.8632
threshold=0.93000000000000005 5.5000000000000009 0 2.2700000000000005 1 2.0700000000000007 2 4.1550000000000002 2.5000000000000004 11.500000000000002 2.5350000000000006 3 2.7300000000000004 6.5000000000000009 1.5000000000000002 6.5000000000000009 3.5000000000000004 3.7900000000000005 1.5000000000000002 5.5000000000000009 5.5000000000000009 6.5000000000000009 2.5000000000000004 4 5 4.5000000000000009 6 4.5000000000000009 1.5000000000000002 2.9300000000000002
decision_type=2 2 1 2 1 2 1 2 2 2 2 1 2 2 2 2 2 2 2 2 2 2 2 1 1 2 1 2 2 2
left_child=-1 5 3 -3 -5 -2 10 21 -9 -4 -7 12 14 17 15 20 -15 -14 19 -16 -12 22 24 28 25 26 27 -8 29 -24
right_child=1 2 9 4 -6 6 7 8 -10 -11 11 -13 13 16 18 -17 -18 -19 -20 -21 -22 -23 23 -25 -26 -27 -28 -29 -30 -31
leaf_value=-0.00039888709041090945 0.00033972269730444269 -0.002452301896612569 -0.007222755636644919 0.021781881401936213 0.0014530383270337352 -0.0024351696963933831 -0.01276301974460723 0.074998823404312132 0.020204988097477901 -0.023618282084783501 0.0028939092568322725 -0.00019267074297274912 0.009906254335746446 -0.042439166165706588 0.052971719604517735 0.061402104258099027 0.0063303172619392474 -0.024465944094432368 -0.0058847616209047986 -0.0084388048343715227 0.042552980014256073 -0.0098352025927009971 0.020571083465960815 -0.00020914790411736845 0.0054694446707475881 -0.0095050278506570735 0.0060865075073317197 0.024624617325025612 0.012381995594152741 0.066453223994800026
leaf_weight=180438 152533 572 1191 221 278 2900 310 20 38 138 51 1621 379 41 28 34 30 37 107 21 35 162 267 1421 3551 920 886 40 617 49
leaf_count=180438 152533 572 1191 221 278 2900 310 20 38 138 51 1621 379 41 28 34 30 37 107 21 35 162 267 1421 3551 920 886 40 617 49
internal_value=9.50586e-07 0.000429121 -0.00325594 0.0037441 0.010922 0.000482368 0.00208636 0.00361568 0.0390994 -0.00885857 -0.000316616 0.00225916 0.00737396 0.00266763 0.0159454 0.0310385 -0.0218323 0.00684911 0.00433541 0.0266529 0.0190342 0.00336979 0.00363517 0.00683479 0.00231541 -0.00289135 0.00200806 -0.00825431 0.017379 0.0276857
internal_weight=348936 168498 2400 1071 499 166098 13565 8281 58 1329 5284 2384 763 487 276 120 71 416 156 49 86 8223 8061 2354 5707 2156 1236 350 933 316
internal_count=348936 168498 2400 1071 499 166098 13565 8281 58 1329 5284 2384 763 487 276 120 71 416 156 49 86 8223 8061 2354 5707 2156 1236 350 933 316
cat_boundaries=0 3 6 9 11 14 17 19
cat_threshold=3251127716 1402255732 5 2164278528 277887076 4 1392604417 3571462246 6 33558785 3223322626 677642850 538509576 1 2690908674 537461017 1 541327360 536870912
is_linear=0
shrinkage=0.05


Tree=83
num_leaves=31
num_cat=15
split_feature=9 9 6 0 6 3 0 10 0 5 3 0 0 1 0 9 0 8 9 1 5 0 5 0 6 0 0 8 0 0
split_gain=21.9248 12.6822 12.8488 15.9165 12.8746 11.9598 47.9625 22.6848 27.7364 18.0213 17.6255 43.1793 29.9488 15.6194 13.026 11.9477 18.5084 21.6333 21.5067 16.9837 16.1316 12.1426 11.769 11.3763 10.5127 10.1857 9.96754 9.28508 15.2226 13.7477
threshold=1.6900000000000002 0.69000000000000006 1.5000000000000002 0 2.5000000000000004 1.5000000000000002 1 1.0000000180025095e-35 2 2.5000000000000004 3.5000000000000004 3 4 5 6 1.0700000000000001 7 2.5000000000000004 1.2700000000000002 8 1.5000000000000002 9 1.5000000000000002 10 2.5000000000000004 11 12 1.0000000180025095e-35 13 14
decision_type=2 2 2 1 2 2 1 2 1 2 2 1 1 1 1 2 1 2 2 1 2 1 2 1 2 1 1 2 1 1
left_child=1 24 5 4 25 6 15 14 13 -10 11 -7 -12 -9 -8 21 17 19 -19 -17 -21 -3 26 -13 -1 -4 -16 28 -25 -29
right_child=-2 2 3 -5 -6 10 7 8 9 -11 12 23 -14 -15 22 16 -18 18 -20 20 -22 -23 -24 27 -26 -27 -28 29 -30 -31
leaf_value=-0.00055228439597475559 0.0011722079722006065 0.0053109713455178741 0.0023865724223584104 -0.0012303805955723975 -0.00093130330494491239 -0.0025103428632502135 -0.0036752985021834407 -0.015876115413502211 -0.00516424466609913 0.019770430648156131 -0.0004068164189313976 0.002521960106792526 0.0014483741408597623 0.0040534181645410635 -0.015061559144197146 0.013558394668425712 0.0037964851052081014 0.0055546243376327015 0.046521125085375925 0.026903884112834932 -0.0042590408368253863 0.00081400313257724952 0.0006146962889626577 0.0011812261695729694 -0.0050141686958951499 2.603722624660917e-05 -0.0012209474859501135 -0.00095221966456326089 -0.0028670740018304909 0.0028758102127401253
leaf_weight=93710 35850 2419 8842 35261 12156 18424 4140 138 89 390 41779 6257 45373 286 218 667 2842 53 81 48 308 3963 5675 4204 1339 9458 322 4236 5169 5239
leaf_count=93710 35850 2419 8842 35261 12156 18424 4140 138 89 390 41779 6257 45373 286 218 667 2842 53 81 48 308 3963 5675 4204 1339 9458 322 4236 5169 5239
internal_value=9.5234e-07 -0.000133163 7.69465e-05 -0.000507406 0.000329926 0.00032906 0.00141784 -0.000843316 0.00675636 0.0148279 0.000148772 -0.000672871 0.000559151 -0.00264943 -0.00150685 0.00386712 0.00601371 0.0113293 0.030318 0.00895272 -5.57326e-05 0.00252811 -5.63837e-05 0.000676338 -0.000615141 0.00116789 -0.00710998 6.2632e-05 -0.00105312 0.00116644
internal_weight=348936 313086 218037 65717 30456 152320 21639 11258 903 479 130681 43529 87152 424 10355 10381 3999 1157 134 1023 356 6382 6215 25105 95049 18300 540 18848 9373 9475
internal_count=348936 313086 218037 65717 30456 152320 21639 11258 903 479 130681 43529 87152 424 10355 10381 3999 1157 134 1023 356 6382 6215 25105 95049 18300 540 18848 9373 9475
cat_boundaries=0 3 5 8 11 13 14 17 19 20 22 24 27 30 32 34
cat_threshold=2333249643 3130378251 7 128047971 3496986528 2286690436 151005252 6 285397564 2850900128 7 1807051331 3495349130 4 2952791040 76550175 2 27333184 16896 3 33605632 3225845920 673515520 268574728 51413001 277972993 6 1074790416 687865920 1 3254781057 1107300883 3254781058 1107300883
is_linear=0
shrinkage=0.05


Tree=84
num_leaves=31
num_cat=10
split_feature=9 6 0 9 3 0 5 0 1 0 10 5 0 6 0 9 7 0 5 7 9 9 8 7 9 6 8 0 0 10
split_gain=20.079 11.2284 11.7604 11.6355 9.96293 28.2891 14.0165 35.1694 13.6981 17.7226 12.5733 19.3058 11.8623 9.5585 34.1525 16.9291 13.8964 11.2058 11.2823 10.3611 12.5134 10.3268 10.161 13.6865 15.6997 9.39805 8.50155 56.7325 19.0847 18.4082
threshold=1.5350000000000004 4.5000000000000009 0 0.58500000000000008 6.5000000000000009 1 2.5000000000000004 2 3 4 1.0000000180025095e-35 1.5000000000000002 5 6.5000000000000009 6 3.2250000000000005 2.5000000000000004 7 10.500000000000002 1.0000000180025095e-35 2.2700000000000005 2.9300000000000002 2.5000000000000004 2.5000000000000004 3.0700000000000007 2.5000000000000004 2.5000000000000004 8 9 1.0000000180025095e-35
decision_type=2 2 1 2 2 1 2 1 1 1 2 2 1 2 1 2 2 1 2 2 2 2 2 2 2 2 2 1 1 2
left_child=1 3 -3 25 -5 -6 7 -7 9 -9 12 -12 -10 26 15 19 -17 -16 22 20 -15 -20 23 -19 -25 -1 28 -28 -2 -29
right_child=13 2 -4 4 5 6 -8 8 10 -11 11 -13 -14 14 17 16 -18 18 21 -21 -22 -23 -24 24 -26 -27 27 29 -30 -31
leaf_value=-0.00052533972000713529 -0.0005986007477775555 -0.0084869484874832025 -0.00076436793384780676 -5.7059509084066308e-05 -0.00079444532349128537 -0.0024767288806216972 0.0016654170730944545 0.027442584477777032 -0.0040788120458497886 0.0092164687940385192 0.0074110558035687382 0.054619766074006981 0.007631904657418434 0.00021704600572034166 -0.027190973539836707 0.042947373056415258 0.003327629744614426 -0.0053086072796111492 -0.0089905332043474801 -0.0072614734326230572 0.040072591855160655 -0.043169372328198875 -0.019019691832363607 0.0026919875534311419 0.059512391686439514 -0.0047471924156240325 -0.0016695742700528306 0.0052391102247888923 0.0016254274319111861 0.016494737222915366
leaf_weight=93598 16512 808 1262 173315 12913 925 13137 207 282 450 63 33 875 54 106 53 38 139 51 144 31 39 74 31 20 1337 4471 4393 23179 396
leaf_count=93598 16512 808 1262 173315 12913 925 13137 207 282 450 63 33 875 54 106 53 38 139 51 144 31 39 74 31 20 1337 4471 4393 23179 396
internal_value=8.96356e-07 -0.000153735 -0.00382348 -0.000128169 8.62223e-05 0.000945938 0.00235202 0.00554196 0.00938916 0.0152843 0.00620156 0.023639 0.00480832 0.000931229 -0.00456019 0.00791206 0.0264029 -0.0131233 -0.00827961 0.000909688 0.0147526 -0.0238014 -0.00330172 0.00282002 0.0249745 -0.000584797 0.00101873 0.00238293 0.00070046 0.00615698
internal_weight=348936 299205 2070 297135 202200 28885 15972 2835 1910 657 1253 96 1157 49731 780 320 91 460 354 229 85 90 264 190 51 94935 48951 9260 39691 4789
internal_count=348936 299205 2070 297135 202200 28885 15972 2835 1910 657 1253 96 1157 49731 780 320 91 460 354 229 85 90 264 190 51 94935 48951 9260 39691 4789
cat_boundaries=0 3 6 9 10 12 14 17 19 22 25
cat_threshold=833366752 1645650321 4 2480949259 3700954734 5 67186772 543227904 2 2 134250784 33595520 1207992320 8576 283644162 1405120843 5 134283328 2150236288 3181757236 2307160627 4 1648372825 1947509231 1
is_linear=0
shrinkage=0.05


Tree=85
num_leaves=31
num_cat=9
split_feature=9 6 0 9 0 9 0 9 3 8 8 5 0 9 7 3 1 0 3 0 0 3 5 5 7 5 9 7 3 0
split_gain=18.531 11.3462 33.8528 17.6006 21.1216 12.226 18.006 26.627 14.2042 11.7472 11.394 15.7574 14.6173 11.5769 10.7974 13.0191 10.6848 20.1934 16.0763 25.8108 16.8118 15.7856 23.3545 25.9779 27.4587 14.9971 16.0447 14.167 13.4656 34.7831
threshold=0.93000000000000005 5.5000000000000009 0 2.2700000000000005 1 2.0700000000000007 2 4.1550000000000002 2.5000000000000004 4.5000000000000009 1.0000000180025095e-35 11.500000000000002 3 2.0700000000000007 6.5000000000000009 1.5000000000000002 4 5 5.5000000000000009 6 7 6.5000000000000009 1.5000000000000002 4.5000000000000009 3.5000000000000004 5.5000000000000009 2.8450000000000002 1.5000000000000002 4.5000000000000009 8
decision_type=2 2 1 2 1 2 1 2 2 2 2 2 1 2 2 2 1 1 2 1 1 2 2 2 2 2 2 2 2 1
left_child=-1 5 10 -4 -5 -2 16 14 -9 -6 12 -12 13 -3 -8 -16 21 -18 20 -20 -19 28 -23 24 -24 26 -25 -22 -7 -30
right_child=1 2 3 4 9 6 7 8 -10 -11 11 -13 -14 -15 15 -17 17 18 19 -21 27 22 23 25 -26 -27 -28 -29 29 -31
leaf_value=-0.0003512595216222965 0.00029930740286926861 0.00024259584659541198 -0.0029633183798928194 0.02065132429939695 0.0042496926225114454 7.6113936794396878e-05 0.0032958121077702506 0.071143444329500191 0.019085680869849107 -0.025041381063822074 -0.010836062064934152 -0.035137856962780156 -0.0083737116017916276 0.033822617919317316 -0.041354544791910391 -0.0034120702613547127 -0.016650705318897962 0.0021146111733174201 0.027311135779868451 -0.0010329987752051076 -0.016056981139342084 -0.038931827712804082 0.021596389104213035 -0.01700734806060791 -0.024498919277851069 -0.0061220847099320965 -0.067467409647677265 0.0037186690833137821 0.017089795487789581 -0.0016835314532193558
leaf_weight=180438 152533 66 690 220 345 2005 8272 20 38 38 603 75 321 42 27 139 250 456 103 283 379 52 140 50 42 184 23 119 458 525
leaf_count=180438 152533 66 690 220 345 2005 8272 20 38 38 603 75 321 42 27 139 250 456 103 283 379 52 140 50 42 184 23 119 458 525
internal_value=8.51373e-07 0.000377913 -0.00303539 0.00247098 0.00873031 0.000427233 0.00186571 0.00327066 0.0370366 0.00130934 -0.00940432 -0.0135243 -0.00311221 0.0121742 0.00304244 -0.00958344 -0.000494568 -0.0038771 -0.00138828 0.00721111 -0.00488225 0.00105802 -0.00724745 -0.0034944 0.010959 -0.0137299 -0.0329057 -0.0111084 0.00242635 0.00722008
internal_weight=348936 168498 2400 1293 603 166098 13565 8496 58 383 1107 678 429 108 8438 166 5069 1590 1340 386 954 3479 491 439 182 257 73 498 2988 983
internal_count=348936 168498 2400 1293 603 166098 13565 8496 58 383 1107 678 429 108 8438 166 5069 1590 1340 386 954 3479 491 439 182 257 73 498 2988 983
cat_boundaries=0 3 5 8 10 11 13 15 18 20
cat_threshold=1043602011 2892711050 2 2164286720 277887076 1392538881 3571462246 6 35915778 4210688 8 24576 2147487744 16781313 67108960 1342177536 274735108 6 318783744 3504345088
is_linear=0
shrinkage=0.05


Tree=86
num_leaves=31
num_cat=12
split_feature=9 6 9 3 0 10 0 9 5 0 0 3 0 0 10 0 9 8 5 9 0 0 5 3 0 0 9 5 0 9
split_gain=17.0992 11.7745 12.9734 12.9023 26.3448 12.0792 28.9918 19.8152 12.2551 13.3953 12.07 12.0145 32.2453 30.8784 15.1873 23.2787 15.7343 14.4397 12.7985 15.2422 37.3684 11.2693 11.3427 11.1902 16.8301 14.7463 13.7971 11.1516 10.8489 15.8016
threshold=1.3650000000000002 1.0000000180025095e-35 0.36500000000000005 1.5000000000000002 0 1.0000000180025095e-35 1 1.2700000000000002 3.5000000000000004 2 3 3.5000000000000004 4 5 1.0000000180025095e-35 6 0.93000000000000005 1.5000000000000002 1.5000000000000002 1.2700000000000002 7 8 3.5000000000000004 5.5000000000000009 9 10 0.46500000000000002 10.500000000000002 11 0.93000000000000005
decision_type=2 2 2 2 1 2 1 2 2 1 1 2 1 1 2 1 2 2 2 2 1 1 2 2 1 1 2 2 1 2
left_child=1 3 -3 4 -1 -6 -7 8 -8 -10 -4 12 14 18 17 -16 -17 -5 23 -20 -21 -18 -23 24 26 -25 -13 -22 -19 -30
right_child=-2 2 10 11 5 6 7 -9 9 -11 -12 13 -14 -15 15 16 21 28 19 20 27 22 -24 25 -26 -27 -28 -29 29 -31
leaf_value=-0.0010081915131671963 0.00070424605046497449 -0.0028986800929196683 9.8538956185610763e-05 -0.00048526452641138812 0.0022125185319885939 -0.0042654533560133427 -0.00030050761464713927 0.044393819935467781 0.024740408293766794 0.0071935203910598686 -0.00088262028884116862 0.0017845343798398973 -0.001984941586322011 -0.00051890273062999901 -0.0032487322343068186 0.0062410553903679876 0.0057201532926410437 0.00015108958134106034 0.00082595834457171731 0.011982229437188123 0.00081923815653766057 0.0093775412958601242 0.038945142047649081 -0.0048016624985589805 0.0024403029645262003 0.0050043203465038183 0.016854281110127028 -0.013145103522164879 0.0026144555021523751 0.011685697490518744
leaf_weight=7845 69255 5486 59928 12993 12039 336 166 49 209 274 65713 208 23446 49662 513 787 110 2098 30120 1022 847 46 110 593 879 1046 563 172 1761 660
leaf_count=7845 69255 5486 59928 12993 12039 336 166 49 209 274 65713 208 23446 49662 513 787 110 2098 30120 1022 847 46 110 593 879 1046 563 172 1761 660
internal_value=8.65295e-07 -0.000173307 -0.000518615 0.000131493 0.00128252 0.0026559 0.00784398 0.0135403 0.0114195 0.0154474 -0.000414691 -5.71476e-05 -0.000743447 0.000285744 0.000782924 0.00550088 0.00970222 0.00036147 0.00141272 0.00110931 0.00529084 0.0203073 0.0284056 0.00438393 0.00729065 0.00145769 0.012625 -0.0015229 0.002796 0.00506648
internal_weight=348936 279681 131127 148554 20918 13073 1034 698 649 483 125641 127636 42524 85112 19078 1566 1053 17512 35450 32161 2041 266 156 3289 1650 1639 771 1019 4519 2421
internal_count=348936 279681 131127 148554 20918 13073 1034 698 649 483 125641 127636 42524 85112 19078 1566 1053 17512 35450 32161 2041 266 156 3289 1650 1639 771 1019 4519 2421
cat_boundaries=0 2 5 8 11 14 17 19 21 23 25 27 30
cat_threshold=2586388754 697113688 79876288 33579040 4 553649161 2218819714 2 4279790693 1896956974 3 4064913347 307376461 2 149164062 2918021168 4 3259072640 4105 4120 2378504224 1345 1187840 2101268 770244640 2101268 2178957312 2147590211 37888257 2
is_linear=0
shrinkage=0.05


Tree=87
num_leaves=31
num_cat=14
split_feature=9 6 9 9 3 0 9 10 0 0 9 0 3 0 9 0 8 0 5 0 9 0 0 1 0 6 0 9 0 7
split_gain=15.6839 11.0589 13.4642 12.5228 11.0246 26.2247 15.4514 19.243 22.4963 19.1453 13.1481 12.9369 11.2763 43.3986 15.8593 15.6847 15.0974 12.2028 10.985 18.4717 14.7676 11.3827 10.931 10.4056 9.94588 12.0506 9.38586 10.5748 9.15368 17.01
threshold=1.6900000000000002 1.0000000180025095e-35 1.5850000000000002 0.36500000000000005 1.5000000000000002 0 0.84500000000000008 1.0000000180025095e-35 1 2 1.2700000000000002 3 6.5000000000000009 4 0.46500000000000002 5 4.5000000000000009 6 2.5000000000000004 7 0.93000000000000005 8 9 10 11 1.5000000000000002 12 1.3100000000000003 13 4.5000000000000009
decision_type=2 2 2 2 2 1 2 2 1 1 2 1 2 1 2 1 2 1 2 1 2 1 1 1 1 2 1 2 1 2
left_child=1 4 3 -3 5 6 11 9 -9 -8 -10 -1 15 14 -14 23 18 -15 19 20 -16 -20 -22 -6 25 26 27 -5 29 -2
right_child=28 2 -4 24 12 -7 7 8 10 -11 -12 -13 13 17 16 -17 -18 -19 21 -21 22 -23 -24 -25 -26 -27 -28 -29 -30 -31
leaf_value=0.0042590512952870793 0.0027002702535334202 -0.0027537460359797357 -0.032844013418070972 0.001361166729124859 0.0098213806819664878 -0.0004331920769140475 0.00037840492727886604 -0.0055890994364613889 0.015509545743974937 0.0070162656879899591 0.037722202445331372 -0.00055640130348100583 0.00011230515538208407 -0.0045785373326840337 0.0083621522184858781 -0.0007369207456362877 -0.012417531974937142 -0.00034092903446815583 0.0065151274855035669 0.0030998825021373473 0.035155121847987178 0.0021926664413430084 0.01285496168035679 0.00038773491746272974 -0.00071140855245327731 -0.00054983309238957505 0.00016977423792446824 0.0060491895128292061 0.00047220983125340293 -0.0061786040080008672
leaf_weight=2240 10055 5486 32 10844 284 11685 1943 101 223 2477 95 3669 2902 2046 389 61158 131 9813 2452 757 115 4093 179 52318 77754 35094 23453 1353 25225 570
leaf_count=2240 10055 5486 32 10844 284 11685 1943 101 223 2477 95 3669 2902 2046 389 61158 131 9813 2452 757 115 4093 179 52318 77754 35094 23453 1353 25225 570
internal_value=8.80229e-07 -0.000112552 -0.000414551 -0.000407811 0.000179851 0.00120715 0.00298812 0.00508583 0.0153266 0.00411504 0.0214702 0.00127532 1.11897e-05 0.00102409 0.00328169 -0.000192503 0.00441899 -0.00107527 0.00469521 0.00864893 0.0145409 0.00382533 0.0232108 0.000440525 -0.000321145 0.000107875 0.000755356 0.00187966 0.00099151 0.00222185
internal_weight=348936 313086 154016 153984 159070 22433 10748 4839 419 4420 318 5909 136637 22877 11018 113760 8116 11859 7985 1440 683 6545 294 52602 148498 70744 35650 12197 35850 10625
internal_count=348936 313086 154016 153984 159070 22433 10748 4839 419 4420 318 5909 136637 22877 11018 113760 8116 11859 7985 1440 683 6545 294 52602 148498 70744 35650 12197 35850 10625
cat_boundaries=0 2 3 5 7 10 13 15 18 21 23 24 27 29 31
cat_threshold=1103352813 3563504546 180681 1077936589 337642114 1073774797 2147516578 2382879154 2812868752 2 3504418887 484252775 4 65 268435556 262562 2181625872 2 67113106 2734710784 2 160 2181040144 8 3407359589 2033264220 3 1074277888 1073742936 829702297 1610631222
is_linear=0
shrinkage=0.05


Tree=88
num_leaves=31
num_cat=11
split_feature=9 6 0 1 0 9 0 8 0 0 8 9 1 0 10 9 3 3 9 6 0 7 1 0 7 5 3 7 8 7
split_gain=14.6685 10.7494 15.0368 12.0821 19.1262 12.0421 17.0951 17.3641 39.1041 26.4244 25.3318 21.1666 17.1253 24.5969 16.9697 16.7512 15.8239 24.3163 15.5765 14.9885 19.4635 16.5336 14.4558 14.3401 12.6006 27.8825 16.5072 12.3771 11.8422 14.5517
threshold=0.93000000000000005 4.5000000000000009 0 1 2 2.0700000000000007 3 1.0000000180025095e-35 4 5 5.5000000000000009 3.7900000000000005 6 7 1.0000000180025095e-35 4.1550000000000002 4.5000000000000009 2.5000000000000004 3.7900000000000005 1.0000000180025095e-35 8 3.5000000000000004 9 10 1.0000000180025095e-35 5.5000000000000009 4.5000000000000009 4.5000000000000009 3.5000000000000004 3.5000000000000004
decision_type=2 2 1 1 1 2 1 2 1 1 2 2 1 1 2 2 2 2 2 2 1 2 1 1 2 2 2 2 2 2
left_child=-1 5 3 4 -3 -2 7 8 -7 10 14 22 19 -14 18 -8 17 -15 27 -10 -21 24 -11 -24 26 -26 -22 -9 29 -16
right_child=1 2 -4 -5 -6 6 15 9 12 11 -12 -13 13 16 28 -17 -18 -19 -20 20 21 -23 23 -25 25 -27 -28 -29 -30 -31
leaf_value=-0.00031233759889579552 0.00029111472457017239 0.011940518772098585 -0.0035268425918714309 0.0035810282488637525 -0.01035208794650159 -0.01472825673131441 0.0033507741824906332 0.006894815859493697 0.023217020834002785 0.00019268458944270012 -0.017340759564777493 -0.03744774430413686 -0.026598911104804796 0.012192103614506778 0.040014728275633869 0.03540403425875234 0.016203809654162755 -0.030902895292983068 0.043739778783034394 -0.0081770390733905043 -0.016536673384585553 -0.015066489964150465 0.0018355343933598917 -0.021652258312643835 0.0050933971758122037 0.045320836112570068 0.023421824869001285 -0.0087287124432623396 -0.0069702119901776313 -0.0037028527042518057
leaf_weight=180438 149892 118 4009 1728 395 586 6983 1341 108 1672 108 42 105 64 92 41 105 67 27 229 56 52 112 156 92 81 48 140 25 24
leaf_count=180438 149892 118 4009 1728 395 586 6983 1341 108 1672 108 42 105 64 92 41 105 67 27 229 56 52 112 156 92 81 48 140 25 24
internal_value=9.35602e-07 0.000336408 -0.00169836 0.00158135 -0.00509409 0.00041479 0.0019151 -0.0002222 -0.00459402 0.00163982 0.00608395 -0.0023188 0.00143537 -0.00754323 0.00765502 0.00353284 0.00167155 -0.00984885 0.00610405 0.0060761 0.00286739 0.0104847 -0.00157023 -0.0121235 0.0156598 0.0239282 0.00190571 0.00541791 0.0242428 0.0309697
internal_weight=348936 168498 6250 2241 513 162248 12356 5332 1593 3739 1757 1982 1007 341 1649 7024 236 131 1508 666 558 329 1940 268 277 173 104 1481 141 116
internal_count=348936 168498 6250 2241 513 162248 12356 5332 1593 3739 1757 1982 1007 341 1649 7024 236 131 1508 666 558 329 1940 268 277 173 104 1481 141 116
cat_boundaries=0 3 4 6 8 10 12 13 15 17 18 20
cat_threshold=356815201 299967329 1 2 256 4203040 1399158017 2774611302 21049345 67113222 1095053313 67179780 10 16384 2149655552 1344537600 4194368 9 268435712 2166358080
is_linear=0
shrinkage=0.05


Tree=89
num_leaves=31
num_cat=9
split_feature=9 6 0 9 2 7 0 0 1 0 3 9 8 0 9 0 3 5 7 3 8 7 5 5 3 5 8 0 9 6
split_gain=13.5148 11.1642 18.0457 14.0535 15.2895 14.0532 36.7927 18.9848 18.5297 35.8345 24.7607 14.362 16.408 41.5588 28.9032 19.8667 13.6338 13.5511 13.4453 13.2085 12.7741 16.7121 12.3276 11.7571 15.8906 10.9373 10.9008 10.7517 18.0911 27.8952
threshold=0.73000000000000009 3.5000000000000004 0 3.4650000000000003 1 1.0000000180025095e-35 2 3 4 5 2.5000000000000004 1.8450000000000004 1.0000000180025095e-35 6 2.9300000000000002 7 2.5000000000000004 1.5000000000000002 3.5000000000000004 4.5000000000000009 2.5000000000000004 1.5000000000000002 11.500000000000002 4.5000000000000009 3.5000000000000004 6.5000000000000009 1.0000000180025095e-35 8 4.0700000000000012 1.5000000000000002
decision_type=2 2 1 2 1 2 1 1 1 1 2 2 2 1 2 1 2 2 2 2 2 2 2 2 2 2 2 1 2 2
left_child=-1 3 -3 -2 16 6 -4 22 9 10 -8 -9 13 -13 18 20 -5 -11 -15 25 -14 -22 -7 24 -23 -16 -24 28 29 -6
right_child=1 2 5 4 27 7 8 11 -10 17 -12 12 15 14 19 -17 -18 -19 -20 -21 21 23 26 -25 -26 -27 -28 -29 -30 -31
leaf_value=-0.00038583361932296778 0.00033478899378003752 -0.0033449764973408035 0.0055348367302940462 -0.034253425986477827 0.026806108501520667 -0.0012258432770039858 0.060449445173144351 0.00090559511736883799 -0.0033067250547977444 0.002806180332388197 -0.0017506611684802921 -0.0027198694217140263 -0.011360157458619638 0.024294130849026409 0.10019483407959343 0.0082511525601458892 0.0038061013854131468 -0.030688982114926069 -0.0059833866895900832 0.027130213954175517 0.024775675285450171 0.033276592207619464 -0.031115122349348979 -0.016889590357408623 -0.014074422950472901 0.047904048413038254 -0.004835397024483731 0.020551240868901963 0.041661528633399447 -0.030608514623184292
leaf_weight=137174 195261 5470 1206 33 34 1655 20 2281 2960 35 80 220 275 198 20 928 82 220 45 24 71 37 67 86 34 20 96 226 22 56
leaf_count=137174 195261 5470 1206 33 34 1655 20 2281 2960 35 80 220 275 198 20 928 82 220 45 24 71 37 67 86 34 20 96 226 22 56
internal_value=7.92148e-07 0.000251238 -0.00101659 0.000355197 0.00915169 0.00019043 -0.00191883 0.00176512 -0.0046332 -0.0152998 0.0097176 0.00359355 0.00674327 0.0142856 0.0257227 0.00396563 -0.0065461 -0.025107 0.0186872 0.0564547 -0.0040249 0.00464593 -0.0025042 -0.00445733 0.0106015 0.0740494 -0.0156375 0.0142643 0.00093348 -0.00891855
internal_weight=348936 211762 16048 195714 453 10578 4521 6057 3315 355 100 4239 1958 527 307 1431 115 255 243 64 503 228 1818 157 71 40 163 338 112 90
internal_count=348936 211762 16048 195714 453 10578 4521 6057 3315 355 100 4239 1958 527 307 1431 115 255 243 64 503 228 1818 157 71 40 163 338 112 90
cat_boundaries=0 3 4 7 10 11 13 15 17 20
cat_threshold=948675130 1140934785 6 194 2097537 705700368 1 19923328 709886480 1 8 2182365184 268730368 4477953 2173174820 264192 3060738 524448 1074270976 1
is_linear=0
shrinkage=0.05


Tree=90
num_leaves=31
num_cat=13
split_feature=9 6 0 9 3 0 9 0 10 3 0 0 10 0 5 0 8 0 0 9 6 9 8 0 9 0 9 0 5 0
split_gain=12.79 10.0162 14.3223 10.9739 11.1193 30.9187 22.9013 32.8759 16.6494 15.017 35.4245 20.4693 13.2018 24.3902 12.8951 22.4068 12.2265 22.8874 19.0461 13.4129 15.3595 16.7284 12.0656 11.4393 11.347 10.0034 9.59055 32.199 10.5687 18.1494
threshold=1.5350000000000004 1.5000000000000002 0 0.15500000000000005 1.5000000000000002 1 1.2700000000000002 2 1.0000000180025095e-35 3.5000000000000004 3 4 1.0000000180025095e-35 5 9.5000000000000018 6 1.0000000180025095e-35 7 8 0.93000000000000005 1.0000000180025095e-35 1.4150000000000003 2.5000000000000004 9 1.0700000000000001 10 1.155 11 1.5000000000000002 12
decision_type=2 2 1 2 2 1 2 1 2 2 1 1 2 1 2 1 2 1 1 2 2 2 2 1 2 1 2 1 2 1
left_child=1 3 -3 -1 5 6 -5 22 -9 10 -6 -11 14 -14 23 -16 18 19 -12 -18 21 -21 -8 -7 -25 -26 28 -28 29 -13
right_child=-2 2 -4 4 9 12 7 8 -10 11 16 26 13 -15 15 -17 17 -19 -20 20 -22 -23 -24 24 25 -27 27 -29 -30 -31
leaf_value=-0.001529660817654425 0.00074330026677572479 -0.0016614005336486736 -0.0001309536240986327 0.0019648445021357096 -0.0021480061360003985 0.0016499001593541477 0.014260073382936139 0.00045604971836941618 0.021691400236358831 -0.00040372244598544283 0.0011700761498223413 -0.0010716217840239285 0.01206571844643271 -0.0015144118612993342 -0.0086339323173588983 -0.00038347127663636516 0.0019913845919907907 -1.8427788867090698e-05 -0.0020036088539479059 0.012668713511807842 0.0016335670765663325 -0.003395539188855573 0.034682107825831671 -0.00033769785399007194 7.6825274735638913e-05 -0.0082323201500932915 -0.0013389229886233806 0.0049412665579377157 0.0004314321109353612 0.0048619691422034494
leaf_weight=10703 49731 23291 44467 12173 24560 5431 613 971 102 58664 8412 2019 570 770 1315 2187 4092 13095 10770 1102 844 190 82 5525 583 973 3390 5115 53642 3554
leaf_count=10703 49731 23291 44467 12173 24560 5431 613 971 102 58664 8412 2019 570 770 1315 2187 4092 13095 10770 1102 844 190 82 5525 583 973 3390 5115 53642 3554
internal_value=7.88294e-07 -0.000122625 -0.000657291 3.39029e-05 0.000109714 0.000982831 0.0027352 0.0080547 0.00245184 -3.4516e-05 -0.0006647 0.000279943 -0.00042623 0.00434095 -0.000825399 -0.00350727 0.000281896 0.00116968 -0.000612268 0.00366195 0.00687945 0.0103063 0.0164331 -7.47672e-05 -0.00139791 -0.00517147 0.000872114 0.00244229 0.000646738 0.00271913
internal_weight=348936 299205 67758 231447 220744 31295 13941 1768 1073 189449 63065 126384 17354 1340 16014 3502 38505 19323 19182 6228 2136 1292 695 12512 7081 1556 67720 8505 59215 5573
internal_count=348936 299205 67758 231447 220744 31295 13941 1768 1073 189449 63065 126384 17354 1340 16014 3502 38505 19323 19182 6228 2136 1292 695 12512 7081 1556 67720 8505 59215 5573
cat_boundaries=0 2 5 7 10 12 15 17 19 21 23 26 29 32
cat_threshold=281357186 32114160 52878073 3261515424 1 19026513 1073758240 26366012 2842511520 7 1865212099 3524457410 1880097794 201396303 2 2953322496 362285066 810101504 67113028 2315551744 1385312523 886644742 270018560 2281701376 134283538 4 136708 740624400 2 276896000 19137540 3
is_linear=0
shrinkage=0.05


Tree=91
num_leaves=31
num_cat=12
split_feature=9 6 9 9 9 3 0 9 10 0 0 5 5 0 3 0 0 9 0 0 9 1 0 6 7 0 5 0 9 3
split_gain=11.7029 9.8077 12.1975 10.8603 9.98464 9.40412 23.1131 10.3897 19.604 26.7314 19.3072 15.7586 17.3037 11.9651 10.1434 40.0763 14.2905 14.1827 31.0441 11.1577 9.54408 9.26533 8.95056 9.75349 9.30246 17.6585 10.9321 9.20479 9.34024 8.76037
threshold=1.6900000000000002 1.0000000180025095e-35 1.5850000000000002 0.36500000000000005 1.0000000180025095e-35 1.5000000000000002 0 0.84500000000000008 1.0000000180025095e-35 1 2 7.5000000000000009 8.5000000000000018 3 6.5000000000000009 4 5 1.4150000000000003 6 7 1.2700000000000002 8 9 1.5000000000000002 2.5000000000000004 10 5.5000000000000009 11 1.3100000000000003 3.5000000000000004
decision_type=2 2 2 2 2 2 1 2 2 1 1 2 2 1 2 1 1 2 1 1 2 1 1 2 2 1 2 1 2 2
left_child=1 4 3 -3 -1 6 -6 13 10 11 -9 -10 -13 -8 16 17 21 -16 -19 -17 -14 -7 24 27 -5 -26 -27 28 -24 -23
right_child=-2 2 -4 22 5 14 7 8 9 -11 -12 12 20 -15 15 19 -18 18 -20 -21 -22 29 23 -25 25 26 -28 -29 -30 -31
leaf_value=-0.0030415809864074647 0.00085646266012582315 -0.0025598914442958079 -0.031247953744605185 -0.00050213864806939454 -0.00051050714306724143 0.0094935908175906858 0.0040105734829997321 0.0064971982879457636 0.016131706678763378 0.0017277370590554298 0.00016490841605463274 0.08308896296435879 0.015285777719691397 -0.00043728860297379018 0.0027321041585947684 -0.0043636654026277585 -0.00063229418959531529 -0.0057178147810221722 0.016167687706608518 -0.00028434353295302183 0.052247775925864139 -0.00035572686714814897 0.0012853117010416804 -0.00048808709786938204 4.9092324502959345e-05 -0.0018652156521566214 -0.0072757313463284014 0.00011594205646322121 0.0056911846993151017 0.00099588611295069337
leaf_weight=2372 35850 5486 32 63542 10543 275 2521 2477 129 231 2345 21 40 3757 10061 2019 61967 228 538 9671 31 20068 10844 38392 3809 1725 2035 26798 1353 29776
leaf_count=2372 35850 5486 32 63542 10543 275 2521 2477 129 231 2345 21 40 3757 10061 2019 61967 228 538 9671 31 20068 10844 38392 3809 1725 2035 26798 1353 29776
internal_value=7.44907e-07 -9.72393e-05 -0.000381641 -0.000375227 0.000178127 0.000226865 0.00118291 0.0027265 0.00436486 0.0143216 0.00343154 0.0262207 0.0432172 0.00135449 6.99308e-05 0.00103833 -0.000124612 0.00322845 0.00978989 -0.000992018 0.0314241 0.000503111 -0.000294518 7.76209e-05 -0.000699414 -0.00235647 -0.0047808 0.000634601 0.0017726 0.000451614
internal_weight=348936 313086 154016 153984 159070 156698 22095 11552 5274 452 4822 221 92 6278 134603 22517 112086 10827 766 11690 71 50119 148498 77387 71111 7569 3760 38995 12197 49844
internal_count=348936 313086 154016 153984 159070 156698 22095 11552 5274 452 4822 221 92 6278 134603 22517 112086 10827 766 11690 71 50119 148498 77387 71111 7569 3760 38995 12197 49844
cat_boundaries=0 3 5 7 9 12 15 18 20 21 24 26 28
cat_threshold=2654743570 697908316 7 25231904 342262403 25416224 3225862432 1610645709 2181071010 2382875066 2812868752 2 1356935239 484252775 4 100794386 67131392 2 65 268435556 8 350704026 2261702947 4 67391888 2152470787 1074277888 1073742936
is_linear=0
shrinkage=0.05


Tree=92
num_leaves=31
num_cat=10
split_feature=9 6 0 9 9 3 8 5 9 5 6 0 9 3 0 0 7 0 0 3 0 9 0 7 5 9 0 9 0 5
split_gain=10.9637 10.1079 33.4569 21.865 20.0532 20.7476 13.3887 11.9474 13.2537 11.2694 7.94031 12.5256 9.50161 9.10455 19.1036 9.88532 10.5225 24.3482 8.60031 7.87036 9.67011 9.24204 7.39682 7.23492 8.1954 7.21157 16.1216 16.8958 23.0201 22.7267
threshold=1.0700000000000001 6.5000000000000009 0 3.0700000000000007 3.7900000000000005 3.5000000000000004 1.0000000180025095e-35 10.500000000000002 3.2250000000000005 9.5000000000000018 1.0000000180025095e-35 1 0.93000000000000005 1.5000000000000002 2 3 4.5000000000000009 4 5 3.5000000000000004 6 0.31000000000000005 7 1.0000000180025095e-35 3.5000000000000004 2.1550000000000007 8 3.4650000000000003 9 11.500000000000002
decision_type=2 2 1 2 2 2 2 2 2 2 2 1 2 2 1 1 2 1 1 2 1 2 1 2 2 2 1 2 1 2
left_child=10 25 3 23 7 -6 -5 8 9 -4 13 12 -12 14 -1 19 -17 -18 -14 20 -15 -21 -23 -3 -25 -2 27 -27 -29 -30
right_child=1 2 4 6 5 -7 -8 -9 -10 -11 11 -13 18 15 -16 16 17 -19 -20 21 -22 22 -24 24 -26 26 -28 28 29 -31
leaf_value=0.003105140636778777 0.00028871286613380438 -0.022159778699833193 -0.0034390248181298379 -0.0049673958122730261 0.06765677002461061 0.0018544848114252091 -0.052014769094004744 -0.015009782133539293 0.024258883904952271 0.02777529083832633 -0.00028492489222269344 -0.0010203549395505938 0.0034516378161997896 0.0010452993578723795 -0.00024430655780460677 -0.00038134530419843191 0.0032151998440953255 -0.012785439706088877 0.00025394957656344776 -0.00099539709325069197 -0.0018766180194594692 0.0025619173231874156 0.00055422722899998739 0.011950027213633974 -0.012684938970512601 0.0030578665339910799 3.9325912122120388e-05 -0.0039410949923876617 0.032358851070253401 -0.0063398555076370645
leaf_weight=7086 117047 84 300 20 23 25 62 110 65 32 27796 57590 3655 5368 10644 73446 428 522 4951 4205 5973 9600 8815 53 93 4102 6494 118 181 48
leaf_count=7086 117047 84 300 20 23 25 62 110 65 32 27796 57590 3655 5368 10644 73446 428 522 4951 4205 5973 9600 8815 53 93 4102 6494 118 181 48
internal_value=7.45318e-07 0.000367024 -0.00501351 -0.0178013 0.0024519 0.0333847 -0.0405398 -0.000428297 0.00361191 -0.000430416 -0.000213712 -0.00056156 0.000164515 4.55923e-05 0.00109595 -0.000126274 -0.000448914 -0.00567747 0.00161633 0.000580473 -0.000494329 0.0011196 0.00160256 -0.0104686 -0.00374211 0.000403471 0.00163094 0.00394518 0.0145481 0.0232328
internal_weight=348936 128857 867 312 555 48 82 507 397 332 220079 93992 36402 126087 17730 108357 74396 950 8606 33961 11341 22620 18415 230 146 127990 10943 4449 347 229
internal_count=348936 128857 867 312 555 48 82 507 397 332 220079 93992 36402 126087 17730 108357 74396 950 8606 33961 11341 22620 18415 230 146 127990 10943 4449 347 229
cat_boundaries=0 3 5 8 11 14 16 19 22 25 27
cat_threshold=1243021520 2150338208 2 1025043296 1627524302 1086768269 2787435174 2 10555666 743226369 6 18752520 3239199708 1 536920160 1627521036 65794 4240385 2 10485776 604772352 6 2115750128 688196480 2 34209824 16779264
is_linear=0
shrinkage=0.05


Tree=93
num_leaves=31
num_cat=10
split_feature=9 6 0 1 0 0 9 0 9 8 0 0 3 0 0 8 7 7 0 5 3 7 5 9 9 7 9 9 5 7
split_gain=10.0925 10.3497 13.2289 12.1058 21.2363 12.4666 9.82685 15.5217 14.8048 12.9845 40.933 24.1413 20.8391 34.9386 23.8648 20.4196 18.6348 16.8408 16.3625 14.6743 35.6015 21.5143 14.627 13.9899 20.4331 15.2533 13.9771 13.3089 13.1149 12.7639
threshold=0.73000000000000009 4.5000000000000009 0 1 2 3 2.0700000000000007 4 4.1550000000000002 1.0000000180025095e-35 5 6 5.5000000000000009 7 8 7.5000000000000009 1.5000000000000002 1.0000000180025095e-35 9 3.5000000000000004 4.5000000000000009 1.5000000000000002 5.5000000000000009 2.2700000000000005 2.6900000000000004 1.5000000000000002 3.7900000000000005 3.5850000000000004 7.5000000000000009 1.5000000000000002
decision_type=2 2 1 1 1 1 2 1 2 2 1 1 2 1 1 2 2 2 1 2 2 2 2 2 2 2 2 2 2 2
left_child=-1 6 -3 4 -4 -5 -2 8 -8 10 17 15 14 -14 29 -11 22 27 28 20 21 -20 -15 -21 25 -25 -13 -9 -19 -12
right_child=1 2 3 5 -6 -7 7 9 -10 11 12 26 13 16 -16 -17 -18 18 19 23 -22 -23 -24 24 -26 -27 -28 -29 -30 -31
leaf_value=-0.00033340638486241636 0.00019129353149118013 -0.0044275299505493323 0.0030723425861515778 0.0056905685031969832 -0.012557715696890633 -0.0010141569250034712 0.0033040510145173883 -0.023685155667752648 0.035031624339722303 0.0061005756531437123 -0.018120230064960198 -0.0013065052686198674 -0.0085537712999547901 0.020462389505455193 0.0067285653052727469 -0.041286182193004568 0.005738008126469428 -0.034761300981964595 0.0034579358622431758 -0.024876240978041031 -0.016125026784556094 0.063181032326170491 0.052671479335320848 0.039116980546869615 -0.017439682817825215 -0.00072713995930449719 -0.02827257232132311 0.015009174232060711 -0.0013316232468123022 0.0012620954114054121
leaf_weight=137174 193012 2686 418 1169 440 1681 5861 300 37 1965 232 2487 120 71 399 23 76 81 25 79 53 38 70 41 87 58 49 24 46 134
leaf_count=137174 193012 2686 418 1169 440 1681 5861 300 37 1965 232 2487 120 71 399 23 76 81 25 79 53 38 70 41 87 58 49 24 46 134
internal_value=6.9996e-07 0.000217125 -0.0017639 0.000177039 -0.0049954 0.00174624 0.000278804 0.00164579 0.00349716 -5.03776e-05 -0.00347945 0.00141543 0.00286074 0.0132461 -0.00167685 0.00552455 0.0245635 -0.0117701 -0.00623046 -0.000736962 0.014075 0.0394814 0.0364527 -0.0072485 0.000238547 0.015774 -0.00182036 -0.0208189 -0.0209994 -0.0107308
internal_weight=348936 211762 6394 3708 858 2850 205368 12356 5898 6458 1934 4524 1102 337 765 1988 217 832 508 381 116 63 141 265 186 99 2536 324 127 366
internal_count=348936 211762 6394 3708 858 2850 205368 12356 5898 6458 1934 4524 1102 337 765 1988 217 832 508 381 116 63 141 265 186 99 2536 324 127 366
cat_boundaries=0 3 4 7 9 12 14 16 18 20 22
cat_threshold=1753959058 1241963534 6 2 2154829133 5251745 1 319066113 2435383617 2828698366 169789593 7 1094791169 2483097862 1161900033 1409357060 270534656 4204032 369377280 1075839072 4259841 256
is_linear=0
shrinkage=0.05


Tree=94
num_leaves=31
num_cat=11
split_feature=9 6 0 9 2 3 0 6 7 6 7 0 0 6 0 0 9 9 9 6 9 0 5 0 3 5 0 10 7 0
split_gain=9.24789 10.4148 16.5276 11.3618 13.6529 12.4429 10.3059 16.5621 11.1991 13.5432 9.26566 82.0357 14.3377 11.8985 26.7565 18.7 33.4128 27.6896 14.2527 13.5028 11.3729 23.5764 14.7316 27.5483 28.2608 21.4266 67.5365 20.3985 18.1272 16.5264
threshold=0.69000000000000006 3.5000000000000004 0 3.4650000000000003 1 2.5000000000000004 2 1.5000000000000002 2.5000000000000004 1.5000000000000002 4.5000000000000009 3 4 1.0000000180025095e-35 5 6 2.6900000000000004 2.9300000000000002 2.4150000000000005 1.5000000000000002 1.6900000000000002 7 1.5000000000000002 8 1.5000000000000002 2.5000000000000004 9 1.0000000180025095e-35 1.0000000180025095e-35 10
decision_type=2 2 1 2 1 2 1 2 2 2 2 1 1 2 1 1 2 2 2 2 2 1 2 1 2 2 1 2 2 1
left_child=-1 3 -3 10 5 -5 8 -8 9 -6 20 13 -13 14 -12 16 18 -17 -15 -18 -2 -22 23 27 -25 26 -24 -23 -29 -26
right_child=1 2 -4 4 6 -7 7 -9 -10 -11 11 12 -14 15 -16 17 19 -19 -20 -21 21 22 25 24 29 -27 -28 28 -30 -31
leaf_value=-0.00042004346633185664 0.00014507093061719961 -0.0030573282239798917 0.00019869090563381475 -0.03312924005316966 0.016124016884714366 0.0032301495396872847 0.0012951789281853453 0.029081389472008713 0.020986918037807622 -0.031386009964626281 0.024649706057538395 -0.01180341821318984 -0.0042655037369989388 0.0072040476054717004 0.0033510197079988932 -0.00071317717131809952 0.07089748941361905 -0.048513932776586444 -0.022464605429294435 0.025949699949811805 0.0031038638797316683 0.0087205822371197433 0.007184043663353192 0.021347029804601333 -0.02099707244940174 0.00018897155194244316 -0.014602627030493202 0.0053447417586165316 0.051627921517605757 -0.0014650526988827497
leaf_weight=95049 205960 6340 10095 33 24 82 82 155 37 40 232 1191 1416 506 407 569 24 32 44 55 10373 640 577 120 120 13059 903 34 56 681
leaf_count=95049 205960 6340 10095 33 24 82 82 155 37 40 232 1191 1416 506 407 569 24 32 44 55 10373 640 577 120 120 13059 903 34 56 681
internal_value=6.49125e-07 0.000158146 -0.0010591 0.000242396 0.00815338 -0.00662714 0.0129939 0.0186794 -0.000828361 -0.0135697 0.000227275 -0.00202604 -0.00774112 0.00595526 0.0115221 0.00311165 0.00905411 -0.00320498 0.00483056 0.0396047 0.000270651 0.00124435 5.10089e-05 0.00452679 -0.00126781 -0.000457211 -0.0061589 0.0116947 0.0341432 -0.00467162
internal_weight=348936 253887 16435 237452 453 115 338 237 101 64 236999 4476 2607 1869 639 1230 629 601 550 79 232523 26563 16190 1651 921 14539 1480 730 90 801
internal_count=348936 253887 16435 237452 453 115 338 237 101 64 236999 4476 2607 1869 639 1230 629 601 550 79 232523 26563 16190 1651 921 14539 1480 730 90 801
cat_boundaries=0 3 4 7 10 12 15 17 20 23 25 28
cat_threshold=2023465530 1140938881 6 194 524448 1073746688 1 95591426 3244174985 6 37748921 578900338 1180672 2151810568 4 10524674 1075456009 845482649 1690327142 1 18002178 2200445576 2 1150952448 2451637000 8388640 393216 4
is_linear=0
shrinkage=0.05


Tree=95
num_leaves=31
num_cat=7
split_feature=6 9 0 5 0 3 5 8 0 7 8 3 5 0 3 8 7 0 8 10 5 5 8 8 9 7 7 0 5 0
split_gain=8.72925 14.5833 53.5025 22.2635 20.105 16.0709 30.9821 28.1442 26.4102 18.7631 14.4409 14.2272 16.6069 12.7592 12.7575 16.3406 13.9388 12.8346 13.9059 12.7488 11.148 10.1938 11.0073 17.388 10.1591 9.89587 9.5539 21.3808 13.25 11.3926
threshold=1.0000000180025095e-35 2.0700000000000007 0 2.5000000000000004 1 1.5000000000000002 4.5000000000000009 1.0000000180025095e-35 2 2.5000000000000004 2.5000000000000004 4.5000000000000009 10.500000000000002 3 3.5000000000000004 4.5000000000000009 1.0000000180025095e-35 4 1.5000000000000002 1.0000000180025095e-35 5.5000000000000009 1.5000000000000002 1.5000000000000002 1.0000000180025095e-35 0.36500000000000005 4.5000000000000009 6.5000000000000009 5 10.500000000000002 6
decision_type=2 2 1 2 1 2 2 2 1 2 2 2 2 1 2 2 2 1 2 2 2 2 2 2 2 2 2 1 2 1
left_child=1 -1 3 19 11 6 7 -4 25 13 -9 12 -5 -10 16 17 -6 18 20 -3 -16 -15 23 -23 -2 -7 -26 28 -28 -29
right_child=24 2 5 4 14 8 -8 10 9 -11 -12 -13 -14 21 15 -17 -18 -19 -20 -21 -22 22 -24 -25 26 -27 27 29 -30 -31
leaf_value=0.00021004994919363214 -0.0023573696258845575 -0.0051587525851605736 0.053525478765368464 0.033868721836125069 0.043337339424976598 0.013771804350081844 -0.031632073456421494 -0.028811269067227842 -0.00070720427850904191 0.0093766194246943657 0.0175294593361945 0.018075369646952999 0.07784630436716336 0.0058319045230746276 0.0034445805342069695 -0.03874668575823307 0.012748034037649632 0.018695847626832376 0.016321005034777854 0.037057237774133688 -0.038883272111415866 -0.01688464126041667 -0.0091278267434487734 -0.053136114045134131 -0.00015112898017944184 -0.018848798692226412 0.022834160941085598 -0.02494235167745501 -0.022298981216736138 -0.0063885875563461578
leaf_weight=164453 5486 169 24 92 54 332 119 40 216 159 29 93 28 40 28 20 120 121 45 20 35 88 105 53 176338 25 87 105 20 392
leaf_count=164453 5486 169 24 92 54 332 119 40 216 159 29 93 28 40 28 20 120 121 45 20 35 88 105 53 176338 25 87 105 20 392
internal_value=5.91316e-07 0.000262358 0.00444832 0.0142037 0.0188535 -0.00219261 -0.0147344 0.00688726 0.000397707 -0.00550843 -0.00933473 0.0312853 0.0441302 -0.0103327 0.0115801 0.00459519 0.0222413 0.0083805 -0.0044917 -0.000691452 -0.0200709 -0.0169838 -0.0213841 -0.0305111 -0.000238331 0.0111744 -0.000172632 -0.00645032 0.0131675 -0.010723
internal_weight=348936 166508 2055 825 636 1230 212 93 1018 661 69 213 120 502 423 249 174 229 108 189 63 286 246 141 182428 357 176942 604 107 497
internal_count=348936 166508 2055 825 636 1230 212 93 1018 661 69 213 120 502 423 249 174 229 108 189 63 286 246 141 182428 357 176942 604 107 497
cat_boundaries=0 3 6 8 10 12 14 17
cat_threshold=1310236360 273515397 5 33588864 268468356 1 8454180 1671461888 286721 2148532338 67633216 590593 42010624 268831744 2416967936 1074266136 1
is_linear=0
shrinkage=0.05


Tree=96
num_leaves=31
num_cat=7
split_feature=9 6 0 9 3 9 8 0 9 6 0 9 6 9 9 6 6 0 9 0 7 8 3 0 5 7 9 5 5 0
split_gain=8.61135 8.53951 30.3511 19.9526 22.6261 16.5998 11.9309 11.4946 21.768 7.68187 16.2326 7.55401 8.87409 7.12596 6.39029 6.34432 6.2753 14.101 20.5863 36.9373 17.4114 12.5765 11.4686 32.4288 13.576 11.2674 22.0045 14.1324 10.6783 11.1378
threshold=1.0700000000000001 6.5000000000000009 0 3.7900000000000005 3.5000000000000004 3.0700000000000007 1.0000000180025095e-35 1 3.3650000000000007 2.5000000000000004 2 3.3650000000000007 7.5000000000000009 1.0000000180025095e-35 3.3650000000000007 4.5000000000000009 1.0000000180025095e-35 3 2.4150000000000005 4 5.5000000000000009 1.0000000180025095e-35 6.5000000000000009 5 8.5000000000000018 1.0000000180025095e-35 1.4150000000000003 6.5000000000000009 1.5000000000000002 6
decision_type=2 2 1 2 2 2 2 1 2 2 1 2 2 2 2 2 2 1 2 1 2 2 2 1 2 2 2 2 2 1
left_child=9 16 5 7 -5 -3 -7 8 -4 13 15 -8 -13 -1 -9 -11 17 22 20 -20 -19 -22 -2 24 25 27 -27 -24 -25 -30
right_child=1 2 3 4 -6 6 11 14 -10 10 -12 12 -14 -15 -16 -17 -18 18 19 -21 21 -23 23 28 -26 26 -28 -29 29 -31
leaf_value=-0.0028461757532209412 -0.00075807069659201585 -0.010236305161795047 0.0037055441985527678 0.072297076029436927 0.0018968077525496484 -0.0022475554421544077 -0.069459277585796689 -0.0023001567525127616 0.060239616710515254 0.0011514267303925133 -0.003093775283834655 -0.012777818496460501 -0.058317208979278806 -8.9956197836362341e-05 -0.023136479648329863 -0.0080152755461368463 0.00012079462661014342 0.0013219309159039027 0.026660168032251758 0.0010793680311003819 -0.0014422130949319678 0.030657014494826051 0.0036476718941851269 0.018976287360437827 0.0050318936902877635 -0.0043258966424980679 -0.032817797229439026 -0.026989899544005699 0.01049304412134856 0.0018896381920586386
leaf_weight=2372 14520 224 90 21 25 20 23 359 21 4510 6452 23 20 206548 41 197 87569 22718 218 385 47 87 189 159 196 148 125 47 628 954
leaf_count=2372 14520 224 90 21 25 20 23 359 21 4510 6452 23 20 206548 41 197 87569 22718 218 385 47 87 189 159 196 148 125 47 628 954
internal_value=5.42609e-07 0.000325157 -0.00462035 0.00245121 0.0340361 -0.0168615 -0.0360785 -0.000344072 0.013211 -0.00018952 -0.0014677 -0.0463303 -0.0339589 -0.000121249 -0.00432769 0.000766149 0.000358658 0.000873971 0.00166784 0.0107875 0.00142793 0.0193983 -0.000224382 0.0029428 -0.00606339 -0.010455 -0.0173716 -0.00245388 0.00658675 0.00538317
internal_weight=348936 128857 867 557 46 310 86 511 111 220079 11159 66 43 208920 400 4707 127990 40421 23455 603 22852 134 16966 2446 705 509 273 236 1741 1582
internal_count=348936 128857 867 557 46 310 86 511 111 220079 11159 66 43 208920 400 4707 127990 40421 23455 603 22852 134 16966 2446 705 509 273 236 1741 1582
cat_boundaries=0 3 6 9 12 15 17 19
cat_threshold=1779761360 2150338208 2 13107204 1342181376 4 3509502416 139343164 2 1101482404 741647961 2 134778880 3489665444 1 18874372 201589824 82048 536879640
is_linear=0
shrinkage=0.05


Tree=97
num_leaves=31
num_cat=9
split_feature=9 6 0 9 2 3 0 6 9 6 7 3 7 0 9 0 0 9 9 0 8 3 8 5 7 1 3 0 9 6
split_gain=8.09531 9.12048 14.7976 10.1511 12.2404 11.3706 9.39478 16.0909 15.5977 23.3389 18.599 10.1455 8.92871 28.5357 16.9464 20.4748 16.109 12.3689 11.6642 11.4178 23.2965 15.918 15.589 11.6319 9.84552 11.6588 16.9726 15.8695 12.1126 11.8607
threshold=0.53500000000000003 3.5000000000000004 0 3.4650000000000003 1 2.5000000000000004 2 1.5000000000000002 4.0700000000000012 1.5000000000000002 2.5000000000000004 5.5000000000000009 1.0000000180025095e-35 3 2.0700000000000007 4 5 1.8450000000000004 4.0700000000000012 6 3.5000000000000004 4.5000000000000009 1.5000000000000002 2.5000000000000004 5.5000000000000009 7 5.5000000000000009 8 3.0700000000000007 4.5000000000000009
decision_type=2 2 1 2 1 2 1 2 2 2 2 2 2 1 2 1 1 2 2 1 2 2 2 2 2 1 2 1 2 2
left_child=-1 3 -3 -2 5 -5 8 -8 9 -6 -11 -9 13 -4 -15 -16 18 -18 24 20 21 -19 -23 -22 25 26 27 28 29 -14
right_child=1 2 12 4 6 -7 7 11 -10 10 -12 -13 16 14 15 -17 17 19 -20 -21 23 22 -24 -25 -26 -27 -28 -29 -30 -31
leaf_value=-0.00054246409446893809 0.00016364731815424679 -0.0029763050575589102 0.0048211269307556377 -0.031667882000858134 0.023380241619751736 0.00308952329725754 0.00085815064929192883 0.019817975144833327 0.037668422982096675 -0.050614037181043792 0.0095230577886104596 0.048190941290079579 0.035954782390531077 -0.0024454533702259426 0.00021402970618671844 -0.019873380495919045 0.00060374586761458438 0.021919391235055707 -0.036612986385822298 0.0028261650175543667 -0.036423647483544694 0.015486124164557883 -0.009944792620536656 -0.00029402907378117156 -0.025826977843115495 -0.0043135811511457517 -0.0095054971713883184 0.0029424725442133365 0.059561591168555118 -0.0018907191181505049
leaf_weight=57351 274576 6142 1250 33 34 82 80 100 22 36 20 46 47 2686 215 321 2327 358 25 1153 28 154 99 109 43 1156 144 238 24 37
leaf_count=57351 274576 6142 1250 33 34 82 80 100 22 36 20 46 47 2686 215 321 2327 358 25 1153 28 154 99 109 43 1156 144 238 24 37
internal_value=5.68544e-07 0.000107376 -0.00103237 0.000175986 0.00765458 -0.00633359 0.0122391 0.0180815 -6.56612e-05 -0.00929684 -0.0291365 0.0287574 0.000116877 -0.00157062 -0.00405273 -0.0121827 0.0013871 0.00304089 -0.00269442 0.00604018 0.0108121 0.015135 0.0055349 -0.00767818 -0.00220832 -0.00159131 0.00482068 0.0109223 0.0258423 0.0192847
internal_weight=348936 291585 16556 275029 453 115 338 226 112 90 56 146 10414 4472 3222 536 5942 4228 1714 1901 748 611 253 137 1689 1646 490 346 108 84
internal_count=348936 291585 16556 275029 453 115 338 226 112 90 56 146 10414 4472 3222 536 5942 4228 1714 1901 748 611 253 137 1689 1646 490 346 108 84
cat_boundaries=0 3 4 7 10 12 15 17 18 20
cat_threshold=2022416954 1140938881 6 194 524448 1074270976 1 2097537 705700368 1 2198880256 2422998016 19923328 676332048 1 2214597701 8522 8 2097408 134217744
is_linear=0
shrinkage=0.05


Tree=98
num_leaves=31
num_cat=11
split_feature=9 8 0 7 0 6 7 8 0 0 6 0 0 5 9 5 6 0 7 0 9 7 9 7 5 0 9 0 3 0
split_gain=7.8735 9.54217 48.0248 19.0542 16.4489 19.409 14.8554 14.5509 46.8075 27.4035 26.1175 24.0836 19.6434 19.4261 16.2212 15.6588 15.3541 13.7089 13.2996 45.695 38.8603 18.7441 12.3981 12.5685 12.1182 15.69 12.0209 26.5315 27.363 25.5574
threshold=1.3650000000000002 2.5000000000000004 0 7.5000000000000009 1 8.5000000000000018 8.5000000000000018 4.5000000000000009 2 3 1.5000000000000002 4 5 6.5000000000000009 3.5350000000000006 6.5000000000000009 2.5000000000000004 6 3.5000000000000004 7 3.3650000000000007 4.5000000000000009 2.8450000000000002 2.5000000000000004 9.5000000000000018 8 2.5850000000000004 9 4.5000000000000009 10
decision_type=2 2 1 2 1 2 2 2 1 1 2 1 1 2 2 2 2 1 2 1 2 2 2 2 2 1 2 1 2 1
left_child=-1 4 3 24 5 6 18 9 14 15 11 -10 13 -12 -9 17 -15 22 -2 -20 -21 -22 23 -4 -3 -26 -6 -28 -29 -30
right_child=1 2 7 -5 26 -7 -8 8 10 -11 12 -13 -14 16 -16 -17 -18 -19 19 20 21 -23 -24 -25 25 -27 27 28 29 -31
leaf_value=-0.0001176718368880922 -0.00040431690144132176 -0.00036341931677909528 0.024244420260779168 -0.039797976660669192 0.00072651582539997196 -0.03793821964412928 0.040390050208026718 -0.0077925786904062032 0.037218192797154187 0.0034639951436418737 0.0011557360446661901 0.0084699465433158063 -0.0088542214419703672 0.056906477887840839 -0.051401650905609136 0.018489693911358532 0.012595816132734004 0.0048945639511286249 -0.013580614634869849 0.00033530761764013095 0.01581007499586452 0.081078916821967481 0.049938717193435879 -0.011986238959070762 -0.012974197800005123 -0.00092207889116275904 -0.0010263045738525699 0.018166862280070233 -0.019711360513224259 0.00831157287322252
leaf_weight=279681 23827 3872 95 33 30002 35 22 694 110 3656 157 239 246 34 22 531 46 803 806 912 22 22 32 32 480 619 968 542 101 295
leaf_count=279681 23827 3872 95 33 30002 35 22 694 110 3656 157 239 246 34 22 531 46 803 806 912 22 22 32 32 480 619 968 542 101 295
internal_value=5.16662e-07 0.000477812 0.00177946 -0.00192617 0.00021318 -0.00072955 -0.000678986 0.00454441 0.000300589 0.0058291 0.00831852 0.0188401 0.000888194 0.0109137 -0.00900673 0.0115203 0.0314278 0.00779312 -0.000714295 -0.00490603 0.00252315 0.0484445 0.0208148 0.0151154 -0.00167864 -0.00631242 0.000970822 0.0048215 0.0107526 0.000876436
internal_weight=348936 69255 11701 5004 57554 25646 25611 6697 1548 5149 832 349 483 237 716 1493 80 962 25589 1762 956 44 159 127 4971 1099 31908 1906 938 396
internal_count=348936 69255 11701 5004 57554 25646 25611 6697 1548 5149 832 349 483 237 716 1493 80 962 25589 1762 956 44 159 127 4971 1099 31908 1906 938 396
cat_boundaries=0 3 6 9 12 14 17 18 20 22 25 27
cat_threshold=3173040564 2302810679 4 3327408203 1999757608 1 37890568 1719936072 1 1111490568 1619034184 1 8650816 269500672 1315905 270630912 2 37748736 68171849 52510752 136364084 2168588288 830685344 4983425 2 516 134217812
is_linear=0
shrinkage=0.05


Tree=99
num_leaves=31
num_cat=8
split_feature=6 9 0 5 0 3 5 3 8 5 0 8 7 0 9 0 9 5 8 7 5 7 3 5 9 7 0 5 0 2
split_gain=7.7718 11.6883 47.0468 20.4385 18.5209 17.4849 23.7584 15.8781 24.995 24.1106 23.8145 22.7194 14.9103 11.8106 11.3317 13.3681 18.2951 13.9797 11.9787 9.85841 9.23049 9.11242 9.05802 9.03907 8.84329 8.54235 19.3618 11.9587 10.5453 14.7018
threshold=1.0000000180025095e-35 2.0700000000000007 0 2.5000000000000004 1 6.5000000000000009 4.5000000000000009 1.5000000000000002 1.0000000180025095e-35 4.5000000000000009 2 2.5000000000000004 2.5000000000000004 3 2.2700000000000005 4 2.5350000000000006 8.5000000000000018 1.5000000000000002 3.5000000000000004 4.5000000000000009 4.5000000000000009 3.5000000000000004 1.5000000000000002 0.36500000000000005 6.5000000000000009 5 10.500000000000002 6 7
decision_type=2 2 1 2 1 2 2 2 2 2 1 2 2 1 2 1 2 2 2 2 2 2 2 2 2 2 1 2 1 1
left_child=1 -1 3 19 5 -5 -7 8 9 -4 21 -10 13 23 18 17 -17 -16 22 -3 -13 -9 -6 -12 -2 -26 27 -27 -28 -30
right_child=24 2 7 4 14 6 -8 10 11 -11 12 20 -14 -15 15 16 -18 -19 -20 -21 -22 -23 -24 -25 25 26 28 -29 29 -31
leaf_value=0.00020066349081384422 -0.0022019964728723076 -0.0055387054781621215 0.050651966997732722 0.032539428287281062 0.061515642826755847 0.041472902055829763 -0.022402976182717329 0.012884054941066307 -0.044285246557556092 -0.012739184312522411 0.0060891498240732388 0.01654359010401471 0.0078902623267664059 -0.0023056734409183264 0.0015442020651223005 -0.005980603190568777 0.030375107494812162 -0.037627582580727695 0.0022551828469985573 0.026002374651103183 -0.021601561496832542 -0.018418647311627866 0.020304261992375058 -0.023029434759365888 -0.00014331094870044837 0.02175478185339692 -0.02399171112678055 -0.021122761938022452 0.0077777327721317612 -0.012520997083869407
leaf_weight=164453 5486 170 24 254 24 24 37 332 80 40 31 29 155 265 69 65 74 34 39 29 35 25 30 190 176338 87 103 20 125 269
leaf_count=164453 5486 170 24 254 24 24 37 332 80 40 31 29 155 265 69 65 74 34 39 29 35 25 30 190 176338 87 103 20 125 269
internal_value=4.98424e-07 0.000247492 0.00399501 0.0129262 0.017371 0.0259429 0.00272852 -0.00237984 -0.0149665 0.0110325 0.000219581 -0.0265216 -0.00552673 -0.00991953 0.00828895 0.00283566 0.0124766 -0.0103787 0.0233705 -0.000942267 -0.00431704 0.0104007 0.0386204 -0.0181248 -0.000224941 -0.000163643 -0.0060997 0.0125659 -0.0101665 -0.00604793
internal_weight=348936 166508 2055 849 650 315 61 1206 208 64 998 144 641 486 335 242 139 103 93 199 64 357 54 221 182428 176942 604 107 497 394
internal_count=348936 166508 2055 849 650 315 61 1206 208 64 998 144 641 486 335 242 139 103 93 199 64 357 54 221 182428 176942 604 107 497 394
cat_boundaries=0 3 6 8 11 13 15 18 19
cat_threshold=1310236360 273515413 5 1242072704 268533892 1 8454180 1671461888 2420244754 67239944 2 68157504 4194321 42010624 268831744 2416967936 1074331664 1 97
is_linear=0
shrinkage=0.05


Tree=100
num_leaves=31
num_cat=7
split_feature=9 6 0 6 5 0 0 7 7 9 9 0 5 9 3 8 0 3 9 6 6 9 0 3 1 3 7 9 7 9
split_gain=7.2022 8.50533 8.6816 7.71805 12.5049 40.2761 22.2135 21.89 18.7402 18.6264 17.1194 14.2876 13.8563 13.7048 13.0034 12.5722 9.91973 9.59118 11.2075 10.5252 8.77543 10.6078 15.5514 13.5369 10.9498 10.7048 9.47428 9.20293 9.11321 9.45224
threshold=0.73000000000000009 2.5000000000000004 0 4.5000000000000009 10.500000000000002 1 2 1.5000000000000002 2.5000000000000004 2.0700000000000007 3.7900000000000005 3 11.500000000000002 2.0700000000000007 1.5000000000000002 1.5000000000000002 4 3.5000000000000004 2.0700000000000007 5.5000000000000009 5.5000000000000009 1.4650000000000001 5 6.5000000000000009 6 4.5000000000000009 4.5000000000000009 3.2250000000000005 1.0000000180025095e-35 1.9300000000000004
decision_type=2 2 1 2 2 1 1 2 2 2 2 1 2 2 2 2 1 2 2 2 2 2 1 2 1 2 2 2 2 2
left_child=1 -1 -3 -2 6 7 10 11 9 -9 20 13 -10 -6 -13 -11 17 18 -7 -19 21 -5 23 25 -24 -23 27 -26 -27 -30
right_child=3 2 -4 4 5 16 -8 8 12 15 -12 14 -14 -15 -16 -17 -18 19 -20 -21 -22 22 24 -25 26 28 -28 -29 29 -31
leaf_value=-0.00021778611875501838 0.00023651874884474618 0.001055063965740679 -0.0043302893143916422 -8.9352649260074537e-06 -0.0030024443138245262 -0.0042203175030269867 -0.0029177134295531831 0.0092477794032717175 0.021957100312491613 0.081315126630437121 0.038050329116069613 -0.043707945384085178 -0.011976917132448693 0.03402457547646652 -0.0070093866573380575 0.031424713454076221 -0.019585551663316516 -0.0097516974387329459 -0.036224771955726195 0.01315830792754707 -0.0013914463269852646 0.01446648262848612 0.012194755470775295 -0.0031858040921149719 -0.0044199632910183742 0.058230009029308964 0.027925848951563238 -0.038677897439761598 0.0037276600829015179 0.039228352961596102
leaf_weight=133640 205368 1074 2460 470 64 59 3305 43 56 23 36 28 65 41 175 28 372 129 51 82 658 160 155 62 180 30 20 22 30 50
leaf_count=133640 205368 1074 2460 470 64 59 3305 43 56 23 36 28 65 41 175 28 372 129 51 82 658 160 155 62 180 30 20 22 30 50
internal_value=4.29014e-07 -0.00028181 -0.00270292 0.000183256 -0.00152747 -0.00609034 -0.000455923 0.0044114 0.016739 0.0334872 0.00388287 -0.00405069 0.00372808 0.0104596 -0.0115045 0.0539243 -0.0138793 -0.00687447 -0.0190587 -0.000848283 0.00323442 0.00581612 0.00967759 0.0173604 0.00238797 0.0227214 -0.00468961 -0.00815103 0.0347286 0.0259156
internal_weight=348936 137174 3534 211762 6394 1216 5178 523 215 94 1873 308 121 105 203 51 693 321 110 211 1837 1179 709 332 377 270 222 202 110 80
internal_count=348936 137174 3534 211762 6394 1216 5178 523 215 94 1873 308 121 105 203 51 693 321 110 211 1837 1179 709 332 377 270 222 202 110 80
cat_boundaries=0 3 6 8 10 13 15 16
cat_threshold=2695147586 1292436740 4 2266257408 3576870384 5 274772335 837354049 268288 2147528736 1619174480 41943566 2 2097441 543752769 5
is_linear=0
shrinkage=0.05


Tree=101
num_leaves=31
num_cat=10
split_feature=9 6 0 7 6 0 9 0 9 7 0 9 0 7 0 9 0 5 7 3 3 8 0 9 9 3 8 0 1 5
split_gain=7.05259 8.15963 10.8707 27.464 11.7603 15.5664 19.1942 14.9547 26.0804 26.6648 12.1805 10.1797 41.9795 15.0577 39.4419 52.4372 33.4467 16.6712 10.7856 10.5332 16.3059 12.8715 12.0627 13.4813 10.4087 14.505 10.368 9.71997 18.059 9.53198
threshold=0.15500000000000005 1.5000000000000002 0 7.5000000000000009 2.5000000000000004 1 2.4150000000000005 2 2.9300000000000002 1.0000000180025095e-35 3 1.9300000000000004 4 1.5000000000000002 5 3.0700000000000007 6 4.5000000000000009 6.5000000000000009 4.5000000000000009 5.5000000000000009 3.5000000000000004 7 2.6900000000000004 3.0700000000000007 1.5000000000000002 1.0000000180025095e-35 8 9 1.5000000000000002
decision_type=2 2 1 2 2 1 2 1 2 2 1 2 1 2 1 2 1 2 2 2 2 2 1 2 2 2 2 1 1 2
left_child=-1 11 3 -3 5 6 -4 8 9 -8 -6 -2 -13 16 15 19 29 -17 -16 22 26 -22 23 -15 27 -26 -21 28 -18 -14
right_child=1 2 4 -5 10 -7 7 -9 -10 -11 -12 12 13 14 18 17 24 -19 -20 20 21 -23 -24 -25 25 -27 -28 -29 -30 -31
leaf_value=-0.0012632615693205207 0.00013874356166990935 -0.0010141263712723867 0.0018441588930037849 -0.038474007644595548 -0.00208672356959244 -5.1605386061934853e-05 -0.003013962193984877 0.0050786128190970685 -0.0028561956143345348 0.060795835271710535 0.00011656799490568332 -0.0020019638204055775 0.028142804356339653 -0.0044813121802040508 0.0037777779888757456 0.036536361516586374 0.0026735483823365686 0.090181111240138612 -0.022460397253403579 -0.038816915582055633 0.022515536388703461 -0.012082619586903038 0.026418238925145617 0.038010161952115595 -0.054523442117940815 -0.0074402821728506612 -0.00019009607568593094 0.002856283456304792 -0.017234198606262605 0.0096356337241429307
leaf_weight=10703 236283 34017 10245 49 10336 24119 22 239 44 64 15938 3280 78 84 876 28 249 30 41 23 145 33 233 24 21 74 71 743 200 644
leaf_count=10703 236283 34017 10245 49 10336 24119 22 239 44 64 15938 3280 78 84 876 28 249 30 41 23 145 33 233 24 21 74 71 743 200 644
internal_value=3.88105e-07 4.03749e-05 -0.000352374 -0.00106769 4.72251e-05 0.000651016 0.00224557 0.0134513 0.0264211 0.0444724 -0.000750941 0.000193935 0.00209024 0.00581122 0.00946605 0.0185663 0.0029512 0.0642836 0.00257655 0.0145435 0.00720493 0.0161013 0.0203972 0.00454079 -0.00190557 -0.0178481 -0.00964134 -0.000650966 -0.00637632 0.0114761
internal_weight=348936 338233 95073 34066 61007 34733 10614 369 130 86 26274 243160 6877 3597 1588 671 2009 58 917 613 272 178 341 108 1287 95 94 1192 449 722
internal_count=348936 338233 95073 34066 61007 34733 10614 369 130 86 26274 243160 6877 3597 1588 671 2009 58 917 613 272 178 341 108 1287 95 94 1192 449 722
cat_boundaries=0 2 5 8 11 14 17 19 22 25 26
cat_threshold=2689502854 1092756976 135335945 2148632576 6 134283264 1048576 2 523304961 1165824 5 2518773725 2361709329 2 9736224 1359085738 4 21528578 570502212 8388640 40 4 8654848 285343746 4 9
is_linear=0
shrinkage=0.05


Tree=102
num_leaves=31
num_cat=10
split_feature=9 8 0 7 0 6 3 0 9 7 0 5 0 0 10 6 1 8 5 9 9 0 3 7 7 0 0 8 9 9
split_gain=6.78423 8.46456 43.1534 16.5105 15.0892 15.4926 12.4528 28.7951 14.808 15.0071 22.6922 14.3176 26.2271 19.6568 13.5201 13.5 16.8015 14.8366 14.1823 13.3399 12.0609 20.8595 21.9452 28.0787 30.7569 24.8704 21.3315 18.0211 23.4868 17.466
threshold=1.3650000000000002 2.5000000000000004 0 7.5000000000000009 1 8.5000000000000018 5.5000000000000009 2 3.6900000000000004 2.5000000000000004 3 4.5000000000000009 4 5 1.0000000180025095e-35 3.5000000000000004 6 1.0000000180025095e-35 8.5000000000000018 3.4650000000000003 2.6900000000000004 7 4.5000000000000009 3.5000000000000004 5.5000000000000009 8 9 1.0000000180025095e-35 3.6900000000000004 2.8450000000000002
decision_type=2 2 1 2 1 2 2 1 2 2 1 2 1 1 2 2 1 2 2 2 2 1 2 2 2 1 1 2 2 2
left_child=-1 4 3 -3 5 6 8 -8 9 19 15 13 -13 14 -9 16 17 -11 -17 -2 -6 -22 23 26 -25 -24 -23 29 -29 -27
right_child=1 2 -4 -5 20 -7 7 11 -10 10 -12 12 -14 -15 -16 18 -18 -19 -20 -21 21 22 25 24 -26 27 -28 28 -30 -31
leaf_value=-0.00010931749306377778 -0.00073838285869925492 -0.0017145557704689254 0.0042107427541004548 -0.037202583461520125 0.00071587233984600322 -0.032987215782742239 -0.002631292565553103 0.0072209492674744462 0.015794503674768503 0.024499360893319534 -0.0084604068021232222 0.010247241288996425 0.00075735268429638018 -0.0050062998549321889 -0.015235406832692967 0.0042772406599663271 -0.0050890281360981031 -0.0030496129585850622 0.03342055359181749 -0.027414355490435943 -0.00039674121294777301 -0.00010698453766632486 -0.0187993306748418 0.060458279445544993 0.00087192226201295855 0.026976370392367246 0.022861935204841134 0.012123452231946358 0.067420929162339729 -0.021109467100662492
leaf_weight=279681 16374 4795 6873 33 28360 37 3162 819 126 103 1682 1510 1414 931 73 164 823 93 56 47 908 210 101 67 32 26 194 151 22 69
leaf_count=279681 16374 4795 6873 33 28360 37 3162 819 126 103 1682 1510 1414 931 73 164 823 93 56 47 908 210 101 67 32 26 194 151 22 69
internal_value=3.91294e-07 0.000443442 0.00166939 -0.00195308 0.0001942 -0.000654603 -0.000611145 0.00106191 -0.00129084 -0.00140213 -0.00470432 0.0035201 0.00569572 4.98325e-05 0.00532347 0.00045931 -0.00196206 0.0108729 0.0116955 -0.000814735 0.000966131 0.00495882 0.0104205 0.0173338 0.041198 0.00127916 0.0114859 0.00920408 0.0191555 -0.00794913
internal_weight=348936 69255 11701 4828 57554 27414 27377 7909 19468 19342 2921 4747 2924 1823 892 1239 1019 196 220 16421 30140 1780 872 503 99 369 404 268 173 95
internal_count=348936 69255 11701 4828 57554 27414 27377 7909 19468 19342 2921 4747 2924 1823 892 1239 1019 196 220 16421 30140 1780 872 503 99 369 404 268 173 95
cat_boundaries=0 3 6 9 11 13 15 16 19 21 24
cat_threshold=3105931700 2302810679 4 3327932491 2000281896 1 1073750088 1461780736 1 1178599488 1696669960 2153512961 537395240 100665346 537968672 1 830685344 4459137 2 516 134217812 136316688 8519682 4
is_linear=0
shrinkage=0.05


Tree=103
num_leaves=31
num_cat=6
split_feature=6 9 0 3 8 5 0 3 0 8 0 10 8 9 5 5 3 7 8 3 8 1 0 5 3 5 8 3 9 7
split_gain=6.93406 9.69693 42.9706 14.9584 20.0862 18.9211 17.423 13.7921 34.8227 35.0325 29.7989 28.9869 27.6368 18.2761 12.9843 11.483 12.7365 11.4744 10.0958 9.74539 26.81 8.7038 15.4066 14.545 10.139 8.50118 8.44654 8.92812 8.32689 8.25577
threshold=1.0000000180025095e-35 2.0700000000000007 0 1.5000000000000002 1.0000000180025095e-35 4.5000000000000009 1 4.5000000000000009 2 3.5000000000000004 3 1.0000000180025095e-35 1.5000000000000002 2.5350000000000006 1.5000000000000002 3.5000000000000004 6.5000000000000009 1.0000000180025095e-35 1.5000000000000002 2.5000000000000004 2.5000000000000004 4 5 2.5000000000000004 5.5000000000000009 5.5000000000000009 3.5000000000000004 3.5000000000000004 2.6900000000000004 1.5000000000000002
decision_type=2 2 1 2 2 2 1 2 1 2 1 2 2 2 2 2 2 2 2 2 2 1 1 2 2 2 2 2 2 2
left_child=1 -1 3 4 5 -3 26 8 9 13 -9 15 -10 17 -6 -12 -17 -4 -16 20 29 24 -23 -24 25 -8 -5 -28 -22 -14
right_child=-2 2 7 6 14 -7 21 10 12 -11 11 -13 19 -15 18 16 -18 -19 -20 -21 28 22 23 -25 -26 -27 27 -29 -30 -31
leaf_value=0.00019101705376522359 -0.00021257433029405484 0.046607050877064467 0.069182070091366774 0.0046786785435329699 0.0080199838802218447 -0.014357177530016219 -0.043724299851391056 -0.017625384799697819 0.020513892247481083 -0.017423442937433722 -0.0064136050828089639 0.053383525323777187 -0.044915750467528902 0.091114667258583582 -0.058226244951433997 0.021552290113092905 -0.003516492764710596 0.026933872465872102 -0.024601320180182275 -0.016106634777277074 0.03563775379210711 -0.017272609249394163 0.026024323023977825 -0.0022267457734172543 -0.0015494255156352603 -0.012990354481670591 0.051849993094358421 0.0087219939168010439 -0.00071387009128280306 -0.0019878270902803966
leaf_weight=164453 182428 20 25 276 20 35 45 109 247 20 111 37 24 26 34 152 76 45 65 94 50 107 61 180 58 45 21 28 23 21
leaf_count=164453 182428 20 25 276 20 35 45 109 247 20 111 37 24 26 34 152 76 45 65 94 50 107 61 180 58 45 21 28 23 21
internal_value=3.68276e-07 0.000233671 0.00364705 -0.0038215 -0.0171767 0.00781163 -0.0010376 0.0105937 0.0159317 0.0393817 0.00448362 0.0110673 0.00895235 0.0553183 -0.0287259 0.00677518 0.013196 0.0420225 -0.0361493 -0.00409565 0.00547243 -0.00687006 -0.00233024 0.00472777 -0.0167217 -0.0283573 0.00783397 0.0272054 0.0241845 -0.0248827
internal_weight=348936 166508 2055 995 174 55 821 1060 575 116 485 376 459 96 119 339 228 70 99 212 118 496 348 241 148 90 325 49 73 45
internal_count=348936 166508 2055 995 174 55 821 1060 575 116 485 376 459 96 119 339 228 70 99 212 118 496 348 241 148 90 325 49 73 45
cat_boundaries=0 3 5 7 9 10 13
cat_threshold=2984468743 4004656170 2 8454148 3802280960 67141760 66069 67635232 66068 5 541065474 32 2
is_linear=0
shrinkage=0.05


Tree=104
num_leaves=31
num_cat=6
split_feature=9 6 9 0 3 8 0 10 10 3 8 0 5 8 5 1 0 5 7 5 9 7 9 7 2 7 8 5 7 5
split_gain=6.51367 7.46518 8.4888 39.1465 15.2554 32.7307 27.0944 30.4784 15.2325 13.8452 20.2538 16.9146 16.6919 12.069 11.7839 11.6645 17.5424 18.8713 10.2448 8.55015 27.8138 13.6118 9.81698 11.93 8.44301 17.155 19.1792 14.2823 8.10912 9.47907
threshold=1.0000000180025095e-35 1.0000000180025095e-35 2.0700000000000007 0 4.5000000000000009 1.5000000000000002 1 1.0000000180025095e-35 1.0000000180025095e-35 1.5000000000000002 1.0000000180025095e-35 2 4.5000000000000009 2.5000000000000004 2.5000000000000004 3 4 2.5000000000000004 2.5000000000000004 6.5000000000000009 2.8450000000000002 1.5000000000000002 2.2700000000000005 1.0000000180025095e-35 5 1.5000000000000002 1.0000000180025095e-35 8.5000000000000018 1.5000000000000002 5.5000000000000009
decision_type=2 2 2 1 2 2 1 2 2 2 2 1 2 2 2 1 1 2 2 2 2 2 2 2 1 2 2 2 2 2
left_child=-1 2 -2 4 5 8 -6 14 24 10 12 28 -5 -12 18 -13 -17 -18 -8 20 21 -16 -21 -24 25 26 -4 -26 29 -11
right_child=1 -3 3 9 6 -7 7 -9 -10 11 13 15 -14 -15 19 16 17 -19 -20 22 -22 -23 23 -25 27 -27 -28 -29 -30 -31
leaf_value=-0.002610925920810205 0.00022233189267715773 -0.00020194561041870322 0.041580500584539208 0.044647393233719329 -0.016818171373137483 0.0029062003855862377 -0.024703853698156308 0.057629427220672373 -0.010149947367608547 -0.0094441206916710558 -0.040338135437226634 -0.016664922406630856 -0.010897892517478844 -0.0097381349045278162 0.025158234260141341 -0.01596406808574543 0.030593199667430696 -0.00090612267887598709 0.01476851658523083 0.023893351573497059 0.066568035173874648 -0.01083703520319735 -0.036388814877360488 0.0063307001255452633 0.031157385807222174 0.021207067025825383 0.096222791763452387 -0.0011964578510207289 0.016401383008785044 0.013832122929205624
leaf_weight=2372 162081 182428 42 21 109 239 48 32 24 98 71 165 38 59 58 122 62 204 25 32 26 48 26 44 103 40 26 51 163 79
leaf_count=2372 162081 182428 42 21 109 239 48 32 24 98 71 165 38 59 58 122 62 204 25 32 26 48 26 44 103 40 26 51 163 79
internal_value=2.99852e-07 1.8172e-05 0.00026282 0.00345621 0.01067 0.0165631 0.00400224 0.0108721 0.0279757 -0.00310085 -0.0154237 -0.000527491 0.00887246 -0.0264504 0.00635253 -0.00588222 -0.000993286 0.00620264 -0.0111859 0.0118239 0.0202255 0.00885849 0.000951263 -0.00953655 0.0314681 0.0431903 0.0624731 0.0191963 0.00811611 0.000944711
internal_weight=348936 346564 164136 2055 973 525 448 339 286 1082 189 893 59 130 307 553 388 266 73 234 132 106 102 70 262 108 68 154 340 177
internal_count=348936 346564 164136 2055 973 525 448 339 286 1082 189 893 59 130 307 553 388 266 73 234 132 106 102 70 262 108 68 154 340 177
cat_boundaries=0 3 5 7 8 11 12
cat_threshold=1310498552 273531797 5 67635232 66068 8454148 1671576576 5 541081858 32 2 10
is_linear=0
shrinkage=0.05


Tree=105
num_leaves=31
num_cat=8
split_feature=9 6 6 5 0 7 0 7 5 9 0 9 9 9 3 10 0 9 8 9 1 0 9 0 3 9 0 3 5 8
split_gain=6.47387 7.19763 6.89239 11.4172 36.8563 21.4919 20.3526 14.745 15.8496 15.6887 12.9329 13.4567 11.4745 11.2398 10.4778 8.75542 8.40758 11.0881 8.38369 8.19289 8.10736 13.0164 9.1863 8.34339 7.94188 7.8271 8.64089 9.20101 15.1511 7.65469
threshold=0.69000000000000006 2.5000000000000004 4.5000000000000009 10.500000000000002 0 1.5000000000000002 1 2.5000000000000004 11.500000000000002 2.5350000000000006 2 2.0700000000000007 3.7900000000000005 2.6900000000000004 1.5000000000000002 1.0000000180025095e-35 3 3.2250000000000005 5.5000000000000009 2.2700000000000005 4 5 1.6900000000000002 6 4.5000000000000009 2.0700000000000007 7 4.5000000000000009 3.5000000000000004 2.5000000000000004
decision_type=2 2 2 2 1 2 1 2 2 2 1 2 2 2 2 2 1 2 2 2 1 1 2 1 2 2 1 2 2 2
left_child=1 -1 -2 6 5 10 12 9 -9 -7 11 -5 15 -13 -12 18 17 -6 20 -17 23 22 -22 24 -4 -23 -27 28 -28 -25
right_child=2 -3 3 4 16 7 -8 8 -10 -11 14 13 -14 -15 -16 19 -18 -19 -20 -21 21 25 -24 29 -26 26 27 -29 -30 -31
leaf_value=-0.00029976200197289957 0.00017398318256983203 -0.0039917069837128259 -0.0039660314887256945 -0.0036803309029589098 -0.0033336820339251367 0.014199012437868015 -0.0026729352136335162 0.024717577031158188 -0.01180826620565671 0.05535467297602923 -0.039541526498465707 0.057185551871291623 0.033165478187076977 0.005395362721756101 -0.0071565422876220617 0.0067614348573882257 -0.018737449556312718 -0.029357130592688921 -0.025273672574096257 0.032749947885294325 0.0029004375284830157 0.0044898621463405263 0.015685361826569957 -0.011308184769160455 0.023268470200424902 -0.016435007584095003 0.034745595017448068 -0.011317172319148527 -0.012720888191512948 0.018892833509522935
leaf_weight=93710 247457 1339 59 66 278 57 3469 54 66 39 29 22 33 20 180 89 364 48 27 46 242 346 335 239 49 115 40 66 29 23
leaf_count=93710 247457 1339 59 66 278 57 3469 54 66 39 29 22 33 20 180 89 364 48 27 46 242 346 335 239 49 115 40 66 29 23
internal_value=2.14003e-07 -0.000351772 0.000131989 -0.00148415 -0.0058315 0.00407327 -0.000463062 0.0163129 0.00462836 0.0309185 -0.00413815 0.00951769 0.00394049 0.0325236 -0.0111182 0.00339796 -0.0133482 -0.0069521 0.00234729 0.0156168 0.00283062 0.00484328 0.0101474 -0.00358411 0.00767932 -0.000374421 -0.00712157 0.00188955 0.0147959 -0.00833868
internal_weight=348936 95049 253887 6430 1223 533 5207 216 120 96 317 108 1738 42 209 1705 690 326 1570 135 1543 1173 577 370 108 596 250 135 69 262
internal_count=348936 95049 253887 6430 1223 533 5207 216 120 96 317 108 1738 42 209 1705 690 326 1570 135 1543 1173 577 370 108 596 250 135 69 262
cat_boundaries=0 3 5 7 10 11 13 15 17
cat_threshold=2803128320 3576862192 5 274764143 835256897 268288 2149617696 1082369136 41951750 2 2 272662561 805896257 267 4194816 4418 4194304
is_linear=0
shrinkage=0.05


Tree=106
num_leaves=31
num_cat=9
split_feature=9 6 0 9 0 9 9 3 9 6 0 9 8 0 0 9 7 0 0 5 9 0 3 0 7 9 9 3 7 9
split_gain=6.1656 6.60292 27.6046 14.9965 12.3828 17.0321 11.7212 8.09799 6.23629 5.95238 11.245 5.73459 6.03963 25.9666 21.8434 7.79139 6.61081 14.2521 6.47636 5.56268 5.53272 5.47601 5.41716 5.17992 8.40808 10.6137 5.47891 7.68573 8.81035 12.2378
threshold=1.0700000000000001 6.5000000000000009 0 3.0700000000000007 1 3.7900000000000005 1.8450000000000004 3.5000000000000004 3.3650000000000007 1.5000000000000002 2 0.15500000000000005 1.0000000180025095e-35 3 4 0.53500000000000003 4.5000000000000009 5 6 5.5000000000000009 0.41500000000000009 7 3.5000000000000004 8 1.5000000000000002 2.4150000000000005 3.3650000000000007 3.5000000000000004 2.5000000000000004 2.8450000000000002
decision_type=2 2 1 2 1 2 2 2 2 2 1 2 2 1 1 2 2 1 1 2 2 1 2 1 2 2 2 2 2 2
left_child=9 -2 3 19 6 23 -4 -8 -5 11 20 -1 13 -13 16 18 -14 -18 -15 -3 -11 -19 -7 24 25 -6 27 28 29 -25
right_child=1 2 4 8 5 22 7 -9 -10 10 -12 12 14 15 -16 -17 17 21 -20 -21 -22 -23 -24 26 -26 -27 -28 -29 -30 -31
leaf_value=-0.0011641827582064147 0.00030428273311882033 -0.0020974176243652365 -0.017175159674315228 -0.063311965657132013 0.0010852667253597507 0.044228853171934257 0.043637372115079093 0.013094667717814446 -0.029664022531360391 -0.006465737486686135 -0.0015480379796499518 -0.0011844547963190709 -0.00048081178781855935 -0.0024171753485753046 0.001044396036265805 0.00095292486322976714 -0.015561086062284492 -0.0078769358781365945 0.00020241430754172 -0.021550730141262488 0.00028200599689700738 0.0058364973772254795 0.0095242556480860177 -0.013043265037077407 -0.0125878954079093 0.042766918552418549 -0.024439656084706621 0.0013421251240404363 0.0078699689710865148 -0.05575038556009531
leaf_weight=10703 127990 74 21 21 42 23 34 60 40 309 19956 40579 38192 3322 47341 33086 217 102 8084 73 17989 199 22 104 41 24 43 188 37 20
leaf_count=10703 127990 74 21 21 42 23 34 60 40 309 19956 40579 38192 3322 47341 33086 217 102 8084 73 17989 199 22 104 41 24 43 188 37 20
internal_value=1.49074e-07 0.000274825 -0.0040739 -0.0194703 0.00106495 -0.00215925 0.0152694 0.024142 -0.0412477 -0.000160674 -0.000727585 -4.14026e-05 2.88229e-05 -0.000269928 0.000324171 0.000564307 -0.000556764 -0.00616748 -0.000562484 -0.0117579 0.000167964 0.00108557 0.0272622 -0.00485575 0.00475114 0.0162422 -0.00741021 -0.00552435 -0.0135424 -0.0199315
internal_weight=348936 128857 867 208 659 544 115 94 61 220079 38254 181825 171122 85071 86051 44492 38710 518 11406 147 18298 301 45 499 107 66 392 349 161 124
internal_count=348936 128857 867 208 659 544 115 94 61 220079 38254 181825 171122 85071 86051 44492 38710 518 11406 147 18298 301 45 499 107 66 392 349 161 124
cat_boundaries=0 3 6 9 12 15 17 19 21 24
cat_threshold=1208025168 2150337152 2 8912900 1350569984 4 490393688 3140837391 6 3528661421 2654045860 3 774693458 1401715018 4 771776578 268439618 537149504 9191496 512 1107568640 274731136 3 1
is_linear=0
shrinkage=0.05


Tree=107
num_leaves=31
num_cat=5
split_feature=6 3 5 9 0 7 0 5 8 9 0 9 7 5 3 6 9 5 7 7 5 9 3 9 5 0 6 1 5 9
split_gain=5.91269 7.79197 7.31557 6.24999 7.08331 10.9389 59.4905 18.2488 16.019 25.2051 13.9326 13.2149 13.7151 11.1731 16.3408 10.9969 10.8067 14.3596 12.4491 26.1621 13.3026 10.0563 9.55788 26.3429 22.0724 25.2265 19.6261 18.4314 35.528 20.0815
threshold=8.5000000000000018 5.5000000000000009 3.5000000000000004 1.5350000000000004 0 4.5000000000000009 1 4.5000000000000009 1.0000000180025095e-35 2.6900000000000004 2 4.0700000000000012 2.5000000000000004 10.500000000000002 3.5000000000000004 1.5000000000000002 3.5850000000000004 11.500000000000002 3.5000000000000004 2.5000000000000004 4.5000000000000009 2.8450000000000002 6.5000000000000009 3.0700000000000007 3.5000000000000004 3 2.5000000000000004 4 1.5000000000000002 2.5350000000000006
decision_type=2 2 2 2 1 2 1 2 2 2 1 2 2 2 2 2 2 2 2 2 2 2 2 2 2 1 2 1 2 2
left_child=3 2 -2 -1 22 11 8 -8 9 15 21 16 13 14 -13 -7 -6 18 19 20 -18 -9 -5 24 27 -26 -25 28 -24 -30
right_child=1 -3 -4 4 5 6 7 10 -10 -11 -12 12 -14 -15 -16 -17 17 -19 -20 -21 -22 -23 23 26 25 -27 -28 -29 29 -31
leaf_value=-8.2458449396783e-05 0.017676963639894017 -0.033352641581247254 -0.014509577800830207 0.00015938684000167685 0.0011616982971705133 0.026812278648669072 -0.020412190067346528 -0.0085264560784314089 0.0033976169462204119 0.062637326670810581 0.0027097722942755809 0.076541243138767423 -0.010602490664009125 0.0047771345693035988 0.020120822435075587 -0.0014435045809174578 -0.021509784036220947 -0.044946630220860248 -0.035386580801956974 0.036075719121174937 0.0058749765313638631 -0.032738990215111084 -0.012036801790818572 0.053025719342809731 0.002929287143870894 -0.011408886138095339 0.0065612109499179746 -0.0071110805201215046 0.014411172786701435 0.050825250217610078
leaf_weight=299205 27 30 51 13873 31517 66 376 157 534 30 246 21 31 32 33 72 98 25 30 39 81 59 120 33 417 1154 73 246 214 46
leaf_count=299205 27 30 51 13873 31517 66 376 157 534 30 246 21 31 32 33 72 98 25 30 39 81 59 120 33 417 1154 73 246 214 46
internal_value=1.1081e-07 -0.0116971 -0.00336808 3.73237e-06 0.000523425 0.000938697 -0.00317689 -0.0120891 0.00752686 0.0211 -0.00557695 0.00113763 0.0179106 0.0281886 0.0420621 0.0120701 0.0010759 -0.00882929 -0.00518843 -0.00103272 -0.0091178 -0.0144702 -0.000335602 -0.00331881 -0.00449342 -0.00765699 0.0210266 0.00344585 0.0101988 0.0208537
internal_weight=348936 108 78 348828 49623 33447 1540 838 702 168 462 31907 117 86 54 138 31790 273 248 218 179 216 16176 2303 2197 1571 106 626 380 260
internal_count=348936 108 78 348828 49623 33447 1540 838 702 168 462 31907 117 86 54 138 31790 273 248 218 179 216 16176 2303 2197 1571 106 626 380 260
cat_boundaries=0 3 6 8 10 11
cat_threshold=671190128 2216067495 1 3500556806 1344807432 6 20971905 50398288 33856 2148532256 12
is_linear=0
shrinkage=0.05


Tree=108
num_leaves=31
num_cat=8
split_feature=6 9 0 5 0 3 3 0 5 9 9 0 3 9 5 3 0 3 8 5 3 0 9 10 0 5 8 9 0 9
split_gain=5.72722 7.54336 29.9814 13.087 21.3724 19.2859 20.4475 10.954 10.8417 12.1676 11.2344 10.4976 15.4363 11.3083 8.62255 8.0938 7.6377 13.6952 11.8339 11.315 7.54494 20.0333 13.7089 18.5565 19.6286 17.665 17.0243 13.7472 13.6295 9.45722
threshold=1.0000000180025095e-35 1.5850000000000002 0 1.5000000000000002 1 3.5000000000000004 6.5000000000000009 2 3.5000000000000004 3.2250000000000005 2.8450000000000002 3 5.5000000000000009 2.0700000000000007 2.5000000000000004 2.5000000000000004 4 5.5000000000000009 1.5000000000000002 3.5000000000000004 1.5000000000000002 5 0.84500000000000008 1.0000000180025095e-35 6 7.5000000000000009 1.5000000000000002 1.2700000000000002 7 1.0700000000000001
decision_type=2 2 1 2 1 2 2 1 2 2 2 1 2 2 2 2 1 2 2 2 2 1 2 2 1 2 2 2 1 2
left_child=1 20 3 4 -3 15 -7 8 11 10 -10 12 13 14 -5 -6 17 -4 19 -19 21 22 -1 28 -25 -26 27 -27 -24 -23
right_child=-2 2 16 7 5 6 -8 -9 9 -11 -12 -13 -14 -15 -16 -17 -18 18 -20 -21 -22 29 23 24 25 26 -28 -29 -30 -31
leaf_value=0.00093705861660162018 -0.00019343995017304718 -0.010667553739113531 0.0046784919470345592 -0.011302258042269387 0.023141727231753371 -0.0029188019030082688 0.044898682731609039 -0.00020723115846814409 -0.0038989583692716706 0.0305207658004947 -0.036608467030304452 -0.022659227990566994 0.025369767237986837 0.016841689429711551 -0.053152663223445418 0.054563373338896784 0.003513579031163862 0.029317987343858716 0.031580001149706327 0.0015069912712610627 -2.4903566476497251e-07 0.00028149869262704484 0.0064944505698539953 -0.0034369346970278356 0.011552491248067884 0.032951975627943421 0.00096250121067795495 0.073317432645407896 0.00091169337501705049 -0.0032331797449989767
leaf_weight=5911 182428 109 594 32 57 130 27 1797 946 25 27 162 35 20 20 32 3167 53 103 118 136630 9284 2082 116 180 66 27 31 2316 2411
leaf_count=5911 182428 109 594 32 57 130 27 1797 946 25 27 162 35 20 20 32 3167 53 103 118 136630 9284 2082 116 180 66 27 31 2316 2411
internal_value=8.67993e-08 0.000212117 0.00176669 -0.00167896 0.00740419 0.0152263 0.00530459 -0.00273682 -0.00627342 -0.00392167 -0.00480662 -0.0152317 -0.00170897 -0.0151096 -0.0273986 0.0344394 0.00467888 0.00884219 0.0181913 0.0101268 0.000139262 0.000989308 0.00254828 0.00453031 0.0145716 0.0208698 0.0360779 0.0458523 0.00357139 -0.000442696
internal_weight=348936 166508 7454 3419 355 246 157 3064 1267 998 973 269 107 72 52 89 4035 868 274 171 159054 22424 10729 4818 420 304 124 97 4398 11695
internal_count=348936 166508 7454 3419 355 246 157 3064 1267 998 973 269 107 72 52 89 4035 868 274 171 159054 22424 10729 4818 420 304 124 97 4398 11695
cat_boundaries=0 3 5 7 9 11 13 15 17
cat_threshold=1172521316 3659466329 6 4194564 135333376 19071072 2182021121 196608 2147549185 1081368 539001088 1103352685 3563504547 180553 16640 25416192 1078378752
is_linear=0
shrinkage=0.05


Tree=109
num_leaves=31
num_cat=8
split_feature=9 6 9 7 0 0 5 2 9 8 9 3 3 9 0 5 3 0 5 0 5 9 8 3 5 9 7 1 0 5
split_gain=5.53537 6.18078 7.46915 6.92978 17.7197 9.5424 16.5947 15.1171 11.9304 11.8828 9.09979 8.92112 6.81225 6.80548 35.222 17.4095 16.3761 28.5907 47.3414 20.2388 19.4945 27.8218 17.67 15.5524 15.3488 15.8974 21.9291 13.1156 13.0509 13.5825
threshold=1.0000000180025095e-35 1.0000000180025095e-35 0.27000000000000007 6.5000000000000009 0 1 8.5000000000000018 2 2.5350000000000006 2.5000000000000004 1.5350000000000004 2.5000000000000004 2.5000000000000004 2.0700000000000007 3 2.5000000000000004 4.5000000000000009 4 10.500000000000002 5 9.5000000000000018 2.6900000000000004 1.5000000000000002 3.5000000000000004 6.5000000000000009 2.8450000000000002 1.5000000000000002 6 7 2.5000000000000004
decision_type=2 2 2 2 1 1 2 1 2 2 2 2 2 2 1 2 2 1 2 1 2 2 2 2 2 2 2 1 1 2
left_child=-1 13 -3 -4 -5 6 10 8 12 11 -6 -9 -7 -2 15 -15 17 18 22 -18 23 -22 -17 -19 25 26 -21 -16 -29 -30
right_child=1 2 3 4 5 7 -8 9 -10 -11 -12 -13 -14 14 27 16 19 20 -20 24 21 -23 -24 -25 -26 -27 -28 28 29 -31
leaf_value=-0.002407113401750087 0.00020287755501673284 -0.004065327365995422 -0.0001394118358900602 0.012659994317953916 -0.010456211314253186 0.023725671261548998 0.0071980963399012887 -0.021254389957891261 0.042399723765750727 -0.027214155907140061 -0.048117103905610324 0.001380732420243715 -0.0078434059672333589 -0.0022758064511680851 -0.01461828676087254 0.05113246398512275 -0.010120195605897254 0.028090975468594612 0.10556608723082508 0.042940873381766408 -0.032506118854507805 0.031714001670479774 0.0038348759500644149 -0.0083046876095436723 0.0011720201390427213 0.067504277689890424 -0.010090628159897669 -0.010466093903360695 0.014578920778222185 -0.00076747888640391851
leaf_weight=2372 162081 1231 180586 104 23 25 30 61 24 85 53 152 54 193 177 40 114 142 26 44 48 26 39 37 86 22 35 229 189 608
leaf_count=2372 162081 1231 180586 104 23 25 30 61 24 85 53 152 54 193 177 40 114 142 26 44 48 26 39 37 86 22 35 229 189 608
internal_value=4.51349e-08 1.65205e-05 -0.000183768 -0.000157398 -0.00547328 -0.00925999 -0.0221962 -0.0053836 0.0105061 -0.0110385 -0.0367197 -0.00510163 0.00214681 0.00023913 0.00309842 0.0108045 0.0147992 0.0220265 0.0429528 0.00620336 0.0112012 -0.00994229 0.027783 0.0205678 0.0158483 0.0299141 0.0194459 -0.00242888 -0.00020522 0.00283617
internal_weight=348936 346564 182428 181197 611 507 106 401 103 298 76 213 79 164136 2055 852 659 358 105 301 253 74 79 179 187 101 79 1203 1026 797
internal_count=348936 346564 182428 181197 611 507 106 401 103 298 76 213 79 164136 2055 852 659 358 105 301 253 74 79 179 187 101 79 1203 1026 797
cat_boundaries=0 2 5 6 9 11 14 15 18
cat_threshold=33622016 285608960 2416967936 1074266136 1 65 1310236392 273515397 5 36352 98436 68160032 66049 4 4 21053702 2080 2
is_linear=0
shrinkage=0.05


Tree=110
num_leaves=31
num_cat=8
split_feature=6 0 7 0 0 9 9 0 8 9 5 6 8 0 9 8 5 3 3 5 0 8 9 0 5 9 3 0 9 9
split_gain=5.32458 13.0541 10.2659 32.7498 19.1304 14.2484 12.4791 25.5376 11.2854 11.0165 10.1704 9.7215 9.69935 14.7724 21.1126 11.8562 11.1185 10.7755 18.3457 9.66579 14.625 15.111 19.5348 9.60587 9.17847 12.9228 18.7126 10.2332 10.6209 8.91693
threshold=3.5000000000000004 0 1.0000000180025095e-35 1 2 2.8450000000000002 2.8450000000000002 3 2.5000000000000004 4.0700000000000012 2.5000000000000004 6.5000000000000009 1.0000000180025095e-35 4 2.9300000000000002 4.5000000000000009 4.5000000000000009 1.5000000000000002 2.5000000000000004 6.5000000000000009 5 1.5000000000000002 1.8450000000000004 6 10.500000000000002 3.6900000000000004 4.5000000000000009 7 1.4150000000000003 3.0700000000000007
decision_type=2 1 2 1 1 2 2 1 2 2 2 2 2 1 2 2 2 2 2 2 1 2 2 1 2 2 2 1 2 2
left_child=-1 24 3 19 9 -5 11 10 -7 -4 -8 -6 16 -14 -15 17 -9 -16 -19 23 21 22 -21 -3 25 -2 -27 28 -26 -25
right_child=1 2 4 5 6 8 7 12 -10 -11 -12 -13 13 14 15 -17 -18 18 -20 20 -22 -23 -24 29 27 26 -28 -29 -30 -31
leaf_value=4.3601888055848576e-05 -0.00240657880043735 0.013309889014297964 -0.0024251407149184674 -0.0041594519534459765 0.0024367721484585938 -0.02990444301299713 0.013833098423423335 0.057840903699398039 -0.00051598822583957598 -0.035826533004641531 -0.0062968790652619998 -0.0099526791734564496 -0.00065667548361012624 0.059277882207842442 -0.0086378260799076251 -0.015835514888167382 0.019338162669911983 0.069528702451762833 0.017442064538393934 -0.0053937605750032291 0.0059954413207681991 0.0079847713505233255 -0.033154917957394253 0.0022088423469808285 -0.0032490944223744532 -0.006340293721719222 0.060484193116426471 -0.003947227040994491 -0.024692907873846894 0.031995418137655808
leaf_weight=332380 3802 339 1967 2957 3918 98 84 30 49 25 248 165 116 34 23 25 50 22 73 258 434 127 84 747 91 22 20 564 158 26
leaf_count=332380 3802 339 1967 2957 3918 98 84 30 49 25 248 165 116 34 23 25 50 22 73 258 434 127 84 747 91 22 20 564 158 26
internal_value=1.05734e-08 -0.000875133 4.51461e-06 -0.00168567 0.00128064 -0.00489898 0.00299054 0.00913977 -0.0201083 -0.00283013 -0.00116855 0.0019361 0.0178673 0.0141333 0.0225871 0.015443 0.0337767 0.0220698 0.0295042 0.00327233 -0.000554332 -0.00660237 -0.0122123 0.00640921 -0.00311602 -0.00210188 0.0254809 -0.00794939 -0.0162052 0.00316971
internal_weight=348936 16556 11899 5119 6780 3104 4788 705 147 1992 332 4083 373 293 177 143 80 118 95 2015 903 469 342 1112 4657 3844 42 813 249 773
internal_count=348936 16556 11899 5119 6780 3104 4788 705 147 1992 332 4083 373 293 177 143 80 118 95 2015 903 469 342 1112 4657 3844 42 813 249 773
cat_boundaries=0 3 6 9 11 13 15 17 19
cat_threshold=948470330 1140918401 6 53617025 714220048 1 20062592 676332048 1 33903616 19833924 2214594560 4106 17834240 176300048 8448 142615040 411566592 65536
is_linear=0
shrinkage=0.05


Tree=111
num_leaves=31
num_cat=8
split_feature=9 6 3 5 6 0 0 9 0 9 6 9 10 0 3 5 0 9 8 1 7 5 6 5 6 5 1 7 1 9
split_gain=5.41402 5.59091 6.93918 6.44982 5.37103 15.0434 4.71536 4.4979 4.32928 8.9207 19.6881 6.51852 12.0833 73.3537 20.3479 28.1602 22.6518 18.4957 17.5332 13.9261 13.3082 29.1414 22.1265 20.8317 15.9325 14.4973 13.193 13.8543 12.9436 19.2006
threshold=1.0700000000000001 8.5000000000000018 5.5000000000000009 3.5000000000000004 3.5000000000000004 0 1 1.0000000180025095e-35 2 4.0700000000000012 4.5000000000000009 1.2700000000000002 1.0000000180025095e-35 3 1.5000000000000002 7.5000000000000009 4 2.2700000000000005 3.5000000000000004 5 1.0000000180025095e-35 6.5000000000000009 1.0000000180025095e-35 5.5000000000000009 1.0000000180025095e-35 10.500000000000002 6 3.5000000000000004 7 1.5350000000000004
decision_type=2 2 2 2 2 1 1 2 1 2 2 2 2 1 2 2 1 2 2 1 2 2 2 2 2 2 1 2 1 2
left_child=4 8 3 -3 7 6 -6 -1 11 -10 -11 -2 -13 17 15 -15 18 20 26 -18 21 23 -23 24 -14 -24 27 -16 29 -22
right_child=1 2 -4 -5 5 -7 -8 -9 9 10 -12 12 13 14 16 -17 19 -19 -20 -21 28 22 25 -25 -26 -27 -28 -29 -30 -31
leaf_value=-0.0022889378431141627 -0.0009085198428399931 0.016506562995965837 -0.031550199653332438 -0.013715494522715317 0.01160292185969272 -0.0055362907687516727 0.00098023706229218694 -9.9668425041849598e-05 0.00052479717737000488 0.034049827608812068 -0.016706298394449825 2.1341070524506239e-05 -0.0069652681605833948 -0.0012410459755203473 0.0034102046724375102 0.025576509699035604 -0.0069110836031487091 0.032423935133994108 -0.034126135771377734 0.0040572896749332529 0.0045896129717584704 0.054981805999641836 0.033264438515102648 -0.02525952004849218 0.023084502782028421 -0.00020943484708385647 -0.012108995858919773 -0.029668924686099801 0.00086283883568324645 0.04317630767925746
leaf_weight=2372 15871 27 30 51 108 1547 967 215085 66911 56 29 42028 66 260 331 157 394 123 65 1012 80 69 83 43 133 53 538 35 358 54
leaf_count=2372 15871 27 30 51 108 1547 967 215085 66911 56 29 42028 66 260 331 157 394 123 65 1012 80 69 83 43 133 53 538 35 358 54
internal_value=3.11143e-08 0.000257422 -0.0111141 -0.00325401 -0.000150672 -0.00240014 0.00214455 -0.000123549 0.00026696 0.00054528 0.016733 -3.50715e-05 0.000267055 0.00294657 -0.00132629 0.00885573 -0.00311962 0.01406 -0.00895155 0.000956548 0.0118042 0.0180491 0.03192 0.00629906 0.0131182 0.0202195 -0.00724045 0.000240333 0.00613052 0.0187409
internal_weight=348936 128857 108 78 220079 2622 1075 217457 128749 66996 85 61753 45882 3854 2792 417 2375 1062 969 1406 939 447 205 242 199 136 904 366 492 134
internal_count=348936 128857 108 78 220079 2622 1075 217457 128749 66996 85 61753 45882 3854 2792 417 2375 1062 969 1406 939 447 205 242 199 136 904 366 492 134
cat_boundaries=0 2 4 7 9 11 12 13 14
cat_threshold=1346650456 579855487 0 8204 95732698 1634100431 2 2146586 129 75497600 19021892 4 9 1
is_linear=0
shrinkage=0.05


Tree=112
num_leaves=31
num_cat=8
split_feature=8 0 0 9 6 0 9 0 7 0 10 0 8 5 9 6 6 7 7 3 0 8 0 7 8 6 3 5 9 6
split_gain=5.14044 31.278 31.1777 11.2825 10.8054 23.3889 11.3006 20.0669 18.9984 15.1524 12.8397 47.727 27.4104 29.236 17.7782 17.4998 14.3193 13.5147 11.4932 11.2742 21.4696 30.1166 15.2332 18.0569 16.3558 15.855 22.7614 12.3274 19.3534 13.0831
threshold=1.0000000180025095e-35 0 1 0.58500000000000008 5.5000000000000009 2 1.6900000000000002 3 4.5000000000000009 4 1.0000000180025095e-35 5 2.5000000000000004 2.5000000000000004 2.5350000000000006 2.5000000000000004 1.0000000180025095e-35 2.5000000000000004 1.5000000000000002 3.5000000000000004 6 5.5000000000000009 7 1.5000000000000002 1.5000000000000002 2.5000000000000004 6.5000000000000009 11.500000000000002 3.6900000000000004 1.0000000180025095e-35
decision_type=2 1 1 2 2 1 2 1 2 1 2 1 2 2 2 2 2 2 2 2 1 2 1 2 2 2 2 2 2 2
left_child=1 3 -2 -1 6 -6 -4 8 19 -10 -9 14 16 -14 -12 -16 -13 -18 -15 20 -8 27 -21 -24 25 26 -25 28 29 -22
right_child=2 -3 4 -5 5 -7 7 10 9 -11 11 12 13 18 15 -17 17 -19 -20 22 21 -23 23 24 -26 -27 -28 -29 -30 -31
leaf_value=-0.00041880289089059195 -0.0005662352647612174 -0.00081146575087026401 0.00061436306198796558 0.00094165880656148422 0.0090323394520868787 -0.0097614821175202038 0.001022766698578984 -0.00034463601906346749 0.0092019133893929492 -0.012226061939622052 -0.0022246762291095886 -0.012347832719873017 0.098086923435330389 0.0054786065786049283 -0.062251336659703942 -0.0026601825586774134 0.026524467007083864 -0.010477192507636164 0.047042264187565221 0.0071650569461099061 0.022104175773069498 -0.020278127326197187 -0.0042454878344720037 0.017762230424210431 0.012359946530294067 -0.022815969156391627 -0.029086940735578538 0.027582973342290835 -0.036018033822377525 0.0096876195228578557
leaf_weight=21209 78183 93110 89554 54146 217 620 764 5815 109 277 175 48 20 29 28 22 121 31 39 1324 271 71 995 100 415 77 35 133 21 977
leaf_count=21209 78183 93110 89554 54146 217 620 764 5815 109 277 175 48 20 29 28 22 121 31 39 1324 271 71 995 100 415 77 35 133 21 977
internal_value=1.94533e-08 -0.000198611 0.000185436 0.000558677 0.000759951 -0.00489772 0.000806703 0.00225453 0.00443984 -0.0062535 0.000323809 0.00790713 0.0209639 0.0449462 -0.00932289 -0.0360312 0.0114599 0.0189781 0.0293166 0.00524479 0.00792091 0.0114143 0.00321271 -5.73113e-05 0.00658808 -0.00471061 0.00561615 0.0131007 0.0115829 0.0123838
internal_weight=348936 168465 180471 75355 102288 837 101451 11897 5569 386 6328 513 288 88 225 50 200 152 68 5183 2237 1473 2946 1622 627 212 135 1402 1269 1248
internal_count=348936 168465 180471 75355 102288 837 101451 11897 5569 386 6328 513 288 88 225 50 200 152 68 5183 2237 1473 2946 1622 627 212 135 1402 1269 1248
cat_boundaries=0 3 6 9 12 14 16 18 20
cat_threshold=2947073554 1126086738 4 2944976402 1134473298 4 74144 2415921156 1 1081553281 134236420 1 1118208 134217984 268437572 270533664 1442048 134234112 3277057 134234368
is_linear=0
shrinkage=0.05


Tree=113
num_leaves=31
num_cat=5
split_feature=6 9 0 7 1 9 0 0 8 9 6 3 3 5 9 6 7 5 9 6 9 3 0 3 8 5 7 5 5 3
split_gain=4.78613 6.74562 6.70791 8.41336 15.6945 29.5301 32.7011 28.7254 19.7112 26.097 17.5058 16.6857 22.4507 18.4124 16.3181 16.284 14.3068 17.7031 16.305 14.2033 13.7289 26.85 45.3308 32.0199 24.2282 17.5194 50.8628 16.9519 16.5447 19.1093
threshold=1.0000000180025095e-35 0.36500000000000005 0 1.0000000180025095e-35 1 2.0700000000000007 2 3 1.0000000180025095e-35 2.4150000000000005 2.5000000000000004 2.5000000000000004 3.5000000000000004 1.5000000000000002 2.2700000000000005 2.5000000000000004 2.5000000000000004 3.5000000000000004 3.6900000000000004 3.5000000000000004 2.5350000000000006 1.5000000000000002 4 6.5000000000000009 1.5000000000000002 3.5000000000000004 1.5000000000000002 11.500000000000002 10.500000000000002 3.5000000000000004
decision_type=2 2 1 2 1 2 1 1 2 2 2 2 2 2 2 2 2 2 2 2 2 2 1 2 2 2 2 2 2 2
left_child=-1 -2 3 4 7 -6 8 11 14 -10 -9 -3 -13 -14 -7 -8 20 18 -18 -15 -5 25 24 28 -23 -22 -27 -26 -24 -30
right_child=1 2 -4 16 5 6 15 10 9 -11 -12 12 13 19 -16 -17 17 -19 -20 -21 21 22 23 -25 27 26 -28 -29 29 -31
leaf_value=0.00019385141186759936 -0.0019036134629572478 0.022397951981772416 9.9420607842478628e-05 0.00036740181966824669 -0.0011876461310109379 0.032451895818983605 0.011829096618059434 -0.0061945319746690066 0.023345908656483519 0.073229973352490332 -0.023941494678878465 -0.026840985479803993 0.040619509889256736 0.0085504851922983457 -0.0071305670806517205 -0.010694206217029954 0.0015111432979642782 -0.0034107613770868253 0.045784730322304228 -0.022833060563596734 0.055787523972188557 0.0055729805588208402 0.0037181773783410326 0.047918839008742643 -0.016279162704729691 -0.025174841304888597 0.061649813764398133 -0.063723253538565977 -0.0065484866161238074 0.050524045577780764
leaf_weight=166508 5486 88 116135 23652 27224 46 152 283 80 39 273 71 32 123 60 170 2137 5435 21 51 41 145 285 62 182 37 31 21 22 44
leaf_count=166508 5486 88 116135 23652 27224 46 152 283 80 39 273 71 32 123 60 170 2137 5435 21 51 41 145 285 62 182 37 31 21 22 44
internal_value=2.28617e-08 -0.000176891 -0.000123355 -0.000548758 -0.00117108 -0.000956189 0.0105459 -0.00755824 0.0246323 0.0396945 -0.014645 0.00333962 -0.00259445 0.00576237 0.0100467 -6.0218e-05 7.06156e-06 -0.00188946 0.00194198 -0.00064814 0.000594302 0.00676286 0.00343854 0.0144436 -0.00975674 0.0299721 0.014407 -0.0211872 0.00894209 0.0314999
internal_weight=348936 182428 176942 60807 28692 27771 547 921 225 119 556 365 277 206 106 322 32115 7593 2158 174 24522 870 761 413 348 109 68 203 351 66
internal_count=348936 182428 176942 60807 28692 27771 547 921 225 119 556 365 277 206 106 322 32115 7593 2158 174 24522 870 761 413 348 109 68 203 351 66
cat_boundaries=0 3 4 6 9 12
cat_threshold=12750938 2261176705 4 8 4325440 2252357889 8552474 266240 4 8421448 4231297 4
is_linear=0
shrinkage=0.05


Tree=114
num_leaves=31
num_cat=12
split_feature=6 3 5 9 6 0 0 3 0 0 3 0 7 0 0 8 9 0 5 9 0 5 1 0 7 9 10 8 3 0
split_gain=4.72413 6.47244 5.65095 4.81301 6.17234 10.1334 4.23997 4.22421 9.92607 7.39012 6.08512 8.62558 5.26533 7.56266 4.51207 7.17621 5.95465 5.55823 4.51182 4.27601 5.35097 7.44208 4.19889 5.84645 3.97214 6.18001 6.15371 4.7552 3.8989 3.86372
threshold=8.5000000000000018 5.5000000000000009 3.5000000000000004 0.93000000000000005 3.5000000000000004 0 1 3.5000000000000004 2 3 2.5000000000000004 4 2.5000000000000004 5 6 5.5000000000000009 0.84500000000000008 7 8.5000000000000018 0.77500000000000013 8 8.5000000000000018 9 10 1.5000000000000002 0.41500000000000009 1.0000000180025095e-35 1.0000000180025095e-35 2.5000000000000004 11
decision_type=2 2 2 2 2 1 1 2 1 1 2 1 2 1 1 2 2 1 2 2 1 2 1 1 2 2 2 2 2 1
left_child=3 2 -2 4 6 -6 7 8 22 -9 14 18 -11 -14 16 -16 -10 -18 -12 -13 21 -21 23 28 25 -20 -27 -28 -1 -24
right_child=1 -3 -4 -5 5 -7 -8 9 10 12 11 19 13 -15 15 -17 17 -19 24 20 -22 -23 29 -25 -26 26 27 -29 -30 -31
leaf_value=0.0040853099089831453 0.015631851415943216 -0.030192542749767504 -0.012656733934657978 0.00019551447271712286 0.0015604464880501232 -0.0072123339565579835 -0.00037559532465956209 0.0012123200100801969 0.0010026180564926238 -0.00030343130786886316 -0.00029576109315296501 -0.0016055740236314607 0.0045138848221648945 -0.00050223881231277272 -7.3279222618149745e-05 0.025754956652720769 0.0083531531539686715 0.0023820990522753502 -0.0045244607074624472 -0.01637677100689133 -0.0026956390605917088 0.0012844736732722049 -0.0043145812173987566 -0.0014116101218601173 -0.0014780759072552125 0.0084096494730212905 0.0046857044566422706 -0.026524873337020045 -0.0012126331062366567 -0.0015171107405737786
leaf_weight=1062 27 30 51 168390 566 776 96619 18175 5705 25938 2713 2539 1435 1568 6812 27 567 1292 136 212 583 83 1476 3000 300 651 26 23 516 7638
leaf_count=1062 27 30 51 168390 566 776 96619 18175 5705 25938 2713 2539 1435 1568 6812 27 567 1292 136 212 583 83 1476 3000 300 651 26 23 516 7638
internal_value=2.18633e-08 -0.0104556 -0.00286453 3.25902e-06 -0.000176159 -0.00355445 -0.000150845 0.000112474 -0.000300558 0.000422482 0.000365439 -0.000814071 -7.39308e-05 0.0019081 0.000960731 2.86474e-05 0.00180106 0.00426103 0.00080987 -0.00263797 -0.00565351 -0.0110337 -0.00135385 -0.000116841 0.00345747 0.0052286 0.00712348 -0.00996416 0.00233809 -0.00197439
internal_weight=348936 108 78 348828 180438 1342 179096 82477 35361 47116 21669 7266 28941 3003 14403 6839 7564 1859 3849 3417 878 295 13692 4578 1136 836 700 49 1578 9114
internal_count=348936 108 78 348828 180438 1342 179096 82477 35361 47116 21669 7266 28941 3003 14403 6839 7564 1859 3849 3417 878 295 13692 4578 1136 836 700 49 1578 9114
cat_boundaries=0 3 6 9 12 14 17 20 22 25 26 28 30
cat_threshold=874537436 617302319 4 1295005224 3897157182 6 137369088 537460770 4 3151360 537460778 4 1140858912 1212153884 83894304 2281701892 2 16777256 3225469440 2 32 49152 0 2147484672 2 1 1052672 589824 2097152 65536
is_linear=0
shrinkage=0.05


Tree=115
num_leaves=31
num_cat=6
split_feature=8 0 0 9 9 9 0 9 9 5 9 9 9 9 5 7 6 9 3 6 0 9 0 7 3 8 9 0 5 10
split_gain=4.59545 28.4826 28.1824 14.2582 17.4017 12.2183 12.4891 8.58362 13.249 20.6356 11.5193 9.47047 8.5066 17.8662 11.8425 18.1955 11.6099 11.7659 7.98085 7.41274 20.1659 10.6314 15.7113 17.7133 16.7472 23.8237 37.8013 23.5865 26.2907 25.9797
threshold=1.0000000180025095e-35 0 1 3.7300000000000004 3.6900000000000004 0.93000000000000005 2 3.2250000000000005 2.8450000000000002 6.5000000000000009 2.5850000000000004 3.5350000000000006 3.6900000000000004 3.7900000000000005 2.5000000000000004 2.5000000000000004 7.5000000000000009 2.8450000000000002 5.5000000000000009 5.5000000000000009 3 1.6900000000000002 4 6.5000000000000009 3.5000000000000004 3.5000000000000004 1.8450000000000004 5 11.500000000000002 1.0000000180025095e-35
decision_type=2 1 1 2 2 2 1 2 2 2 2 2 2 2 2 2 2 2 2 2 1 2 1 2 2 2 2 1 2 2
left_child=1 5 12 4 -3 -1 7 8 10 18 -7 -9 16 14 -14 -16 -2 -18 -10 21 -21 -4 23 24 25 27 -27 28 29 -23
right_child=2 3 19 -5 -6 6 -8 11 9 -11 -12 -13 13 -15 15 -17 17 -19 -20 20 -22 22 -24 -25 -26 26 -28 -29 -30 -31
leaf_value=-6.1785528555026738e-05 -0.00048585193246386213 -0.00077784036728423473 0.0006192872040434263 0.021784935763238797 -0.040924314312912803 0.0023148261173862104 0.00045093758495074035 0.036761609705066998 0.018936987798060141 -0.046844684766339406 0.024270806166653836 0.00071275518275797371 0.056126616343569302 -0.0010312690900093845 -0.010530054878909142 0.049336194369772622 0.00048180466251713892 -0.039698897005598012 -0.02098442055284977 0.005110786606378875 -0.010909311497775969 0.015625170763087226 0.00044838880583162845 -0.017628752281582293 0.0021429600341964553 0.033390444818263254 -0.0096561260000966945 0.0041828992513858665 0.040604681153005612 -0.015731796621629556
leaf_weight=40095 86003 93038 82389 70 27 13741 21274 38 31 35 60 35 26 147 30 22 35 38 21 339 446 800 5702 91 2949 60 340 886 96 72
leaf_count=40095 86003 93038 82389 70 27 13741 21274 38 31 35 60 35 26 147 30 22 35 38 21 339 446 800 5702 91 2949 60 340 886 96 72
internal_value=2.07612e-08 -0.000187786 0.000175333 -0.000772438 -0.000789488 0.000535087 0.00121444 0.00237585 0.00228766 -0.0171631 0.00241028 0.0194779 -0.000477335 0.00923196 0.0285742 0.014798 -0.00050277 -0.0204342 0.00281488 0.000773431 -0.00406494 0.000814186 0.00227449 0.00423248 0.00462297 0.00786767 -0.00319914 0.0102553 0.0156089 0.0130361
internal_weight=348936 168465 180471 93135 93065 75330 35235 13961 13888 87 13801 73 86301 225 78 52 86076 73 52 94170 785 93385 10996 5294 5203 2254 400 1854 968 872
internal_count=348936 168465 180471 93135 93065 75330 35235 13961 13888 87 13801 73 86301 225 78 52 86076 73 52 94170 785 93385 10996 5294 5203 2254 400 1854 968 872
cat_boundaries=0 3 6 9 12 15 18
cat_threshold=2947073554 1193195586 4 2944976402 1738469458 4 570441728 1192894464 4 1346445728 2415921700 1 1081553281 134220036 1 1077944449 2308 1
is_linear=0
shrinkage=0.05


Tree=116
num_leaves=31
num_cat=9
split_feature=6 0 7 6 7 9 5 9 0 6 0 9 8 0 5 0 1 9 0 8 5 0 5 3 9 7 5 7 5 0
split_gain=4.66575 9.6309 19.8625 11.7924 9.61738 16.907 18.8481 11.9914 8.85729 8.40651 17.5274 22.1437 22.3691 35.1523 22.048 28.1047 16.8604 16.0385 23.1825 16.2779 18.7832 15.6895 14.6309 16.2692 16.3177 14.1544 13.7767 17.7514 13.2805 14.8401
threshold=1.5000000000000002 0 7.5000000000000009 2.5000000000000004 2.5000000000000004 2.2700000000000005 10.500000000000002 3.4650000000000003 1 2.5000000000000004 2 1.7750000000000001 1.0000000180025095e-35 3 4.5000000000000009 4 5 2.0700000000000007 6 1.5000000000000002 5.5000000000000009 7 9.5000000000000018 5.5000000000000009 1.9300000000000004 4.5000000000000009 2.5000000000000004 1.0000000180025095e-35 6.5000000000000009 8
decision_type=2 1 2 2 2 2 2 2 1 2 1 2 2 1 2 1 1 2 1 2 2 1 2 2 2 2 2 2 2 1
left_child=-1 2 3 4 7 8 -7 -2 -6 10 11 -3 14 16 15 -13 22 -18 19 -19 -21 -16 23 24 -14 28 27 -17 29 -15
right_child=1 9 -4 -5 5 6 -8 -9 -10 -11 -12 12 13 25 21 26 17 18 -20 20 -22 -23 -24 -25 -26 -27 -28 -29 -30 -31
leaf_value=0.00011190753967999125 -0.0017087283634537234 0.0010664310040676712 -0.035967147965892787 0.00017438245307663383 -6.3075541381395092e-05 -0.012895217402195881 -0.057357386474808064 0.030484231071675135 -0.0080634394568910896 -0.00063587171006097322 -0.00041286309763319203 -0.0091859339519975367 0.010626682158439392 0.02499505377378862 -0.022241153977739143 0.037910760433546138 -0.019455425368828907 0.049421864973776271 -0.012198268285728703 -0.012823119563172045 0.037531564895424155 -0.00083046115473360104 -0.012845002883113922 -0.0079173848462792545 0.058451661055109329 -0.0031935941061061444 0.042982213272515578 -0.010569714500409801 0.032075872584319237 0.0050757268927025031
leaf_weight=253863 11326 15220 41 9783 689 116 30 29 696 31193 24173 100 31 208 119 35 126 33 119 46 31 269 32 26 42 66 66 41 191 196
leaf_count=253863 11326 15220 41 9783 689 116 30 29 696 31193 24173 100 31 208 119 35 126 33 119 46 31 269 32 26 42 66 66 41 191 196
internal_value=1.86887e-08 -0.000298746 -0.00119679 -0.00113443 -0.00212808 -0.0058481 -0.0220313 -0.00162651 -0.00414215 -1.67401e-05 0.000452349 0.0016821 0.00696477 0.0111223 -0.000604628 0.0112392 0.00069976 -0.00498746 0.00275528 0.0183711 0.00744955 -0.00799177 0.0153724 0.0260459 0.0381424 0.0184951 0.0245417 0.0117568 0.0212118 0.0160755
internal_weight=348936 95073 22710 22669 12886 1531 146 11355 1385 72363 41170 16997 1777 1147 630 242 486 355 229 110 77 388 131 99 73 661 142 76 595 404
internal_count=348936 95073 22710 22669 12886 1531 146 11355 1385 72363 41170 16997 1777 1147 630 242 486 355 229 110 77 388 131 99 73 661 142 76 595 404
cat_boundaries=0 2 4 7 10 13 14 17 20 22
cat_threshold=2152336512 1090659792 2147486720 16785616 481398793 2148649472 7 9469960 1130496 5 405798913 0 6 5 32768 1064960 5 67211264 512 3 404815873 512
is_linear=0
shrinkage=0.05


Tree=117
num_leaves=31
num_cat=8
split_feature=9 6 0 7 8 6 0 3 9 6 0 9 0 8 9 0 3 3 7 0 5 9 8 9 7 0 9 9 3 0
split_gain=4.46299 5.27296 8.71379 15.4739 11.2486 10.8083 7.64207 11.5613 7.43882 8.31325 16.4456 19.5625 29.606 26.1192 14.401 12.6168 12.2454 20.2354 9.05047 11.4783 8.77589 7.61601 50.7854 7.28953 6.98573 33.4521 19.7234 18.601 9.70843 15.9431
threshold=0.15500000000000005 1.5000000000000002 0 7.5000000000000009 7.5000000000000009 2.5000000000000004 1 1.5000000000000002 0.41500000000000009 2.5000000000000004 2 2.2700000000000005 3 1.0000000180025095e-35 2.8450000000000002 4 5.5000000000000009 6.5000000000000009 1.0000000180025095e-35 5 8.5000000000000018 3.4650000000000003 2.5000000000000004 1.4150000000000003 2.5000000000000004 6 2.4150000000000005 2.8450000000000002 5.5000000000000009 7
decision_type=2 2 1 2 2 2 1 2 2 2 1 2 1 2 2 1 2 2 2 1 2 2 2 2 2 1 2 2 2 1
left_child=-1 -2 3 4 5 6 7 23 -4 10 11 -10 13 14 -13 -11 -15 -18 20 -20 -14 24 -23 -3 -12 26 -26 -28 -27 -30
right_child=1 2 8 -5 -6 -7 -8 -9 9 15 21 12 18 16 -16 -17 17 -19 19 -21 -22 22 -24 -25 25 28 27 -29 29 -31
leaf_value=-0.0010052449818856136 0.00015523877931357183 -0.0035170076526358633 -0.005951527073384465 -0.032641118602492872 -0.02943973308794999 0.00022343768605749504 -0.0028245135659892041 0.0011841311962278167 0.001323288670633849 -0.0018528650630795257 -6.7354196358327688e-05 0.0094519145363433799 0.0018651293976039722 0.03523630510569703 -0.035776413946102065 0.00019452323553401245 -0.014471963709975416 0.040292433234712773 -0.016864701254969149 0.0030646300069303908 0.033858213628477914 0.056626799457839563 -0.035626865035066235 -0.017760163652259978 -0.0058958127973303565 0.0053911489403341848 -0.040254721746725203 -0.0035279114441625001 0.0053212923504491177 -0.014612481304250295
leaf_weight=10703 243160 326 526 39 35 9164 8764 2840 16059 12212 21566 66 58 189 24 19580 37 31 103 197 34 35 26 124 1451 1056 85 58 214 174
leaf_count=10703 243160 326 526 39 35 9164 8764 2840 16059 12212 21566 66 58 189 24 19580 37 31 103 197 34 35 26 124 1451 1056 85 58 214 174
internal_value=-1.50938e-08 3.17943e-05 -0.000283929 -0.00117472 -0.00111753 -0.00107082 -0.00205477 4.28115e-06 -2.66974e-05 1.58416e-05 0.000482249 0.00168831 0.00964341 0.0199957 -0.00260897 -0.000592445 0.0286897 0.0104942 -2.97912e-05 -0.00423778 0.0136887 -0.000339683 0.0173056 -0.00744179 -0.000383569 -0.0026283 -0.0075942 -0.0253585 0.00288606 -0.00385754
internal_weight=348936 338233 95073 21292 21253 21218 12054 3290 73781 73255 41463 16798 739 347 90 31792 257 68 392 300 92 24665 61 450 24604 3038 1594 143 1444 388
internal_count=348936 338233 95073 21292 21253 21218 12054 3290 73781 73255 41463 16798 739 347 90 31792 257 68 392 300 92 24665 61 450 24604 3038 1594 143 1444 388
cat_boundaries=0 2 4 7 10 13 16 18 20
cat_threshold=4852864 1090659792 2048 1073742016 481398793 2148649472 7 404815872 1098240 2 523338245 1165824 5 9437184 65536 1 3271574274 350748712 536870980 671350787
is_linear=0
shrinkage=0.05


Tree=118
num_leaves=31
num_cat=8
split_feature=9 6 9 0 9 6 0 8 9 0 7 9 5 0 9 5 9 5 9 5 7 0 5 8 10 0 9 7 1 0
split_gain=4.23948 4.87262 6.16048 5.88623 7.69919 7.49071 11.0525 7.28869 16.7482 22.343 23.0622 20.2806 18.0984 13.8064 17.5681 12.3554 12.0053 9.1381 11.0378 8.86942 7.07465 34.6374 25.7966 12.3425 6.68045 8.35594 9.06089 6.48357 14.144 26.6771
threshold=1.0000000180025095e-35 1.0000000180025095e-35 0.27000000000000007 0 4.4650000000000007 1.5000000000000002 1 3.5000000000000004 2.4150000000000005 2 2.5000000000000004 3.0700000000000007 4.5000000000000009 3 2.6900000000000004 3.5000000000000004 2.5350000000000006 3.5000000000000004 2.8450000000000002 11.500000000000002 5.5000000000000009 4 11.500000000000002 3.5000000000000004 1.0000000180025095e-35 5 2.8450000000000002 1.0000000180025095e-35 6 7
decision_type=2 2 2 1 2 2 1 2 2 1 2 2 2 1 2 2 2 2 2 2 2 1 2 2 2 1 2 2 1 1
left_child=-1 -2 -3 27 5 6 7 8 -5 11 15 12 -10 19 -15 -11 -14 -12 -19 -9 -7 23 24 -22 25 -23 -27 28 29 -4
right_child=1 2 3 4 -6 20 -8 13 9 10 17 -13 16 14 -16 -17 -18 18 -20 -21 21 22 -24 -25 -26 26 -28 -29 -30 -31
leaf_value=-0.00210668113063801 0.00021201750033047952 -0.0036886231503188375 0.0019684459993240182 0.0014987196344818825 0.027292776738221832 -0.0002538919589608612 -3.7525940415221204e-05 0.0025442422336588305 0.033281260076910256 0.035032501466134014 0.022987448903066771 -0.048558430497845015 0.014426626265048981 -0.0059792405535330226 -0.046669882186272715 -0.0028095543716039699 -0.034930672423381895 0.039603576347555805 0.090392152220010763 0.032876099359530668 -0.017779953105458886 -0.0052562385303494726 -0.031290897990061725 -0.052956124099678009 0.03210842173408579 0.0080248120742450867 0.038200168247366773 -4.2355857038596602e-05 -0.00081706554202827259 -0.014019781863682596
leaf_weight=2372 164136 1231 481 18116 26 57656 33358 330 36 34 21 21 22 504 28 59 28 23 20 26 178 105 47 29 27 175 29 37031 32224 563
leaf_count=2372 164136 1231 481 18116 26 57656 33358 330 36 34 21 21 22 504 28 59 28 23 20 26 178 105 47 29 27 175 29 37031 32224 563
internal_value=-5.3854e-08 1.43646e-05 -0.00016347 -0.000139521 8.73863e-05 8.10144e-05 0.000513382 0.00146641 0.00168092 0.0141838 0.0253102 -0.00412201 0.00624945 -0.00295711 -0.00797102 0.0110252 -0.0132135 0.0500228 0.0632262 0.00462945 -0.000309635 -0.00575699 0.0033179 -0.0216616 0.00825776 0.00617372 0.011739 -0.000497413 -0.00100409 -0.00670477
internal_weight=348936 346564 182428 181197 110898 110872 52626 19268 18380 264 157 107 86 888 532 93 50 64 43 356 58246 590 383 207 336 309 204 70299 33268 1044
internal_count=348936 346564 182428 181197 110898 110872 52626 19268 18380 264 157 107 86 888 532 93 50 64 43 356 58246 590 383 207 336 309 204 70299 33268 1044
cat_boundaries=0 3 5 7 9 11 13 14 17
cat_threshold=146968666 2261709185 4 554183844 1090520152 11264 1048 554180608 1032 34619812 1075839542 2434801665 16778240 8 8552474 831488 4
is_linear=0
shrinkage=0.05


Tree=119
num_leaves=31
num_cat=9
split_feature=9 6 0 0 6 0 7 2 9 7 0 0 9 9 0 8 9 0 5 8 5 3 7 5 8 9 5 9 8 0
split_gain=4.21471 6.7372 6.84455 5.05082 4.62111 11.9183 9.18309 18.1951 7.168 6.91609 23.3829 12.3977 10.4416 9.59864 11.2505 18.895 22.9402 15.1905 14.0127 13.4089 26.8026 30.466 23.222 11.8183 12.4309 18.1009 11.4176 10.2543 9.61829 19.9524
threshold=0.46500000000000002 1.5000000000000002 0 1 3.5000000000000004 2 4.5000000000000009 3 4.3100000000000014 1.0000000180025095e-35 4 5 4.0700000000000012 1.8450000000000004 6 1.0000000180025095e-35 2.9300000000000002 7 3.5000000000000004 2.5000000000000004 2.5000000000000004 5.5000000000000009 2.5000000000000004 6.5000000000000009 4.5000000000000009 2.8450000000000002 1.5000000000000002 3.5350000000000006 3.5000000000000004 8
decision_type=2 2 1 1 2 1 2 1 2 2 1 1 2 2 1 2 2 1 2 2 2 2 2 2 2 2 2 2 2 1
left_child=1 2 -1 -3 8 6 -6 -8 -2 10 -7 12 -11 -13 19 16 17 18 -16 -15 21 -21 23 24 25 -22 -17 -18 29 -28
right_child=4 3 -4 -5 5 9 7 -9 -10 11 -12 13 -14 14 15 26 27 -19 -20 20 22 -23 -24 -25 -26 -27 28 -29 -30 -31
leaf_value=0.00043099047201058466 0.00012278268318934469 0.0001675209970407284 -0.00071832051020713386 -0.0040543054018383987 -0.0029471262807373752 0.0037085505769763301 -0.0053024262932406087 0.0214043779234434 0.022435184495730533 -0.0017647653030784861 -0.0037932060844483185 0.00067822339405456398 -0.034316498644649987 -0.0020307595074684401 0.027775047036508724 -0.012823019619983965 0.071559862978756425 0.025996376243991811 -0.012735747829129972 0.053160291247380281 0.014359073447329658 -0.018097426667809485 -0.016835399611478615 -0.0064220912133653961 -0.0025602954405325434 0.068846953929298446 0.02872557799290756 0.025339701949130922 -0.0033868035838750554 0.0043844693228383925
leaf_weight=21508 275121 1076 32546 2093 5662 1579 138 106 36 1689 2994 2410 25 716 30 79 28 104 74 60 35 20 97 42 27 27 109 21 153 331
leaf_count=21508 275121 1076 32546 2093 5662 1579 138 106 36 1689 2994 2410 25 716 30 79 28 104 74 60 35 20 97 42 27 27 109 21 153 331
internal_value=-7.71771e-08 -0.000392427 -0.000261065 -0.00263309 7.6887e-05 -0.000734406 -0.00253355 0.00695963 0.000125702 0.000265446 -0.00120313 0.001371 -0.00222657 0.00278302 0.00539459 0.00934233 0.0209736 0.013723 -0.000957841 0.00170521 0.0104455 0.0353459 0.00170853 0.0154395 0.0257563 0.0380877 0.00503311 0.0517512 0.00741192 0.0111669
internal_weight=348936 57223 54054 3169 291713 16556 5906 244 275157 10650 4573 6077 1714 4363 1953 929 257 208 104 1024 308 80 228 131 89 62 672 49 593 440
internal_count=348936 57223 54054 3169 291713 16556 5906 244 275157 10650 4573 6077 1714 4363 1953 929 257 208 104 1024 308 80 228 131 89 62 672 49 593 440
cat_boundaries=0 3 5 8 9 12 15 17 19 20
cat_threshold=195703912 1112082102 3 1158287553 1855505034 2022416954 1140922497 6 25 18874753 714220048 1 19923328 676332048 1 4472832 2477573156 2181043205 64 5125
is_linear=0
shrinkage=0.05


Tree=120
num_leaves=31
num_cat=5
split_feature=8 0 0 9 9 9 0 9 9 7 8 7 7 9 7 5 3 9 5 9 5 9 8 0 0 9 9 9 3 5
split_gain=4.12716 25.9002 25.8953 10.7619 9.7024 18.0199 9.22063 9.49449 9.26962 10.2048 9.18281 9.13071 10.1111 8.46832 11.9795 11.4111 13.3389 8.90973 8.2839 7.10394 16.783 16.4709 7.09867 17.4705 10.4118 14.2453 15.2413 12.7918 13.8645 15.5976
threshold=1.0000000180025095e-35 0 1 0.93000000000000005 3.7300000000000004 3.6900000000000004 2 3.2250000000000005 2.9300000000000002 1.5000000000000002 7.5000000000000009 8.5000000000000018 7.5000000000000009 2.4650000000000003 2.5000000000000004 5.5000000000000009 3.5000000000000004 2.6900000000000004 5.5000000000000009 3.0700000000000007 5.5000000000000009 3.9300000000000002 2.5000000000000004 3 4 3.6900000000000004 3.9300000000000002 1.5350000000000004 1.5000000000000002 2.5000000000000004
decision_type=2 1 1 2 2 2 1 2 2 2 2 2 2 2 2 2 2 2 2 2 2 2 2 1 1 2 2 2 2 2
left_child=2 10 3 -1 5 -4 7 8 13 -10 11 12 22 -5 15 16 -15 -17 -9 -8 -21 -22 24 -24 27 -26 -27 -2 29 -29
right_child=1 -3 4 6 -6 -7 19 18 9 -11 -12 -13 -14 14 -16 17 -18 -19 -20 20 21 -23 23 -25 25 26 -28 28 -30 -31
leaf_value=-1.3953050962694798e-05 -0.0011966971304699892 0.00061411698161533063 -0.00068905921502503587 0.0021268896401409332 0.017054971244621586 -0.040108484466528073 0.00062867330008398636 0.0060836784461779257 0.003386564756787959 -0.045905651098915506 -0.016168562159490599 0.027437590816106389 -0.025149179427396685 -0.034240774693036519 0.038746409186136886 0.048311407389965928 0.010804317321717031 0.0042595540289767087 0.04334272500843956 0.015264502309617543 -0.036874021918265498 0.0091043453896418221 0.0026216554825677441 -0.0009707462044613402 -0.00027785439747981616 0.049863569361382518 -0.0068732014112174514 0.0065502262314442884 -0.0032287295831375123 -0.01675978712139024
leaf_weight=36052 19634 115736 100541 12559 77 29 18818 35 21 21 95 29 42 27 37 22 42 24 26 42 64 28 5382 9081 27182 29 20 88 2764 389
leaf_count=36052 19634 115736 100541 12559 77 29 18818 35 21 21 95 29 42 27 37 22 42 24 26 42 64 28 5382 9081 27182 29 20 88 2764 389
internal_value=2.83485e-08 0.000166168 -0.000177952 0.000577195 -0.000686774 -0.000700426 0.00124828 0.00228373 0.00219138 -0.0212595 -0.00063469 -0.000611959 -0.000624549 0.00226887 0.0139999 0.00603792 -0.00682202 0.0253278 0.0219646 0.000546697 -0.0109247 -0.0228806 -0.000608596 0.000367207 -0.00089026 -0.000229215 0.0267057 -0.00167635 -0.00458727 -0.0124594
internal_weight=348936 180471 168465 67818 100647 100570 31766 12814 12753 42 64735 64640 64611 12711 152 115 69 46 61 18952 134 92 64569 14463 50106 27231 49 22875 3241 477
internal_count=348936 180471 168465 67818 100647 100570 31766 12814 12753 42 64735 64640 64611 12711 152 115 69 46 61 18952 134 92 64569 14463 50106 27231 49 22875 3241 477
cat_boundaries=0 3 6 9 11 13
cat_threshold=789104130 1126084674 4 2944976402 1126082626 4 570441728 1125785600 4 570949634 34639874 570425346 1125687298
is_linear=0
shrinkage=0.05


Tree=121
num_leaves=31
num_cat=7
split_feature=6 3 5 9 9 7 8 5 9 0 9 10 8 0 0 5 6 0 0 8 7 1 6 6 0 9 3 6 5 7
split_gain=4.01713 7.02645 10.8638 10.702 6.47841 4.58615 13.5478 7.11266 4.36272 6.58878 8.94312 10.0239 32.103 23.2009 12.9596 8.73983 16.3566 15.4685 10.8802 17.3705 15.4847 14.4651 13.2253 20.4533 12.9816 11.4274 11.0055 14.5673 10.6023 11.8228
threshold=7.5000000000000009 6.5000000000000009 11.500000000000002 2.6900000000000004 2.9300000000000002 1.5000000000000002 1.5000000000000002 3.5000000000000004 1.5350000000000004 0 1.6900000000000002 1.0000000180025095e-35 2.5000000000000004 1 2 3.5000000000000004 3.5000000000000004 3 4 1.5000000000000002 1.5000000000000002 5 1.0000000180025095e-35 2.5000000000000004 6 2.6900000000000004 1.5000000000000002 1.0000000180025095e-35 2.5000000000000004 2.5000000000000004
decision_type=2 2 2 2 2 2 2 2 2 1 2 2 2 1 1 2 2 1 1 2 2 1 2 2 1 2 2 2 2 2
left_child=8 2 3 -2 -3 7 -7 -5 -1 10 11 14 13 -13 -10 16 18 -18 19 28 21 24 -21 -24 26 -22 -20 -28 -12 -30
right_child=1 4 -4 5 -6 6 -8 -9 9 -11 15 12 -14 -15 -16 -17 17 -19 20 22 25 -23 23 -25 -26 -27 27 -29 29 -31
leaf_value=-6.7080624730524367e-05 -0.0099254494553411409 -0.0064757872629782253 -0.027778430219207492 0.045870917908508668 -0.041594415147543869 0.032851277972045151 -0.017796095004004819 0.0068898627012968063 -0.0089816407448187752 0.0007859413085694203 0.001320044456452534 0.01676924056412021 0.04975553043249592 -0.011946822384128437 -0.0016679597444697416 -0.00067560356180202937 -0.020525798740826787 -0.00047339329741577561 0.055917394664985215 -0.02669456545518686 0.010839512701137692 -0.0036016400351612842 0.004970092682448109 -0.023104035596434886 0.0021689375268865948 0.029851366179604839 0.041309737822994956 0.0042445606778686246 0.010444075887753342 0.044665800084670387
leaf_weight=299188 91 29 35 22 24 23 31 25 780 36372 370 111 37 158 2665 6619 114 443 22 73 392 379 226 91 212 99 41 75 159 30
leaf_count=299188 91 29 35 22 24 23 31 25 780 36372 370 111 37 158 2665 6619 114 443 22 73 392 379 226 91 212 99 41 75 159 30
internal_value=3.01671e-08 -0.00598649 -0.00215927 0.00251089 -0.0223786 0.0137159 0.00377593 0.0251363 4.83785e-06 0.000439809 -0.000521719 -0.00258446 0.00608813 8.18288e-05 -0.0033548 0.000305689 0.00268837 -0.00495448 0.00465105 0.000585056 0.00774558 0.00318613 -0.00750751 -0.00308904 0.0103437 0.0146729 0.0219069 0.0173452 0.0062415 0.0158761
internal_weight=348936 280 227 192 53 101 54 47 348656 49468 13096 3751 306 269 3445 9345 2726 557 2169 949 1220 729 390 317 350 491 138 116 559 189
internal_count=348936 280 227 192 53 101 54 47 348656 49468 13096 3751 306 269 3445 9345 2726 557 2169 949 1220 729 390 317 350 491 138 116 559 189
cat_boundaries=0 3 5 7 10 12 13 15
cat_threshold=536972336 2215936421 1 66608 67108897 536870928 33 0 67109124 1 536871984 1343489 6 2048 388
is_linear=0
shrinkage=0.05


Tree=122
num_leaves=31
num_cat=7
split_feature=6 9 9 0 3 8 0 10 10 3 1 0 0 5 3 5 5 3 0 7 8 9 7 8 5 3 0 5 9 9
split_gain=3.75551 5.49083 5.4342 31.9747 18.388 26.5085 23.0665 26.0968 13.7253 10.6416 17.7336 19.8724 12.8569 16.5115 14.5467 14.567 15.8179 12.3737 13.4132 16.8343 14.0961 11.1951 10.1615 10.1139 10.0597 9.03181 14.5916 13.8595 7.66086 8.5274
threshold=1.0000000180025095e-35 0.27000000000000007 2.0700000000000007 0 4.5000000000000009 1.5000000000000002 1 1.0000000180025095e-35 1.0000000180025095e-35 5.5000000000000009 2 3 4 5.5000000000000009 6.5000000000000009 4.5000000000000009 9.5000000000000018 3.5000000000000004 5 2.5000000000000004 1.0000000180025095e-35 2.4150000000000005 1.0000000180025095e-35 2.5000000000000004 3.5000000000000004 1.5000000000000002 6 4.5000000000000009 3.0700000000000007 2.4150000000000005
decision_type=2 2 2 1 2 2 1 2 2 2 1 1 1 2 2 2 2 2 1 2 2 2 2 2 2 2 1 2 2 2
left_child=2 -2 -1 4 5 8 -6 -8 28 10 -5 25 13 21 -14 -16 -17 18 19 24 -20 -11 -15 -22 -13 27 -27 -12 29 -4
right_child=1 -3 3 9 6 -7 7 -9 -10 12 11 17 14 22 15 16 -18 -19 20 -21 23 -23 -24 -25 -26 26 -28 -29 -30 -31
leaf_value=0.00013975468636717394 -0.0034847721315248528 -0.00013411330818585408 0.037038789716420502 -0.022159669294401454 -0.016357967426546483 0.0036555696149074023 0.005518347602060626 0.059932984039187433 -0.011627506613731384 -0.01983462130384786 -0.0040565078575654249 0.019190763495862486 0.010664103664773501 0.017270472512713502 0.0044440660925049872 -0.050925389559645408 0.00028442388889379799 -0.0051759872371504399 0.049756885740237365 0.037490397039800887 -0.0032714858227832753 0.025289088828678898 0.064449438571929932 0.030826425162512203 -0.02151130676151268 0.0073541324901378758 -0.015771627516556554 -0.045731266002569881 0.060346603251638868 0.016372076120404973
leaf_weight=164453 1231 181197 123 125 109 201 269 24 20 28 38 20 118 21 56 38 25 161 39 22 44 27 25 43 63 108 161 42 21 84
leaf_count=164453 1231 181197 123 125 109 201 269 24 20 28 38 20 118 21 56 38 25 161 39 22 44 27 25 43 63 108 161 42 21 84
internal_value=-1.06991e-08 -0.000156723 0.000171685 0.00272695 0.0100775 0.0171504 0.00242843 0.00964629 0.0280877 -0.0025312 -0.00548893 -0.00234601 0.00497198 0.0189311 -0.00170373 -0.0141108 -0.030604 0.00532877 0.012881 -0.00127485 0.0229567 0.00231702 0.0429112 0.0135815 -0.0117036 -0.0108747 -0.00679985 -0.0259358 0.0315715 0.0286523
internal_weight=348936 182428 166508 2055 851 449 402 293 248 1204 866 741 338 101 237 119 63 392 231 105 126 55 46 87 83 349 269 80 228 207
internal_count=348936 182428 166508 2055 851 449 402 293 248 1204 866 741 338 101 237 119 63 392 231 105 126 55 46 87 83 349 269 80 228 207
cat_boundaries=0 3 5 6 9 11 13 15
cat_threshold=1276681960 273515413 5 67633184 66324 4 54616068 1630567464 2 2147508224 92276746 270795010 41943104 65536 1075868672
is_linear=0
shrinkage=0.05


Tree=123
num_leaves=31
num_cat=10
split_feature=9 6 3 0 10 9 5 0 9 0 7 5 5 1 0 0 9 9 5 0 5 8 9 9 5 9 1 0 9 0
split_gain=3.76626 4.0635 5.28989 21.75 21.7443 24.9851 24.333 18.5181 16.013 60.8525 16.2303 20.586 15.2586 11.5111 20.2043 16.0553 17.9574 15.9516 22.268 18.2285 18.3303 20.3745 11.3993 11.205 11.0165 10.3259 9.84535 19.1617 46.1963 13.6416
threshold=1.0000000180025095e-35 1.0000000180025095e-35 1.5000000000000002 0 1.0000000180025095e-35 1.2700000000000002 7.5000000000000009 1 1.6900000000000002 2 1.0000000180025095e-35 3.5000000000000004 3.5000000000000004 3 4 5 2.2700000000000005 0.93000000000000005 1.5000000000000002 6 8.5000000000000018 2.5000000000000004 2.5350000000000006 1.8450000000000004 8.5000000000000018 1.6900000000000002 7 8 1.1850000000000003 9
decision_type=2 2 2 1 2 2 2 1 2 1 2 2 2 1 1 1 2 2 2 1 2 2 2 2 2 2 1 1 2 1
left_child=-1 2 3 8 13 7 -7 -6 -2 10 -10 -12 -9 14 23 16 -15 -17 -19 20 21 -20 -11 -5 -13 -8 27 28 -4 -30
right_child=1 -3 26 4 5 6 25 12 9 22 11 24 -14 15 -16 17 -18 18 19 -21 -22 -23 -24 -25 -26 -27 -28 -29 29 -31
leaf_value=-0.0019856547909901864 -0.00032171372152371941 -0.00014888695782724708 0.00072288659731077046 0.0039732637405065071 -0.0033688420515741307 0.0097240378619315709 0.035517940372561237 -0.0034462432036598944 0.031111380143064849 -0.021224694978941153 0.034573098748094507 -0.02080104799941182 0.01717795336908139 0.0008140593680786998 -0.0032118201770879673 0.0025906289966669341 -0.028778724298060228 0.026960835533025557 0.0034313100895388168 0.0029251426087433738 0.032120615786047489 0.039673975656699875 -0.057832206202589942 0.039975209093906665 0.012930337566177589 0.075309388728245441 -0.00022368661751794676 -6.5248707089039036e-05 0.010749146015977734 0.0042282721503539176
leaf_weight=2372 10204 182428 13416 1226 334 97 56 119 71 282 36 70 364 3621 2464 2583 52 156 247 919 123 46 23 22 37 23 92470 31773 1545 1757
leaf_count=2372 10204 182428 13416 1226 334 97 56 119 71 282 36 70 364 3621 2464 2583 52 156 247 919 123 46 23 22 37 23 92470 31773 1545 1757
internal_value=-7.74151e-08 1.35125e-05 0.000194011 0.000894064 0.00231442 0.00941404 0.026502 0.00573291 -0.000756767 -0.00932489 0.0110531 0.001867 0.0118513 0.00170121 -0.000589835 0.00279612 0.000394031 0.00495551 0.00908566 0.00699688 0.0155478 0.00912128 -0.0232238 0.00457128 -0.00913692 0.0471028 7.89168e-05 0.000655878 0.00202562 0.00732474
internal_weight=348936 346564 164136 23175 12452 993 176 817 10723 519 214 143 483 11459 3712 7747 3673 4074 1491 1335 416 293 305 1248 107 79 140961 48491 16718 3302
internal_count=348936 346564 164136 23175 12452 993 176 817 10723 519 214 143 483 11459 3712 7747 3673 4074 1491 1335 416 293 305 1248 107 79 140961 48491 16718 3302
cat_boundaries=0 3 5 8 9 11 13 15 16 18 20
cat_threshold=2592712822 193477724 7 73814912 409633 302522386 151001152 6 2 71452033 4227105 1681917321 611352609 1327616 2147483904 10 2428338250 390108033 2159607810 67145856
is_linear=0
shrinkage=0.05


Tree=124
num_leaves=31
num_cat=9
split_feature=8 0 0 9 0 5 0 9 0 7 9 6 7 5 9 0 9 3 1 0 7 3 5 7 6 3 0 7 7 9
split_gain=3.70333 23.5997 23.3257 9.06118 9.02107 8.90225 10.9347 10.1259 34.9259 11.1923 16.6836 14.8691 10.0911 12.9653 9.20823 46.1752 20.6198 19.0493 42.7437 31.5281 19.9517 14.7826 13.2578 13.0658 11.8012 11.2994 11.1719 12.1603 24.7967 10.9687
threshold=1.0000000180025095e-35 0 1 0.58500000000000008 2 4.5000000000000009 3 2.0700000000000007 4 1.0000000180025095e-35 2.6900000000000004 1.0000000180025095e-35 1.0000000180025095e-35 2.5000000000000004 2.0700000000000007 5 3.7300000000000004 3.5000000000000004 6 7 1.0000000180025095e-35 4.5000000000000009 6.5000000000000009 1.5000000000000002 2.5000000000000004 2.5000000000000004 8 1.0000000180025095e-35 1.5000000000000002 2.6900000000000004
decision_type=2 1 1 2 1 2 1 2 1 2 2 2 2 2 2 1 2 2 1 1 2 2 2 2 2 2 1 2 2 2
left_child=1 3 -2 -1 -5 6 -3 -8 12 10 -10 -11 13 -9 -7 16 25 18 22 20 21 -19 24 -20 -17 -16 27 -27 -29 -23
right_child=2 5 -4 4 -6 14 7 8 9 11 -12 -13 -14 -15 15 17 -18 19 23 -21 -22 29 -24 -25 -26 26 -28 28 -30 -31
leaf_value=-0.00039754420783142644 -0.00060269340024053479 -0.001133846886498592 0.00058242327050278986 0.0015399837045755411 0.00026697873924846259 -0.001017604010052006 0.00052058105493713177 -0.0087802456957953318 0.01507502640190634 0.055839101374149325 -0.024882761548672402 0.017891410744396621 -0.0055808342229097321 -0.065031097084283826 -0.0072079328292115469 0.0095718112890608616 0.022783332715431853 0.0064271545685503795 -0.017276795182353373 -0.0032011309794369616 0.010496195338611656 0.06689994124488699 0.001884158721180461 -0.049951658750835223 0.054456926413156373 -0.028197896256511867 -0.031466423926913921 0.041801159126827352 -0.019053325849644684 0.023137367995721955
leaf_weight=22604 64735 14129 115736 23408 34337 53777 18332 21 103 30 35 185 78 20 127 32 30 23 157 283 136 45 141 38 27 57 216 26 47 21
leaf_count=22604 64735 14129 115736 23408 34337 53777 18332 21 103 30 35 185 78 20 127 32 30 23 157 283 136 45 141 38 27 57 216 26 47 21
internal_value=-5.77351e-08 -0.000168652 0.00015732 0.000451065 0.000783328 -0.000733712 -8.32468e-05 0.000706383 0.00793772 0.0156113 0.0049408 0.0231864 -0.0148861 -0.0362197 -0.00112204 -0.00511653 -0.0170746 0.00171461 -0.00650207 0.00813732 0.0215817 0.0409461 0.00972524 -0.0224908 0.0301125 -0.0199636 -0.0246456 -0.010114 0.00262087 0.0529755
internal_weight=348936 168465 180471 80349 57745 88116 32933 18804 472 353 138 215 119 41 55183 1406 503 903 395 508 225 89 200 195 59 473 346 130 73 66
internal_count=348936 168465 180471 80349 57745 88116 32933 18804 472 353 138 215 119 41 55183 1406 503 903 395 508 225 89 200 195 59 473 346 130 73 66
cat_boundaries=0 3 6 9 11 13 16 17 20 22
cat_threshold=2947073554 1193211986 4 789104130 1126084674 4 570441728 1125031938 4 4198697 14681989 73792 402653184 1074933953 2147549444 1 8 327692 274727456 2 1073746048 65792
is_linear=0
shrinkage=0.05


Tree=125
num_leaves=31
num_cat=11
split_feature=6 3 5 9 0 9 1 0 1 6 6 5 7 3 0 9 0 3 8 8 0 7 9 3 7 0 8 0 0 1
split_gain=3.68281 5.57424 4.61329 3.58859 13.7879 12.8044 19.7758 16.0477 15.3536 21.5881 16.8882 31.3542 18.1119 14.0117 13.527 20.2178 12.9934 22.1328 13.1223 12.4494 41.7929 14.3407 11.5002 21.5338 12.2058 63.3188 31.7138 22.2436 12.8682 16.6827
threshold=8.5000000000000018 5.5000000000000009 3.5000000000000004 2.1550000000000007 0 2.4650000000000003 1 2 3 4.5000000000000009 1.5000000000000002 2.5000000000000004 1.0000000180025095e-35 3.5000000000000004 4 2.8450000000000002 5 1.5000000000000002 6.5000000000000009 4.5000000000000009 6 4.5000000000000009 4.2700000000000005 4.5000000000000009 1.0000000180025095e-35 7 2.5000000000000004 8 9 10
decision_type=2 2 2 2 1 2 1 1 1 2 2 2 2 2 1 2 1 2 2 2 1 2 2 2 2 1 2 1 1 1
left_child=3 2 -2 -1 19 6 7 -6 9 10 -7 -12 13 -13 15 -10 -8 -18 -19 22 -21 -22 24 -24 25 26 -5 -26 -27 -30
right_child=1 -3 -4 4 5 8 16 -9 14 -11 11 12 -14 -15 -16 -17 17 18 -20 20 21 -23 23 -25 27 28 -28 -29 29 -31
leaf_value=-2.6675896993222983e-05 0.014525059362252554 -0.027548079082043844 -0.011034634718260564 0.014199805841536114 -0.030240207656967541 0.0016805424827010665 -0.006650584881855142 -0.0061469085636834935 -0.01016493954211232 -0.019258305062426304 0.084670129742311404 0.060587494652117463 -0.0060819052159786224 0.011319380129377048 0.0034345178694818591 0.0010784078262948012 -0.0150234088011974 0.0035498403692156124 0.043492075658979869 -0.020729673452021008 0.0098857683786291971 -0.02380891435380493 0.06579860306921459 -0.002275680836576682 0.0093340784748769876 -0.00071248364311299827 0.062687448066909138 0.0013703172046549139 0.0028733043485519578 -0.017888758274612657
leaf_weight=337463 27 30 51 190 109 73 808 208 617 41 23 31 40 27 1642 1136 172 988 21 222 323 35 21 26 1512 465 41 2098 134 362
leaf_count=337463 27 30 51 190 109 73 808 208 617 41 23 31 40 27 1642 1136 172 988 21 222 323 35 21 26 1512 465 41 2098 134 362
internal_value=-1.03598e-07 -0.00923178 -0.00218705 2.7546e-06 0.00087664 -0.000789447 -0.00370435 -0.0151028 0.00106011 0.0131472 0.0206735 0.032132 0.0198016 0.0376523 0.000184178 -0.00286256 -0.00180272 0.00154202 0.00438115 0.00269481 -0.00422326 0.00641248 0.00352785 0.0281405 0.00328695 -0.00109995 0.0218595 0.00473548 -0.00677579 -0.0123337
internal_weight=348936 108 78 348828 11365 5936 2306 317 3630 235 194 121 98 58 3395 1753 1989 1181 1009 5429 580 358 4849 47 4802 1192 231 3610 961 496
internal_count=348936 108 78 348828 11365 5936 2306 317 3630 235 194 121 98 58 3395 1753 1989 1181 1009 5429 580 358 4849 47 4802 1192 231 3610 961 496
cat_boundaries=0 3 4 6 7 10 12 14 16 18 20 21
cat_threshold=2119847664 1636121504 2 4 262401 2149613594 6 2164359182 202948692 5 25243909 2419065920 708837920 553915136 302514176 270848 1749157472 16845184 605176464 1635782656 3
is_linear=0
shrinkage=0.05


Tree=126
num_leaves=31
num_cat=9
split_feature=6 0 0 9 8 9 9 5 5 0 9 9 9 5 9 9 9 8 0 0 8 0 9 0 9 0 10 9 9 0
split_gain=3.58493 23.7082 10.3597 12.1166 11.2278 9.517 8.94584 6.07007 5.62476 6.22122 11.4086 5.25387 5.21103 4.50511 4.13001 4.72154 3.83775 7.62375 39.9813 15.0443 13.2661 26.7518 17.9319 13.0965 12.8513 18.8905 13.6308 12.7808 11.0281 14.9095
threshold=6.5000000000000009 0 1 2.0700000000000007 1.5000000000000002 3.7900000000000005 2.8450000000000002 3.5000000000000004 11.500000000000002 2 2.8450000000000002 3.3650000000000007 2.5350000000000006 7.5000000000000009 3.3650000000000007 3.0700000000000007 1.3650000000000002 2.5000000000000004 3 4 4.5000000000000009 5 3.3650000000000007 6 2.9300000000000002 7 1.0000000180025095e-35 3.6900000000000004 2.6900000000000004 8
decision_type=2 1 1 2 2 2 2 2 2 1 2 2 2 2 2 2 2 2 1 1 2 1 2 1 2 1 2 2 2 1
left_child=16 6 3 -3 -5 8 7 -2 9 10 13 -11 -9 -4 15 -8 -1 19 20 28 24 22 -22 27 25 -19 -26 -20 -18 -30
right_child=1 2 5 4 -6 -7 14 12 -10 11 -12 -13 -14 -15 -16 -17 17 18 23 -21 21 -23 -24 -25 26 -27 -28 -29 29 -31
leaf_value=-7.4299887875930223e-05 0.006712218632731636 -0.010086654188732308 0.0067904493520752748 0.05485031972825527 0.013672261457053983 0.021897463077997292 -0.024579793671146037 -0.023927097759251274 -0.017522438620993248 -0.0025302523685584092 0.034117208421230318 -0.022940558908241135 0.005155889466404915 -0.020200955209491608 -0.019713382851332426 -0.058146613751622771 0.00083025339346880472 0.012104710974865856 -0.0030899099153281484 -0.00056236627080002803 -0.0075800802742144961 0.0075477626982127441 -0.056317230500280861 0.00087729434155179242 0.01487451892705321 0.0032139420027593396 0.057114482511367116 -0.03231197875973426 0.00061569306214510932 0.011541256810066375
leaf_weight=279636 38 30 52 25 49 41 20 67 60 318 33 35 20 22 40 22 21736 933 2441 33949 335 520 20 5262 211 1700 21 38 693 569
leaf_count=279636 38 30 52 25 49 41 20 67 60 318 33 35 20 22 40 22 21736 933 2441 33949 335 520 20 5262 211 1700 21 38 693 569
internal_value=-1.92066e-07 -0.0032021 0.00149935 0.0152509 0.0275838 -0.0012724 -0.0175313 -0.00995947 -0.00312372 -0.00124563 0.00884231 -0.00442848 -0.0172414 -0.00123402 -0.0312117 -0.0421624 7.82963e-06 0.000343458 0.00151885 0.000106489 0.00575551 0.000382449 -0.0100429 -0.000534799 0.00741658 0.00642255 0.018698 -0.00352363 0.0010936 0.00563805
internal_weight=348936 872 665 104 74 561 207 125 520 460 107 353 87 74 82 42 348064 68428 11481 56947 3740 875 355 7741 2865 2633 232 2479 22998 1262
internal_count=348936 872 665 104 74 561 207 125 520 460 107 353 87 74 82 42 348064 68428 11481 56947 3740 875 355 7741 2865 2633 232 2479 22998 1262
cat_boundaries=0 3 6 8 11 14 17 20 23 26
cat_threshold=1241579600 2150304384 2 10485760 1350569984 4 273158276 264 1120938057 1957265544 1 958497588 2286030551 6 37756936 1619001352 1 2552283428 2281703425 4 37748744 545292296 1 822149668 4197057 2
is_linear=0
shrinkage=0.05


Tree=127
num_leaves=31
num_cat=5
split_feature=8 9 7 9 9 5 9 0 7 9 0 7 7 6 5 6 7 8 0 0 8 3 0 3 5 9 7 6 9 6
split_gain=3.50526 12.985 5.02831 8.26893 5.91901 4.87317 3.4375 12.1048 12.5642 11.0759 15.1338 27.7887 23.6276 22.0793 19.8765 13.8932 32.3161 12.9843 44.6173 30.0934 20.3 17.7156 16.5076 21.7864 31.5697 16.3123 15.5116 14.0222 16.2113 12.9313
threshold=7.5000000000000009 3.0700000000000007 1.5000000000000002 1.4150000000000003 2.5350000000000006 5.5000000000000009 2.1550000000000007 0 7.5000000000000009 2.5350000000000006 1 1.5000000000000002 3.5000000000000004 1.5000000000000002 5.5000000000000009 1.5000000000000002 1.0000000180025095e-35 1.0000000180025095e-35 2 3 4.5000000000000009 1.5000000000000002 4 2.5000000000000004 4.5000000000000009 3.7900000000000005 1.0000000180025095e-35 4.5000000000000009 3.3650000000000007 1.5000000000000002
decision_type=2 2 2 2 2 2 2 1 2 2 1 2 2 2 2 2 2 2 1 1 2 2 1 2 2 2 2 2 2 2
left_child=6 2 4 -4 -2 -5 -1 9 -9 10 15 -12 -13 -14 -15 16 -8 18 -11 20 21 -19 23 24 -23 -20 -22 28 -25 -24
right_child=1 -3 3 5 -6 -7 7 8 -10 17 11 12 13 14 -16 -17 -18 19 25 -21 26 22 29 27 -26 -27 -28 -29 -30 -31
leaf_value=-2.4490516715019307e-05 -0.0040808533284797379 -0.039269833728814353 -0.020718729516248341 0.023874915589360484 -0.032891392734433922 -3.3107858437758228e-05 -0.0070331776665674669 -0.00022038692951315559 -0.024887999826863124 0.011102453265118269 0.010637244910384685 -0.016676122805425905 -0.026370754116965878 0.045032044183066555 -0.0020091373581699163 0.0066605234641105033 0.032123413615824423 -0.0068237272227245765 -0.020024983392024121 -0.0018908120872464459 0.019662456150565832 0.082736843815516867 0.0410466237542116 -0.0014189392712166292 0.001638056231396539 0.01497522626147681 -0.019887464695801851 -0.027287867302075032 0.041130076900676445 0.018944232001574711
leaf_weight=337310 118 26 23 47 21 39 74 7068 52 243 394 263 31 47 43 525 183 89 332 1264 35 21 90 131 28 37 85 40 27 250
leaf_count=337310 118 26 23 47 21 39 74 7068 52 243 394 263 31 47 43 525 183 89 332 1264 35 21 90 131 28 37 85 40 27 250
internal_value=-1.31831e-07 -0.0056532 -0.00212887 0.005911 -0.00843352 0.0130329 4.3107e-06 0.000860101 -0.000399982 0.00297401 0.0063287 0.00129172 -0.00826354 0.0100217 0.0225568 0.0111804 0.0208488 0.00102656 -0.00536812 0.00292634 0.0104679 0.0139636 0.0171153 0.00628971 0.0363947 -0.0160797 -0.00835207 -0.000842847 0.0058521 0.0240864
internal_weight=348936 274 248 109 139 86 348662 11352 7120 4232 1560 778 384 121 90 782 257 2672 612 2060 796 676 587 247 49 369 120 198 158 340
internal_count=348936 274 248 109 139 86 348662 11352 7120 4232 1560 778 384 121 90 782 257 2672 612 2060 796 676 587 247 49 369 120 198 158 340
cat_boundaries=0 3 6 9 11 12
cat_threshold=1045121264 1099180928 2 335692016 17041536 2 302008448 25436160 2 743047232 1073742592 67764288
is_linear=0
shrinkage=0.05


Tree=128
num_leaves=31
num_cat=10
split_feature=6 0 8 1 0 9 3 0 6 9 5 3 3 5 0 0 9 5 6 9 9 9 7 1 0 0 9 9 3 0
split_gain=3.45623 10.714 11.5862 7.61478 15.4878 13.1121 11.0671 7.65369 7.78835 12.712 9.05242 8.03361 7.82368 6.73265 15.0485 14.536 9.92637 32.8056 18.065 14.7067 7.40218 8.43616 18.6227 6.70218 13.4849 6.63896 20.9447 10.4023 20.5338 6.2912
threshold=4.5000000000000009 0 6.5000000000000009 1 2 1.5350000000000004 4.5000000000000009 3 5.5000000000000009 3.2250000000000005 1.5000000000000002 2.5000000000000004 1.5000000000000002 4.5000000000000009 4 5 3.2250000000000005 2.5000000000000004 5.5000000000000009 3.5350000000000006 3.2250000000000005 2.6900000000000004 2.5000000000000004 6 7 8 2.8450000000000002 2.5350000000000006 2.5000000000000004 9
decision_type=2 1 2 1 1 2 2 1 2 2 2 2 2 2 1 1 2 2 2 2 2 2 2 1 1 1 2 2 2 1
left_child=-1 2 3 4 5 -2 -7 8 9 11 -10 -5 -12 14 20 -15 25 18 -18 -19 21 -3 -23 24 -17 27 -27 -16 -29 -13
right_child=1 13 -4 7 -6 6 -8 -9 10 -11 12 29 -14 15 16 23 17 19 -20 -21 -22 22 -24 -25 -26 26 -28 28 -30 -31
leaf_value=2.1449017950802578e-05 -0.0033692092691757244 0.0055196715971839658 -0.034785246290266518 -0.0012617030448612127 -0.0068252594666374693 0.010481697245052567 0.056649330586194993 -9.7103779292968692e-05 -0.022668578794324087 0.037999703085704432 0.024767161175810001 0.01690394031231705 0.00038058350863237242 -0.00035830188552859327 -0.0054930226151559923 -0.013926571998971852 0.0019129085093736648 0.011255894956134615 0.057239298356903924 -0.044096510883952889 -0.012213635541498662 0.044712172750206225 -0.010499746471396065 -0.012074569775963688 0.0016439389865545017 -0.006478513646576616 -0.041298922623640731 -0.024415164275301826 0.026714647853643532 0.0041875918914194938
leaf_weight=342506 49 460 22 174 505 27 25 942 38 37 37 231 296 1094 367 216 25 21 36 28 50 42 24 608 362 364 49 27 72 202
leaf_count=342506 49 460 22 174 505 27 25 942 38 37 37 231 296 1094 367 216 25 21 36 28 50 42 24 608 362 364 49 27 72 202
internal_value=-1.12039e-07 -0.0011486 0.00133993 0.00165525 -0.00321568 0.0138212 0.0326777 0.00316383 0.00616166 0.0095467 0.000451837 0.00781233 0.0030902 -0.0028178 -0.000299762 -0.00455856 -0.00402744 0.0100919 0.0345645 -0.0203741 0.00606533 0.00791819 0.0246351 -0.00835949 -0.00431269 -0.00584018 -0.0103589 -0.00157919 0.0127702 0.0114587
internal_weight=348936 6430 2585 2563 606 101 52 1957 1015 644 371 607 333 3845 1565 2280 989 110 61 49 576 526 66 1186 578 879 413 466 99 433
internal_count=348936 6430 2585 2563 606 101 52 1957 1015 644 371 607 333 3845 1565 2280 989 110 61 49 576 526 66 1186 578 879 413 466 99 433
cat_boundaries=0 3 4 6 8 11 13 14 17 20 22
cat_threshold=357863785 358712289 1 2 256 4194464 272928801 287375681 10552854 671616008 2 3925895296 3264356374 5 66052 134219784 6 3791661056 2189434900 4 268472353 2097216
is_linear=0
shrinkage=0.05


Tree=129
num_leaves=31
num_cat=10
split_feature=9 6 3 0 9 0 1 9 0 0 9 8 8 9 5 10 5 0 9 0 8 3 9 9 8 0 1 9 0 5
split_gain=3.34593 3.8367 5.27476 42.9859 12.0852 26.4189 11.8112 15.7337 11.5105 10.9229 19.4234 10.2653 10.2536 10.0469 10.9175 9.72447 16.3159 33.6051 48.8122 14.5394 10.6652 10.2564 37.3841 12.5391 9.86123 15.202 10.9392 9.6676 9.12125 13.2184
threshold=1.0000000180025095e-35 1.0000000180025095e-35 6.5000000000000009 0 1.4150000000000003 1 2 1.6900000000000002 3 4 1.4150000000000003 4.5000000000000009 7.5000000000000009 3.0700000000000007 3.5000000000000004 1.0000000180025095e-35 11.500000000000002 5 1.0700000000000001 6 1.0000000180025095e-35 1.5000000000000002 1.5350000000000004 1.5350000000000004 5.5000000000000009 7 8 2.6900000000000004 9 1.5000000000000002
decision_type=2 2 2 1 2 1 1 2 1 1 2 2 2 2 2 2 2 1 2 1 2 2 2 2 2 1 1 2 1 2
left_child=-1 2 8 9 11 6 7 -6 13 10 -4 28 -10 15 -15 24 19 18 -18 -17 -20 22 -21 -23 -2 -26 -27 -7 -5 -30
right_child=1 -3 3 4 5 27 -8 -9 12 -11 -12 -13 -14 14 -16 16 17 -19 20 21 -22 23 -24 -25 25 26 -28 -29 29 -31
leaf_value=-0.0018716217050074426 0.00029777535313830756 -0.00014511461723722399 -0.0023146316796306852 0.0043391838932574098 -0.0016013294101712553 0.014679623389735101 0.0034037787481090067 -0.036785341052260875 -0.00034964353611971114 -0.00031793395091423001 -0.013785842641885948 -0.0094449316211014569 -0.029586908146739005 -0.0095171363834567653 0.028395264233404306 0.0044207783416150004 0.011665872242994301 -0.0014271708498157932 0.036487487652762371 0.0014929248795940069 0.08002615798360263 -0.0013411841233209711 0.054925221766138246 -0.01630913566625276 -0.0071191414001597359 0.025587574336260785 0.0029268069348645288 -0.020556781317864078 0.0083862003908635619 0.00064884630997985799
leaf_weight=2372 61504 182428 3040 4325 94 729 466 48 73242 7728 420 181 30 27 64 2452 158 252 22 361 39 1907 36 151 102 124 108 20 609 5897
leaf_count=2372 61504 182428 3040 4325 94 729 466 48 73242 7728 420 181 30 27 64 2452 158 252 22 361 39 1907 36 151 102 124 108 20 609 5897
internal_value=-1.21548e-07 1.26876e-05 0.000188076 0.000880496 0.00291046 0.00736499 -0.000479001 -0.0126067 7.20463e-05 -0.00136513 -0.00369641 0.00236417 -0.000361565 0.000544059 0.0171465 0.000521662 0.00256098 0.0114502 0.0251832 0.00170774 0.0643237 -0.00101585 0.00633817 -0.00243942 0.000344305 0.00891244 0.0155954 0.0135577 0.00256152 0.001371
internal_weight=348936 346564 164136 23557 12369 1357 608 142 140579 11188 3460 11012 73272 67307 91 67216 5378 471 219 4907 61 2455 397 2058 61838 334 232 749 10831 6506
internal_count=348936 346564 164136 23557 12369 1357 608 142 140579 11188 3460 11012 73272 67307 91 67216 5378 471 219 4907 61 2455 397 2058 61838 334 232 749 10831 6506
cat_boundaries=0 3 5 6 9 11 13 16 19 20 23
cat_threshold=1911629381 1482098279 5 201726002 84432896 1 1626444367 483364967 4 577 268764230 540049411 474124322 1610678859 469860420 4 537919496 67633218 4 12 234881042 2198398976 2
is_linear=0
shrinkage=0.05


Tree=130
num_leaves=31
num_cat=6
split_feature=9 6 0 0 7 0 5 9 6 8 0 0 8 3 9 6 3 5 5 5 6 5 9 3 7 8 0 9 3 9
split_gain=3.20509 6.11756 6.1958 4.55367 4.07796 52.7601 19.4804 11.8987 11.1204 14.8861 11.2997 10.5444 15.5019 9.29123 9.30547 22.9638 9.10167 7.05777 9.02189 6.5769 14.3591 11.6505 12.0211 9.61576 15.735 9.3178 9.23836 10.207 7.78737 7.45275
threshold=0.53500000000000003 1.5000000000000002 0 1 5.5000000000000009 2 11.500000000000002 1.0700000000000001 1.0000000180025095e-35 1.5000000000000002 3 4 2.5000000000000004 3.5000000000000004 1.8450000000000004 2.5000000000000004 4.5000000000000009 7.5000000000000009 4.5000000000000009 11.500000000000002 1.5000000000000002 8.5000000000000018 3.2250000000000005 1.5000000000000002 6.5000000000000009 4.5000000000000009 5 2.6900000000000004 2.5000000000000004 2.8450000000000002
decision_type=2 2 1 1 2 1 2 2 2 2 1 1 2 2 2 2 2 2 2 2 2 2 2 2 2 2 1 2 2 2
left_child=1 2 -1 -3 -2 6 7 -6 9 -9 -10 12 -7 14 -12 -16 -8 18 -15 21 -21 22 23 24 -13 26 28 -28 -25 -23
right_child=4 3 -4 -5 5 11 16 8 10 -11 13 19 -14 17 15 -17 -18 -19 -20 20 -22 29 -24 25 -26 -27 27 -29 -30 -31
leaf_value=0.0004411880598173772 8.3255238234082393e-05 0.00025019076769682849 -0.00065114448933513663 -0.0037872751439229041 0.002026008198597197 -0.010280025172371256 -0.02561065760794385 0.013143316502956784 -0.0027817287193858519 0.05360804740793821 0.011545733738766641 0.023254893239893354 -0.035277011424768717 0.0033576525282114746 0.076974738267465287 0.016905695345343613 0.0091019049087273218 -0.014402644995313425 0.030704814355820422 -0.00027064951022201387 -0.036031413859186262 0.0040390434654222597 -0.031611178252432086 0.019943510177425849 -0.019364612096978817 0.019305239114609938 -0.017222920248712428 0.0093484754537845535 -0.004843348793591753 0.035422442447055467
leaf_weight=21548 289434 1042 32626 2135 247 276 58 51 103 41 49 67 80 76 26 41 28 26 50 61 52 135 45 39 32 31 305 41 169 22
leaf_count=21548 289434 1042 32626 2135 247 276 58 51 103 41 49 67 80 76 26 41 28 26 50 61 52 135 45 39 32 31 305 41 169 22
internal_value=-6.98754e-08 -0.000341757 -0.000216702 -0.00247419 6.71356e-05 -0.00210189 0.00806443 0.010888 0.0156157 0.0311765 0.011757 -0.00807406 -0.015463 0.0168208 0.0281053 0.0402161 -0.0143089 0.00931548 0.0142097 -0.00531382 -0.0167269 -0.00391817 -0.00657896 -0.0049321 0.00947889 -0.00737089 -0.0088636 -0.0136789 -0.000186831 0.00843672
internal_weight=348936 57351 54174 3177 291585 2151 796 710 463 92 371 1355 356 268 116 67 86 152 126 999 113 886 729 684 99 585 554 346 208 157
internal_count=348936 57351 54174 3177 291585 2151 796 710 463 92 371 1355 356 268 116 67 86 152 126 999 113 886 729 684 99 585 554 346 208 157
cat_boundaries=0 3 5 8 10 12 15
cat_threshold=195703912 1112082102 3 1158287553 1855504522 3741752338 21431432 6 17073152 4390912 541472 536891494 12583044 2183178240 1
is_linear=0
shrinkage=0.05


Tree=131
num_leaves=31
num_cat=6
split_feature=6 3 5 9 9 7 8 5 8 0 0 9 9 7 5 9 7 7 3 0 9 0 9 0 6 1 5 7 5 5
split_gain=3.17496 6.1733 9.02158 9.12243 5.6819 4.032 11.7422 5.91989 3.28849 21.3151 21.086 9.97647 14.1624 12.6822 10.1136 8.92089 8.07255 9.33337 7.52589 23.8007 15.981 39.9196 15.1703 26.1067 14.8018 12.3866 13.78 12.1859 12.041 11.9048
threshold=7.5000000000000009 6.5000000000000009 11.500000000000002 2.6900000000000004 2.9300000000000002 1.5000000000000002 1.5000000000000002 3.5000000000000004 1.0000000180025095e-35 0 1 3.7300000000000004 3.4650000000000003 2.5000000000000004 10.500000000000002 0.93000000000000005 8.5000000000000018 7.5000000000000009 1.5000000000000002 2 1.6350000000000002 3 1.4150000000000003 4 1.5000000000000002 5 10.500000000000002 1.5000000000000002 1.5000000000000002 3.5000000000000004
decision_type=2 2 2 2 2 2 2 2 2 1 1 2 2 2 2 2 2 2 2 1 2 1 2 1 2 1 2 2 2 2
left_child=8 2 3 -2 -3 7 -7 -5 10 16 15 12 18 14 -14 -1 17 -10 19 22 -21 -22 28 25 -25 29 -27 -23 -12 -24
right_child=1 4 -4 5 -6 6 -8 -9 9 -11 11 -13 13 -15 -16 -17 -18 -19 -20 20 21 27 23 24 -26 26 -28 -29 -30 -31
leaf_value=4.9423204361521342e-05 -0.0089609709256175136 -0.0057938049964863687 -0.025080985402954475 0.042490584369410167 -0.038682777259964496 0.030614495325995528 -0.016537198808885389 0.0069279175400733944 -0.00057042029984307678 0.0005592779640342982 -0.0047620886899034411 0.016888318154052263 -0.05769265543382901 0.0090981743257978684 -0.014386080045785225 0.0013229368567908271 0.02579992201885787 -0.023606618645135316 -0.00070909319668840238 -0.00071517407767482779 0.0080822359190432964 -0.02400164642959441 -0.020995853176793536 0.0085406842417612584 -0.0051336800399731522 0.027275901371176067 0.0011988724551854596 -0.0059877917420401777 0.0022932318812258347 0.012386788066942246
leaf_weight=29338 91 29 35 22 24 23 31 25 64606 115592 680 82 26 23 28 25883 29 44 97042 7904 226 285 37 405 387 277 62 140 5464 96
leaf_count=29338 91 29 35 22 24 23 31 25 64606 115592 680 82 26 23 28 25883 29 44 97042 7904 226 285 37 405 387 277 62 140 5464 96
internal_value=-7.57456e-08 -0.00532221 -0.00173485 0.00252095 -0.0206869 0.012866 0.00354593 0.0235743 4.19837e-06 0.000152607 -0.000154686 -0.000545517 -0.000558207 -0.0219943 -0.0352374 0.000646223 -0.000574179 -0.000586098 -0.000543601 0.000462457 -0.00133381 -0.00886536 0.00253522 0.00752712 0.00183571 0.0166847 0.0218618 -0.0176523 0.00151237 0.00288311
internal_weight=348936 280 227 192 53 101 54 47 348656 180271 168385 113164 113082 77 54 55221 64679 64650 113005 15963 8555 651 7408 1264 792 472 339 425 6144 133
internal_count=348936 280 227 192 53 101 54 47 348656 180271 168385 113164 113082 77 54 55221 64679 64650 113005 15963 8555 651 7408 1264 792 472 339 425 6144 133
cat_boundaries=0 3 6 9 11 13 14
cat_threshold=789103618 1134473282 4 2936570882 1126080578 4 1089489720 872420001 2 268439680 4197388 1082130448 536875649 4
is_linear=0
shrinkage=0.05


Tree=132
num_leaves=31
num_cat=7
split_feature=3 0 0 9 0 8 5 5 6 8 5 0 3 0 9 5 0 3 7 5 3 9 0 3 3 6 6 5 9 7
split_gain=3.09848 21.5392 18.6486 15.4319 33.2533 14.0084 12.9957 15.3333 18.1274 21.9472 14.8442 13.8475 13.3217 21.6487 15.991 19.6556 12.7274 16.784 15.3644 12.4257 13.4489 24.1587 22.497 49.2115 24.0641 23.2529 22.4081 32.3324 18.9297 18.0682
threshold=3.5000000000000004 0 1 1.6900000000000002 2 6.5000000000000009 4.5000000000000009 7.5000000000000009 1.0000000180025095e-35 5.5000000000000009 9.5000000000000018 3 2.5000000000000004 4 2.0700000000000007 1.5000000000000002 5 1.5000000000000002 2.5000000000000004 5.5000000000000009 4.5000000000000009 2.6900000000000004 6 5.5000000000000009 6.5000000000000009 3.5000000000000004 3.5000000000000004 1.5000000000000002 0.93000000000000005 1.0000000180025095e-35
decision_type=2 1 1 2 1 2 2 2 2 2 2 1 2 1 2 2 1 2 2 2 2 2 1 2 2 2 2 2 2 2
left_child=1 3 19 -1 5 -5 12 11 10 -10 -9 -8 16 -14 -15 -16 -6 -18 -19 20 28 -22 24 -24 29 -26 27 -25 -2 -23
right_child=2 -3 -4 4 6 -7 7 8 9 -11 -12 -13 13 14 15 -17 17 18 -20 -21 21 22 23 26 25 -27 -28 -29 -30 -31
leaf_value=0.00023570254536172807 -0.00058517816923976359 -0.00071238641645647582 0.00052622506376676548 -0.00051159132161040057 0.018690807625331624 -0.027445425545530661 -0.0077483640950207714 0.037554229882875857 0.0057064155487622347 -0.039240991776543006 0.010952708126308445 0.003986344186589893 -0.014021491534629393 0.019030853047751858 0.026308544990089208 -0.012311164776717003 -0.0027149416880018593 0.023877374826546359 -0.0035178016606045681 0.00012012187516066663 -0.00078862964339871983 -0.047587544810684293 0.043509153648822879 -0.01875374179142408 0.047737974564855297 -0.013015163337279643 -0.011505936488412836 0.03613235144821797 -0.0050886502657186443 -0.0054996508205601693
leaf_weight=59994 4811 82584 119040 3268 491 49 421 79 904 28 156 594 129 197 45 123 233 177 72 42984 27465 34 120 39 36 28 116 86 4531 102
leaf_count=59994 4811 82584 119040 3268 491 49 421 79 904 28 156 594 129 197 45 123 233 177 72 42984 27465 34 120 39 36 28 116 86 4531 102
internal_value=-5.95715e-08 -0.000172104 0.000128974 0.000494277 0.00272193 -0.000906735 0.00600648 0.00357629 0.00748523 0.00435606 0.0198953 -0.000918023 0.00966205 0.00297511 0.0091165 -0.0019666 0.0130571 0.0067895 0.0159559 -0.000459555 -0.00112647 -0.000578824 0.00969269 0.0168798 -0.00392761 0.0211585 0.00432074 0.0190079 -0.00276942 -0.0160216
internal_weight=348936 149544 199392 66960 6966 3317 3649 2182 1167 932 235 1015 1467 494 365 168 973 482 249 80352 37368 28026 561 361 200 64 241 125 9342 136
internal_count=348936 149544 199392 66960 6966 3317 3649 2182 1167 932 235 1015 1467 494 365 168 973 482 249 80352 37368 28026 561 361 200 64 241 125 9342 136
cat_boundaries=0 3 6 8 10 12 14 17
cat_threshold=2096965633 1347605383 1 2096965633 1347588993 1 677183489 1342329344 1350565888 32898 1084227584 1 1352671232 131 9512961 131456 1
is_linear=0
shrinkage=0.05


Tree=133
num_leaves=31
num_cat=6
split_feature=6 0 7 5 0 9 7 6 8 9 3 9 0 9 10 6 3 0 9 8 9 9 9 3 8 6 5 0 9 0
split_gain=3.06204 10.9759 8.87914 8.80959 13.7795 14.2527 9.61769 12.5487 9.71641 13.4478 8.25753 30.7561 13.2061 11.972 10.5903 9.98455 9.35826 8.09817 15.5316 11.0325 10.3595 7.86326 7.23295 7.71144 7.20344 7.18496 6.99983 6.99869 6.37941 19.9937
threshold=3.5000000000000004 0 4.5000000000000009 10.500000000000002 1 1.4150000000000003 1.5000000000000002 6.5000000000000009 1.0000000180025095e-35 1.9300000000000004 4.5000000000000009 3.6900000000000004 2 3.3650000000000007 1.0000000180025095e-35 5.5000000000000009 5.5000000000000009 3 1.6900000000000002 1.5000000000000002 2.4150000000000005 2.8450000000000002 4.2700000000000005 4.5000000000000009 2.5000000000000004 5.5000000000000009 1.5000000000000002 4 2.3650000000000007 5
decision_type=2 1 2 2 1 2 2 2 2 2 2 2 1 2 2 2 2 1 2 2 2 2 2 2 2 2 2 1 2 1
left_child=-1 2 3 10 5 -5 7 27 -8 -10 13 12 15 17 -14 -12 -16 18 -2 -20 -21 -19 28 -24 -23 -15 -4 -6 -3 -30
right_child=1 22 26 4 6 -7 8 -9 9 -11 11 -13 14 25 16 -17 -18 21 19 20 -22 24 23 -25 -26 -27 -28 -29 29 -31
leaf_value=3.3001367218830171e-05 -0.0018202172658225192 -0.00029399138786647371 0.032892615223924324 -0.0019743719373840887 0.0052752930326792208 -0.027797636475414042 -0.0095490295264381367 -0.045312994718551637 -0.0064908815190455943 0.029336912323957062 0.00745351890074637 0.062154806926846509 -0.0053648453202229281 -0.04193484931055344 0.039149817418307066 -0.011257895928474121 0.0016833207486197353 -0.0016464426020152585 -0.0075895024751325025 -0.015053737131305612 -0.041283243411552095 0.0032610728405416014 -0.0013974462236676897 -0.040955257906832479 0.038076553229863447 -0.0039554549008607868 0.0041645776807934373 -0.0095356682325635211 0.0079030018768647889 -0.0018737340611024941
leaf_weight=332380 602 9511 24 83 105 150 61 21 43 67 595 20 923 33 25 81 50 1084 233 104 59 39 28 22 24 20 182 282 982 1103
leaf_count=332380 602 9511 24 83 105 150 61 21 43 67 595 20 923 33 25 81 50 1084 233 104 59 39 28 22 24 20 182 282 982 1103
internal_value=-5.55587e-08 -0.00066371 -0.00264358 -0.00309391 -0.00783112 -0.0178334 -0.00343863 -0.00766992 0.00645599 0.0153315 -0.00210558 0.000517833 -0.00021857 -0.00412744 -0.00385798 0.0051355 0.0141722 -0.00354739 -0.00681094 -0.0145698 -0.0245479 -0.000642804 0.000173131 -0.0188029 0.0165241 -0.027603 0.00751153 -0.00562728 0.000255102 0.00275986
internal_weight=348936 16556 4910 4704 812 233 579 408 171 110 3892 1694 1674 2198 998 676 75 2145 998 396 163 1147 11646 50 63 53 206 387 11596 2085
internal_count=348936 16556 4910 4704 812 233 579 408 171 110 3892 1694 1674 2198 998 676 75 2145 998 396 163 1147 11646 50 63 53 206 387 11596 2085
cat_boundaries=0 3 5 7 9 11 13
cat_threshold=2022212154 1140918401 6 277348866 65536 134775336 2049 402686474 1073743873 536903688 2048 2251314564 707031624
is_linear=0
shrinkage=0.05


Tree=134
num_leaves=31
num_cat=7
split_feature=9 6 0 9 6 0 9 9 0 5 3 9 5 5 8 7 0 5 8 9 8 6 10 0 3 3 8 0 9 0
split_gain=2.96893 3.4235 5.18097 6.21658 6.2296 9.52736 6.85571 12.1289 15.8971 30.529 23.8968 9.94052 8.94862 8.86257 8.53459 6.63759 31.9139 21.6929 10.0383 6.14515 6.15425 8.8025 5.82746 7.63142 9.18069 9.32299 5.66173 10.5784 5.87119 12.5614
threshold=1.0000000180025095e-35 1.0000000180025095e-35 0 4.4650000000000007 1.5000000000000002 1 3.2250000000000005 2.3650000000000007 2 2.5000000000000004 1.5000000000000002 2.5350000000000006 4.5000000000000009 10.500000000000002 1.5000000000000002 5.5000000000000009 3 11.500000000000002 3.5000000000000004 1.2700000000000002 1.0000000180025095e-35 4.5000000000000009 1.0000000180025095e-35 4 4.5000000000000009 5.5000000000000009 2.5000000000000004 5 1.3100000000000003 6
decision_type=2 2 1 2 2 1 2 2 1 2 2 2 2 2 2 2 1 2 2 2 2 2 2 1 2 2 2 1 2 1
left_child=-1 -2 -3 4 5 6 7 26 9 -9 -10 -11 -12 -14 -13 -6 18 22 19 -17 -21 -22 23 -18 -25 -26 28 -28 -4 -30
right_child=1 2 3 -5 15 -7 -8 8 10 11 12 14 13 -15 -16 16 17 -19 -20 20 21 -23 -24 24 25 -27 27 -29 29 -31
leaf_value=-0.0017629645046704204 0.00017769072993592728 -0.00047157041588073218 0.0011693368347880308 0.024521227968999974 -0.00023403333677367695 -2.3345796020416684e-05 -0.017686743019743167 0.037643787084567934 -0.025923660558394415 0.0076517701858565927 0.04762763103935868 -0.011762532018125058 0.007126978131047651 0.038565019783563914 -0.051955527403125805 0.00061758036750393956 -0.0052298235512622032 -0.028654935710290649 -0.048779521596928443 -0.038554893161465487 -0.0075175218520065149 -0.044850211963057524 0.029887910656355043 0.0024744404416720748 0.052033050172030929 0.014302302012947622 -0.0055237979141596494 0.0018910456083458358 -0.0030236535081896217 0.0055597066878359403
leaf_weight=2372 164136 70805 13472 26 57695 35014 47 31 22 21 48 25 51 40 28 37 105 47 30 41 75 20 27 118 22 64 826 1126 535 2030
leaf_count=2372 164136 70805 13472 26 57695 35014 47 31 22 21 48 25 51 40 28 37 105 47 30 41 75 20 27 118 22 64 826 1126 535 2030
internal_value=-5.02457e-08 1.20157e-05 -0.000137047 7.51842e-05 6.94954e-05 0.000460074 0.00138417 0.00143403 0.0120327 -0.00366238 0.0211806 -0.0214612 0.0301597 0.0209459 -0.0329966 -0.00028781 -0.0055824 0.00308097 -0.0210427 -0.0174492 -0.0223645 -0.015377 0.00761191 0.00566547 0.0109909 0.0239544 0.00127731 -0.0012652 0.00158678 0.0037793
internal_weight=348936 346564 182428 111623 111597 53316 18302 18255 266 105 161 74 139 91 53 58281 586 383 203 173 136 95 336 309 204 86 17989 1952 16037 2565
internal_count=348936 346564 182428 111623 111597 53316 18302 18255 266 105 161 74 139 91 53 58281 586 383 203 173 136 95 336 309 204 86 17989 1952 16037 2565
cat_boundaries=0 3 5 7 9 11 13 15
cat_threshold=146968666 2261709186 4 554183812 1090520152 536881280 16 34619812 1075839541 2434801665 16778240 3204 16777280 8192 16778240
is_linear=0
shrinkage=0.05


Tree=135
num_leaves=31
num_cat=7
split_feature=6 3 5 9 0 8 0 3 9 0 0 7 0 7 9 3 0 3 5 5 9 7 9 9 3 0 9 8 9 9
split_gain=2.92632 4.79905 3.65006 2.95149 6.67359 5.47279 8.16133 6.78156 4.38602 5.32953 4.04867 9.79367 32.675 9.45627 21.7075 17.1963 13.2074 11.612 9.37704 17.6894 9.6929 9.07665 9.50528 8.48829 16.6622 11.4416 17.7513 8.97723 8.51339 7.92493
threshold=8.5000000000000018 5.5000000000000009 3.5000000000000004 0.73000000000000009 0 1.5000000000000002 1 1.5000000000000002 0.46500000000000002 2 3 4.5000000000000009 4 6.5000000000000009 3.2250000000000005 2.5000000000000004 5 4.5000000000000009 11.500000000000002 7.5000000000000009 1.9300000000000004 7.5000000000000009 1.8450000000000004 2.8450000000000002 3.5000000000000004 6 2.4150000000000005 1.0000000180025095e-35 3.2250000000000005 1.9300000000000004
decision_type=2 2 2 2 1 2 1 2 2 1 1 2 1 2 2 2 1 2 2 2 2 2 2 2 2 1 2 2 2 2
left_child=3 2 -2 4 5 -1 7 -7 -6 -10 -5 -12 13 14 16 -16 17 18 19 20 -13 23 -23 25 -25 26 -14 29 -26 -27
right_child=1 -3 -4 10 8 6 -8 -9 9 -11 11 12 21 -15 15 -17 -18 -19 -20 -21 -22 22 -24 24 28 27 -28 -29 -30 -31
leaf_value=-0.00089554334959468919 0.013172798065675629 -0.02522419181186706 -0.0095624925879140704 -0.00011590528458838592 -0.00032127806214120682 0.0053761198258429187 -0.00091298007208430009 0.00085452990804029544 0.00095275593367940854 -0.00010549166914791908 0.00039216982347668717 -0.00920313454393034 -0.0043576359405487668 -0.0069310344983981075 0.072524616515729584 0.013768395725073239 -0.0010333114334549892 0.021925290812234308 -0.025284572303295134 0.036629438280724569 0.021740092961665462 -0.01525207106024027 0.026464048925683731 -0.049598805802433116 -0.023411072535521313 -0.016399727161914179 0.033635681900469692 -0.0077518439677210869 0.0095839044846156071 -0.044214314851781421
leaf_weight=41029 27 30 51 98009 34591 969 7248 5750 23559 24028 111153 99 321 207 20 33 670 146 25 40 34 22 36 38 46 219 34 439 34 29
leaf_count=41029 27 30 51 98009 34591 969 7248 5750 23559 24028 111153 99 321 207 20 33 670 146 25 40 34 22 36 38 46 219 34 439 34 29
internal_value=-5.75201e-08 -0.00822914 -0.00169258 2.49027e-06 -0.00017817 -0.000604419 0.000250347 0.00150439 0.000107149 0.000418595 0.000119577 0.000322642 -0.00277728 0.00282686 0.0047464 0.0359406 0.00311593 0.0109102 0.00333897 0.00747532 -0.00129284 -0.00859174 0.0106407 -0.00962743 -0.0223374 -0.0081881 -0.000699145 -0.0118749 -0.00938821 -0.0196522
internal_weight=348936 108 78 348828 137174 54996 13967 6719 82178 47587 211654 113645 2492 1274 1067 53 1014 344 198 173 133 1218 58 1160 118 1042 355 687 80 248
internal_count=348936 108 78 348828 137174 54996 13967 6719 82178 47587 211654 113645 2492 1274 1067 53 1014 344 198 173 133 1218 58 1160 118 1042 355 687 80 248
cat_boundaries=0 3 6 9 12 15 17 20
cat_threshold=315117879 316721872 3 268435731 44075648 2 3843294336 2836668429 4 2232855752 3776394639 4 950603782 275286528 1 405274626 524288 4211456 16 2
is_linear=0
shrinkage=0.05


Tree=136
num_leaves=31
num_cat=4
split_feature=8 9 2 9 9 9 7 9 9 0 3 0 5 6 9 6 8 6 9 9 7 7 0 3 6 7 8 6 7 9
split_gain=2.87222 11.0612 4.94815 14.9242 9.92892 4.8193 3.53765 10.1056 2.99509 32.2864 15.0623 32.6904 35.1111 27.7084 24.7771 24.1845 20.7307 14.4247 15.6391 13.3425 19.2012 20.4421 17.1513 19.1211 16.0118 19.0986 12.6411 19.0947 24.8641 11.6762
threshold=7.5000000000000009 3.0700000000000007 0 1.8450000000000004 2.4150000000000005 2.2700000000000005 1.5000000000000002 1.0700000000000001 3.2250000000000005 1 4.5000000000000009 2 5.5000000000000009 1.0000000180025095e-35 3.6900000000000004 5.5000000000000009 2.5000000000000004 5.5000000000000009 3.3650000000000007 3.3100000000000005 2.5000000000000004 5.5000000000000009 3 5.5000000000000009 5.5000000000000009 4.5000000000000009 1.0000000180025095e-35 2.5000000000000004 1.0000000180025095e-35 3.6900000000000004
decision_type=2 2 1 2 2 2 2 2 2 1 2 1 2 2 2 2 2 2 2 2 2 2 1 2 2 2 2 2 2 2
left_child=8 2 5 -4 -5 6 7 -2 -1 19 11 12 14 -13 16 26 -11 18 -14 20 -10 -22 23 -21 25 -24 27 28 -12 -17
right_child=1 -3 3 4 -6 -7 -8 -9 9 10 15 13 17 -15 -16 29 -18 -19 -20 22 21 -23 24 -25 -26 -27 -28 -29 -30 -31
leaf_value=-6.6182053185481705e-06 0.011833553858425307 -0.036143963465180534 -0.010105276104683678 0.045834900900997504 0.0052219429272500912 -0.024469855221870701 0.011054321116133562 -0.03556690346872942 -0.025365036244613011 0.052070822331466177 0.022614152286024321 0.062638306286599901 -0.0058927551325824532 0.0094501270831141189 -0.027042812956818221 -0.024288996511503406 -0.0065545836687088011 0.0066244523294947365 -0.050687861969428406 0.014133279762577777 0.014255196678762636 -0.039157371449729673 -0.018663517540780619 -0.012248571001444053 0.013913723343952758 0.029023462469163149 0.02902952634104039 0.035673366536696755 -0.053448164285245271 0.014351866887334516
leaf_weight=346853 23 26 75 27 34 38 29 22 154 38 21 27 27 263 29 46 25 22 70 255 81 23 241 94 61 23 223 30 22 34
leaf_count=346853 23 26 75 27 34 38 29 22 154 38 21 27 27 263 29 46 25 22 70 255 81 23 241 94 61 23 223 30 22 34
internal_value=-5.63713e-08 -0.00511726 -0.00186446 0.00450132 0.0231982 -0.00917688 -0.00256385 -0.01134 3.96504e-06 0.00203317 0.0088604 0.0032848 -0.0114522 0.0139221 0.011202 0.0165252 0.0288068 -0.0299287 -0.0382191 -0.00443861 -0.0141557 0.0024428 -0.000784882 0.00683181 -0.00890039 -0.014509 0.0231176 0.00505806 -0.0163015 -0.00786663
internal_weight=348936 274 248 136 61 112 74 45 348662 1809 877 501 211 290 92 376 63 119 97 932 258 104 674 349 325 264 296 73 43 80
internal_count=348936 274 248 136 61 112 74 45 348662 1809 877 501 211 290 92 376 63 119 97 932 258 104 674 349 325 264 296 73 43 80
cat_boundaries=0 1 4 7 10
cat_threshold=225 1127314583 3234362229 5 2214988072 67111048 2 1076961409 2156397328 4
is_linear=0
shrinkage=0.05


Tree=137
num_leaves=31
num_cat=7
split_feature=6 0 1 0 3 9 6 7 0 8 9 5 0 9 5 0 3 7 9 9 8 6 3 3 9 3 6 0 9 9
split_gain=2.76223 9.92454 9.10654 16.6307 9.33381 10.4849 10.629 16.7616 8.00898 9.61291 7.91536 8.85602 10.9026 15.6134 20.2605 10.3073 6.84043 16.5927 6.96934 6.48542 8.79841 6.71979 6.63068 12.9759 6.80296 6.49397 5.89931 7.17031 15.5753 12.3413
threshold=4.5000000000000009 0 1 2 4.5000000000000009 1.5350000000000004 5.5000000000000009 1.0000000180025095e-35 3 5.5000000000000009 4.2700000000000005 4.5000000000000009 4 3.2250000000000005 2.5000000000000004 5 2.5000000000000004 2.5000000000000004 2.2700000000000005 3.7900000000000005 4.5000000000000009 6.5000000000000009 2.5000000000000004 3.5000000000000004 2.4150000000000005 3.5000000000000004 6.5000000000000009 6 2.6900000000000004 2.5350000000000006
decision_type=2 1 1 1 2 2 2 2 1 2 2 2 1 2 2 1 2 2 2 2 2 2 2 2 2 2 2 1 2 2
left_child=-1 2 3 4 -2 -6 7 -7 19 -10 11 12 16 26 -15 -13 17 18 -3 20 21 22 -4 24 -24 -22 27 28 -14 -29
right_child=1 10 8 -5 5 6 -8 -9 9 -11 -12 15 13 14 -16 -17 -18 -19 -20 -21 25 -23 23 -25 -26 -27 -28 29 -30 -31
leaf_value=1.9221627848737302e-05 -0.0027352380682714285 -0.0043626065526041202 -0.0013584415358894662 -0.01077853267078736 -0.00062823170014927475 0.066107591843631658 0.00071697217226028445 0.0070143970511188473 0.0008503509685864781 -0.027289349153157207 -0.0315180285833776 -0.0012319554917483797 -0.0059963844304072303 0.041116103671845941 -0.010392745807766916 -0.0084671632776966276 0.0087047152511182842 0.028939669334795328 -0.030705431498148861 0.034488079743459819 0.0056361222950120776 -0.0068544106912362367 0.017143819264664847 0.0052664734731249592 0.045714629390116397 0.042708810653399543 -0.017903053139049847 -0.0039438663498591311 -0.043112445848457748 0.02046431607256333
leaf_weight=342506 184 96 202 387 62 28 25 21 1447 31 24 1012 197 42 35 973 440 32 34 20 21 113 74 396 29 27 91 291 33 63
leaf_count=342506 184 96 202 387 62 28 25 21 1447 31 24 1012 197 42 35 973 440 32 34 20 21 113 74 396 29 27 91 291 33 63
internal_value=-5.35611e-08 -0.00102678 0.00103075 -0.00391223 0.00446668 0.0145389 0.0272465 0.0407819 0.00252181 0.000258392 -0.00289766 -0.00270063 0.000417201 -0.00358066 0.017703 -0.00482735 0.00538129 -0.00331312 -0.0112523 0.00626928 0.00568728 0.00446061 0.00628457 0.00937854 0.025188 0.0264895 -0.00606161 -0.00421646 -0.01085 0.000388975
internal_weight=348936 6430 3067 707 320 136 74 49 2360 1478 3363 3339 1354 752 77 1985 602 162 130 882 862 814 701 499 103 48 675 584 230 354
internal_count=348936 6430 3067 707 320 136 74 49 2360 1478 3363 3339 1354 752 77 1985 602 162 130 882 862 814 701 499 103 48 675 584 230 354
cat_boundaries=0 3 4 7 9 12 14 16
cat_threshold=391483753 368149489 1 2 5247304 5276321 1 302284801 287375681 1084229142 671616012 2 3892471952 3255443462 671872 1074020354
is_linear=0
shrinkage=0.05


Tree=138
num_leaves=31
num_cat=6
split_feature=3 0 0 9 0 6 3 0 9 0 5 8 9 5 5 9 7 7 6 9 7 9 7 8 10 0 9 7 5 3
split_gain=2.72353 19.4204 16.8872 14.3804 44.0245 21.5087 18.8396 31.0218 33.6294 25.8411 19.7179 16.761 24.1039 16.4508 14.9947 14.5289 13.9434 24.5289 13.5627 14.3687 12.6016 12.3593 12.9934 12.091 11.9331 28.9333 29.8321 11.5393 11.3497 12.0238
threshold=3.5000000000000004 0 1 1.8450000000000004 2 2.5000000000000004 1.5000000000000002 3 2.5350000000000006 4 11.500000000000002 6.5000000000000009 2.4150000000000005 4.5000000000000009 1.5000000000000002 2.4650000000000003 1.5000000000000002 1.0000000180025095e-35 1.5000000000000002 2.4150000000000005 1.0000000180025095e-35 2.4150000000000005 3.5000000000000004 4.5000000000000009 1.0000000180025095e-35 5 2.0700000000000007 7.5000000000000009 5.5000000000000009 4.5000000000000009
decision_type=2 1 1 2 1 2 2 1 2 1 2 2 2 2 2 2 2 2 2 2 2 2 2 2 2 1 2 2 2 2
left_child=1 3 28 -1 5 6 7 8 16 15 -9 27 -13 14 -11 -8 17 -5 20 -20 -16 22 -7 -23 -3 -26 -27 -6 29 -2
right_child=2 24 -4 4 11 21 9 10 -10 13 -12 12 -14 -15 18 -17 -18 -19 19 -21 -22 23 -24 -25 25 26 -28 -29 -30 -31
leaf_value=0.00026119000939809793 -0.0026300047388405287 -0.00085356666766123093 0.00049892011312153756 -0.0011006565699570401 0.0071750300749843128 -0.0080475230927376223 0.012412480674247816 -0.0020390979749725655 -0.078294188184318714 -0.012857325008624923 0.043733149684137773 0.016354437035818896 -0.042623633631255209 -0.0093219887694789907 -0.020680002839519429 0.042221807740628725 0.014470075922352927 -0.057042547352223971 0.065185478186510784 0.0092702357843518265 0.025561521826859786 -0.023649635989691171 0.02465734062434146 0.012468335447976223 -0.0028537152253675325 0.0030433936381223056 0.024610614255461061 -0.019843814852083599 0.00011485836321892143 -0.00055871933282769894
leaf_weight=61866 9342 75850 119040 43 3275 381 224 183 27 46 27 30 41 284 26 50 28 36 27 20 34 213 33 26 2548 4019 167 40 42984 28026
leaf_count=61866 9342 75850 119040 43 3275 381 224 183 27 46 27 30 41 284 26 50 28 36 27 20 34 213 33 26 2548 4019 167 40 42984 28026
internal_value=-8.02166e-08 -0.000161379 0.000120894 0.000471377 0.003025 -0.00351466 0.000879078 -0.00872675 -0.0264558 0.00552662 0.00367109 0.00631553 -0.0177033 -0.00215225 0.0110156 0.0172235 -0.0158476 -0.0265932 0.0212787 0.0413918 0.00552353 -0.0106671 -0.00544061 -0.0197205 -0.000674401 0.00134267 0.00389451 0.00684901 -0.000439152 -0.00107654
internal_weight=348936 149544 199392 66960 5094 1708 1055 344 134 711 210 3386 71 437 153 274 107 79 107 47 60 653 414 239 82584 6734 4186 3315 80352 37368
internal_count=348936 149544 199392 66960 5094 1708 1055 344 134 711 210 3386 71 437 153 274 107 79 107 47 60 653 414 239 82584 6734 4186 3315 80352 37368
cat_boundaries=0 3 6 8 10 12 15
cat_threshold=2096965633 1347605383 1 2096965633 1347588993 1 402915329 1342325376 134217728 1073889280 134217728 1073889280 33555108 25954416 4
is_linear=0
shrinkage=0.05


Tree=139
num_leaves=31
num_cat=5
split_feature=6 9 0 7 6 0 9 0 3 3 7 9 9 5 5 5 8 0 9 1 9 3 7 3 5 7 9 9 5 5
split_gain=2.69706 4.79648 4.8091 7.47676 6.07808 9.90435 6.64161 16.0276 19.3044 19.5841 22.814 16.5462 12.3259 20.2772 12.2335 8.76937 7.44259 11.9344 7.73982 11.3496 13.6613 6.38943 6.36814 10.2139 6.70298 6.2667 8.69719 7.14434 8.03004 6.47299
threshold=1.0000000180025095e-35 0.27000000000000007 0 7.5000000000000009 1.5000000000000002 1 2.4150000000000005 2 1.5000000000000002 4.5000000000000009 1.5000000000000002 3.0700000000000007 2.6900000000000004 4.5000000000000009 5.5000000000000009 4.5000000000000009 2.5000000000000004 3 0.93000000000000005 4 1.6900000000000002 6.5000000000000009 1.5000000000000002 4.5000000000000009 7.5000000000000009 6.5000000000000009 2.6900000000000004 2.0700000000000007 4.5000000000000009 10.500000000000002
decision_type=2 2 1 2 2 1 2 1 2 2 2 2 2 2 2 2 2 1 2 1 2 2 2 2 2 2 2 2 2 2
left_child=-1 -2 3 -3 5 6 16 11 -9 10 -10 14 13 -11 -8 -12 -4 18 -18 -20 22 -14 24 -24 -21 -6 27 28 -27 -30
right_child=1 2 4 -5 25 -7 7 8 9 12 15 -13 21 -15 -16 -17 17 -19 19 20 -22 -23 23 -25 -26 26 -28 -29 29 -31
leaf_value=0.00014542295529499039 -0.0032433990832451496 -0.0004868921217139847 0.0015268774638826864 -0.018001757591168899 -0.00024147378606338764 -4.0716080111193484e-05 0.019764006064197391 -0.015662400876171888 0.0051353403517315471 0.060622672347918807 0.084075773933104114 -0.043429212771356113 -0.020054395289884674 -0.0073331992895830245 -0.015751042010379024 0.043622134313792797 -0.0013003063942999282 0.0012273410607572292 -0.0020102444393957537 -0.012925795358276685 -0.051614339591871054 0.012473737282785946 -0.022026558372621928 0.022292875949866498 -0.037032490237505135 -0.021280212193512574 0.0067059059341035392 -0.026215912631845903 0.016175375266207589 -0.014444168390972274
leaf_weight=166508 1231 54033 18008 61 66518 39759 49 40 31 23 21 25 36 21 48 37 376 1400 201 92 29 26 26 26 42 52 74 70 45 28
leaf_count=166508 1231 54033 18008 61 66518 39759 49 40 31 23 21 25 36 21 48 37 376 1400 201 92 29 26 26 26 42 52 74 70 45 28
internal_value=-7.95814e-08 -0.000132885 -0.000111753 -0.000506549 5.63052e-05 0.000420145 0.00131087 0.00807185 0.0153265 0.0224692 0.0397619 -0.00661624 0.00794984 0.0281892 0.00218955 0.0582691 0.00119203 -0.00155883 -0.00641834 -0.0111985 -0.0188197 -0.00641357 -0.0147184 0.000133159 -0.0204816 -0.000272274 -0.00788845 -0.0134268 -0.00626493 0.00443089
internal_weight=348936 182428 181197 54094 127103 60316 20557 357 235 195 89 122 106 44 97 58 20200 2192 792 416 215 62 186 52 134 66787 269 195 125 73
internal_count=348936 182428 181197 54094 127103 60316 20557 357 235 195 89 122 106 44 97 58 20200 2192 792 416 215 62 186 52 134 66787 269 195 125 73
cat_boundaries=0 3 5 7 9 10
cat_threshold=12619802 2261700864 4 554183844 1090528344 11268 16 3108 16777280 9
is_linear=0
shrinkage=0.05


Tree=140
num_leaves=31
num_cat=9
split_feature=8 0 0 9 0 7 5 0 6 5 9 9 5 6 0 5 6 9 6 5 0 7 9 5 0 6 9 0 3 0
split_gain=2.67608 19.7231 19.5984 7.18696 29.8998 17.729 18.0328 19.108 13.7824 13.2175 19.532 13.0326 10.2399 10.044 9.54534 11.7319 9.49835 11.3194 18.992 10.6733 10.4496 11.6781 12.2943 10.0566 19.3292 19.2675 12.3254 11.4254 9.6006 8.75464
threshold=1.0000000180025095e-35 0 1 1.5850000000000002 2 1.0000000180025095e-35 6.5000000000000009 3 1.5000000000000002 1.5000000000000002 2.0700000000000007 1.8450000000000004 1.5000000000000002 2.5000000000000004 4 9.5000000000000018 3.5000000000000004 3.0700000000000007 2.5000000000000004 11.500000000000002 5 1.0000000180025095e-35 2.6900000000000004 10.500000000000002 6 1.0000000180025095e-35 2.0700000000000007 7 4.5000000000000009 8
decision_type=2 1 1 2 1 2 2 1 2 2 2 2 2 2 1 2 2 2 2 2 1 2 2 2 1 2 2 1 2 1
left_child=1 -1 -2 -3 5 6 12 8 11 10 -7 -8 -5 14 15 -9 17 23 -19 20 -18 28 -23 29 25 -25 27 -26 -22 -6
right_child=2 3 -4 4 16 9 7 13 -10 -11 -12 -13 -14 -15 -16 -17 19 18 -20 -21 21 22 -24 24 26 -27 -28 -29 -30 -31
leaf_value=-0.0007082993270435638 -0.00041056156572025069 0.00024011484153886204 0.00063246884749124533 -0.0040376662744710289 0.0026911129204480028 0.0075681025373204704 -0.001033135459838826 -0.032361885464320388 -0.005094145274617606 0.0069418252961633599 0.04131503599540641 0.025830707331096721 0.0088213925463584471 -0.023263920855693981 0.0014688296680909823 -0.0011373075972577291 -0.017035050023907285 -0.031498765882288081 0.02044084946004053 -0.02799085797234015 -0.019611446891959091 -0.00033001306855199328 0.025168838225785764 0.067640044082972139 -0.016301522441814102 0.015812757648239584 0.013996814549714326 0.0039689202879903364 0.002178934273006541 -0.0037212763996436618
leaf_weight=80586 86301 80726 94170 197 893 106 81 65 198 1817 72 102 723 129 171 56 128 66 24 55 117 199 62 22 113 97 125 156 89 1290
leaf_count=80586 86301 80726 94170 197 893 106 81 65 198 1817 72 102 723 129 171 56 128 66 24 55 117 199 62 22 113 97 125 156 89 1290
internal_value=-7.6788e-08 -0.000143393 0.000133705 0.00037467 0.00189373 0.004994 0.00129062 -0.00418952 0.00394478 0.00821564 0.0212185 0.0139402 0.00606788 -0.0113745 -0.00651148 -0.0165436 -0.00147034 -0.000204827 -0.0176482 -0.00691716 -0.00496917 -0.00127006 0.00572719 0.000377481 0.00667695 0.0234257 0.000998404 -0.00500463 -0.0101972 -0.00110288
internal_weight=348936 168465 180471 87879 7153 3717 1722 802 381 1995 178 183 920 421 292 121 3436 2786 90 650 595 467 261 2696 513 119 394 269 206 2183
internal_count=348936 168465 180471 87879 7153 3717 1722 802 381 1995 178 183 920 421 292 121 3436 2786 90 650 595 467 261 2696 513 119 394 269 206 2183
cat_boundaries=0 3 6 9 11 13 15 17 19 21
cat_threshold=1347885549 2556495789 3 2944976402 1738469458 4 2709536786 605970498 4 2164277250 604528640 545259520 1048578 532992 1073741824 169869312 16 67117568 41945088 532992 1090553856
is_linear=0
shrinkage=0.05


Tree=141
num_leaves=31
num_cat=9
split_feature=9 6 3 0 9 0 5 10 5 9 0 0 9 8 9 0 9 5 5 7 9 5 0 9 8 0 1 0 9 8
split_gain=2.61665 2.92362 4.717 18.9701 13.9566 22.1328 14.3239 13.1607 19.1375 27.1214 27.423 18.5696 16.0926 12.3729 11.5462 12.3597 10.2313 9.81795 15.9054 16.6564 13.4995 9.39587 17.3608 16.6438 11.9492 9.96125 8.49635 17.4535 39.6866 15.4544
threshold=1.0000000180025095e-35 1.0000000180025095e-35 1.5000000000000002 0 1.0700000000000001 1 8.5000000000000018 1.0000000180025095e-35 7.5000000000000009 1.6900000000000002 2 3 1.6900000000000002 1.5000000000000002 1.4150000000000003 4 0.93000000000000005 9.5000000000000018 10.500000000000002 1.0000000180025095e-35 1.2700000000000002 3.5000000000000004 5 1.3100000000000003 3.5000000000000004 6 7 8 1.1850000000000003 1.0000000180025095e-35
decision_type=2 2 2 1 2 1 2 2 2 2 1 1 2 2 2 1 2 2 2 2 2 2 1 2 2 1 1 1 2 2
left_child=-1 2 3 4 -2 6 14 21 11 10 13 12 -9 16 -6 -16 -10 20 -19 -20 -8 22 23 24 -5 -23 27 28 -4 -30
right_child=1 -3 26 7 5 -7 17 8 9 -11 -12 -13 -14 -15 15 -17 -18 18 19 -21 -22 25 -24 -25 -26 -27 -28 -29 29 -31
leaf_value=-0.0016551390268665569 0.00020345402729570399 -0.00012653864661078411 0.00063904641116223609 0.0045982023180952359 -0.0081959801804087021 -0.00027838385120274392 -0.01075525745268791 -0.0038388809771682641 0.028576452447020492 0.065999394685029994 0.0038663921511651192 0.0095418423239292741 -0.046459265286102891 0.0016903974825427646 -0.0064047076746704071 -0.029080397449433804 0.063388815140112853 -0.026504751227118751 0.019874144542280217 -0.016416907522892744 0.032124108208550349 0.0029651984842484881 0.00021037853594337193 0.020626774278203936 0.026669170311652127 -0.00048205062645302258 -0.00022547390908889801 -0.00016590527074306991 0.0026386178131908669 0.0091359769962628939
leaf_weight=2372 7011 182428 15130 1467 358 1417 31 287 46 25 301 360 24 21 117 185 39 66 71 57 45 3199 1740 207 64 6037 92470 29612 1587 2162
leaf_count=2372 7011 182428 15130 1467 358 1417 31 287 46 25 301 360 24 21 117 185 39 66 71 57 45 3199 1740 207 64 6037 92470 29612 1587 2162
internal_value=-1.15095e-07 1.12124e-05 0.000164315 0.000825374 -0.000912779 -0.0042511 -0.0101916 0.00200181 0.00724235 0.0154505 0.0123455 0.00195782 -0.00690586 0.0329498 -0.0142701 -0.0214704 0.0445492 -0.000599412 -0.00656708 0.00371329 0.0146338 0.00154874 0.00376374 0.00727811 0.00552083 0.000714634 5.56322e-05 0.000591612 0.00177925 0.00638556
internal_weight=348936 346564 164136 23175 9358 2347 930 13817 1103 432 407 671 311 106 660 302 85 270 194 128 76 12714 3478 1738 1531 9236 140961 48491 18879 3749
internal_count=348936 346564 164136 23175 9358 2347 930 13817 1103 432 407 671 311 106 660 302 85 270 194 128 76 12714 3478 1738 1531 9236 140961 48491 18879 3749
cat_boundaries=0 3 6 8 10 12 14 16 17 19
cat_threshold=2592712726 159923276 7 2315288580 8400908 2 16778248 2214625411 1094731712 2719268883 2181038080 8392704 1091846337 1947386147 21123584 35930800 10 2562564171 390108033
is_linear=0
shrinkage=0.05


Tree=142
num_leaves=31
num_cat=10
split_feature=6 3 5 3 0 0 10 0 9 1 0 9 5 5 0 5 9 0 5 9 8 5 8 9 0 9 0 9 6 0
split_gain=2.57713 4.15932 3.14343 2.58897 17.5682 15.2616 13.334 30.6856 22.8654 14.3458 15.2194 16.9951 19.4219 13.9331 14.9708 13.19 24.0878 25.762 21.1203 20.0163 18.5703 15.3076 13.9393 13.4223 12.3088 25.028 31.8593 18.2583 16.1998 12.2815
threshold=8.5000000000000018 5.5000000000000009 3.5000000000000004 3.5000000000000004 0 1 1.0000000180025095e-35 2 2.0700000000000007 3 4 3.5850000000000004 10.500000000000002 10.500000000000002 5 4.5000000000000009 2.0700000000000007 6 8.5000000000000018 3.7900000000000005 1.0000000180025095e-35 5.5000000000000009 2.5000000000000004 2.8450000000000002 7 1.4650000000000001 8 3.3650000000000007 1.5000000000000002 9
decision_type=2 2 2 2 1 1 2 1 2 1 1 2 2 2 1 2 2 1 2 2 2 2 2 2 1 2 1 2 2 1
left_child=3 2 -2 4 -1 -5 9 -8 13 10 11 -6 -13 29 -15 19 18 20 -17 24 23 22 -22 -18 -12 -26 28 -28 -27 -9
right_child=1 -3 -4 5 6 -7 7 8 -10 -11 15 12 -14 14 -16 16 17 -19 -20 -21 21 -23 -24 -25 25 26 27 -29 -30 -31
leaf_value=0.00057050050265426342 0.012157854720674179 -0.023544463524594904 -0.0089406882640996992 -0.00044683541990876501 -0.0011707129531862701 0.00045772598910455079 -0.0028550513541533268 0.0076970817326422053 0.020031180756745263 -0.0012199071044821602 -0.00095930910141267555 -0.0031663169463475548 -0.059265047415263131 -0.000562770071358815 0.014877163339762887 -0.0014159088016085994 -0.011243421375790302 4.6147135488907276e-06 0.0028729000550133843 0.049141994215871981 0.012513576017227024 -0.030454765879972413 -0.025793799603397546 0.023230295577086509 0.001807968338471669 0.03152397910262493 0.0047292481156360668 -0.039544142223894602 0.012890156358705773 0.00066448166362996985
leaf_weight=53543 27 30 51 74376 11926 124959 2730 749 206 55896 1991 36 27 247 447 6166 96 536 5371 23 48 220 47 40 4397 187 784 24 310 3446
leaf_count=53543 27 30 51 74376 11926 124959 2730 749 206 55896 1991 36 27 247 447 6166 96 536 5371 23 48 220 47 40 4397 187 784 24 310 3446
internal_value=-1.38077e-07 -0.00772266 -0.00163735 2.25288e-06 -0.00015504 0.000120216 -0.000559915 0.00141806 0.00370601 -0.000735611 0.000104667 -0.00130645 -0.0272086 0.00302572 0.00958823 0.000940762 -6.06428e-05 -0.00755759 0.000580727 0.00256738 -0.0161863 -0.0232118 -0.00643849 -0.00110409 0.00242814 0.00360631 0.00969318 0.00337246 0.0195087 0.00194006
internal_weight=348936 108 78 348828 149493 199335 95950 7825 5095 88125 32229 11989 63 4889 694 20240 12524 987 11537 7716 451 315 95 136 7693 5702 1305 808 497 4195
internal_count=348936 108 78 348828 149493 199335 95950 7825 5095 88125 32229 11989 63 4889 694 20240 12524 987 11537 7716 451 315 95 136 7693 5702 1305 808 497 4195
cat_boundaries=0 3 6 9 10 13 15 18 20 23 26
cat_threshold=2088577025 1074959233 1 2088577025 1343394689 1 8389284 25970800 4 12 135226 738787420 2 50382082 2162692 16777600 40133666 4 33605248 8192 25165824 318768130 4 131082 268435456 2
is_linear=0
shrinkage=0.05


Tree=143
num_leaves=31
num_cat=5
split_feature=8 9 2 9 9 9 7 9 9 0 9 8 7 6 8 5 0 8 7 0 0 7 5 5 6 6 8 6 6 3
split_gain=2.47919 9.17438 4.44195 13.4043 8.67316 4.43492 3.1215 9.00409 2.76122 28.8511 10.802 14.7636 24.766 18.3167 16.728 17.4958 11.8289 13.3862 9.341 18.2461 17.3623 13.8951 31.1608 22.4396 15.303 32.7464 12.843 13.8062 11.4176 11.2819
threshold=7.5000000000000009 3.0700000000000007 0 1.8450000000000004 2.4150000000000005 2.2700000000000005 1.5000000000000002 1.0700000000000001 3.2250000000000005 1 3.3650000000000007 2.5000000000000004 3.5000000000000004 2.5000000000000004 1.5000000000000002 5.5000000000000009 2 5.5000000000000009 1.5000000000000002 3 4 4.5000000000000009 10.500000000000002 3.5000000000000004 2.5000000000000004 4.5000000000000009 1.5000000000000002 5.5000000000000009 2.5000000000000004 2.5000000000000004
decision_type=2 2 1 2 2 2 2 2 2 1 2 2 2 2 2 2 1 2 2 1 1 2 2 2 2 2 2 2 2 2
left_child=8 2 5 -4 -5 6 7 -2 -1 10 11 12 14 -13 15 -10 -12 -18 19 -11 26 24 23 -23 -22 -26 28 -28 -20 -27
right_child=1 -3 3 4 -6 -7 -8 -9 9 18 16 13 -14 -15 -16 -17 17 -19 20 -21 21 22 -24 -25 25 29 27 -29 -30 -31
leaf_value=-6.5305530981690853e-06 0.011262854642194252 -0.033011071090228286 -0.0096028469130396837 0.043116150065152736 0.0051582399262663199 -0.023381755153011337 0.010424652246051823 -0.03347972336817872 0.062259959978418371 0.0095386825964620375 0.020509373513050377 0.076560767875476332 -0.033350388469317781 0.020684433207233354 -0.0051218491953772469 0.0090274677957119104 0.0040974843758003164 -0.037884816713631156 0.05498673228117136 -0.01323371033841917 -0.024842341280166519 0.026317142034249921 0.060891178902238607 -0.031005957350134852 0.017382346233792322 0.0027082030451105487 -0.0059497837230418496 0.033645624427923133 0.015694926999276503 -0.033523729374366144
leaf_weight=346853 23 26 75 27 34 38 29 22 33 108 102 22 26 44 37 29 375 20 26 378 114 31 24 38 106 31 103 28 64 70
leaf_count=346853 23 26 75 27 34 38 29 22 33 108 102 22 26 44 37 29 375 20 26 378 114 31 24 38 106 31 103 28 64 70
internal_value=-1.05048e-07 -0.00475433 -0.00179192 0.0042418 0.0219593 -0.00871885 -0.00236748 -0.0106113 3.63111e-06 0.001952 0.00992854 0.0201791 0.0100781 0.0393099 0.0214835 0.0373609 0.00618895 0.00192311 -0.00300526 -0.00824921 0.000960895 -0.00507833 0.0118171 -0.0052521 -0.0101315 -0.00202985 0.0119627 0.00251336 0.0270459 -0.022403
internal_weight=348936 274 248 136 61 112 74 45 348662 1809 688 191 125 66 99 62 497 395 1121 486 635 414 93 69 321 207 221 131 90 101
internal_count=348936 274 248 136 61 112 74 45 348662 1809 688 191 125 66 99 62 497 395 1121 486 635 414 93 69 321 207 221 131 90 101
cat_boundaries=0 1 4 6 8 10
cat_threshold=225 952797216 725060746 2 134217728 2523138 2148540416 4203025 1143211264 1149763904
is_linear=0
shrinkage=0.05


Tree=144
num_leaves=31
num_cat=10
split_feature=9 6 0 3 0 0 9 0 5 0 7 0 1 10 3 7 6 1 6 9 8 7 0 9 10 0 9 8 5 10
split_gain=2.46997 6.3288 4.73476 2.98928 16.8157 16.4282 14.1003 36.989 13.845 20.9596 15.7258 12.727 22.151 20.1616 14.1473 17.4274 17.2088 13.3315 14.0503 12.997 15.9161 16.7158 12.0042 11.6288 11.3471 17.6384 13.5342 10.5179 10.4475 20.3795
threshold=0.31000000000000005 1.5000000000000002 0 3.5000000000000004 1 2 1.6900000000000002 3 5.5000000000000009 4 4.5000000000000009 5 6 1.0000000180025095e-35 1.5000000000000002 2.5000000000000004 2.5000000000000004 7 1.0000000180025095e-35 2.6900000000000004 4.5000000000000009 4.5000000000000009 8 2.0700000000000007 1.0000000180025095e-35 9 2.0700000000000007 2.5000000000000004 4.5000000000000009 1.0000000180025095e-35
decision_type=2 2 1 2 1 1 2 1 2 1 2 1 1 2 2 2 2 1 2 2 2 2 1 2 2 1 2 2 2 2
left_child=1 2 -1 4 24 -5 -6 8 11 10 -10 12 14 17 15 27 -16 18 -13 22 21 -21 -20 -15 -2 -26 -27 -8 29 -9
right_child=3 -3 -4 5 6 -7 7 28 9 -11 -12 13 -14 23 16 -17 -18 -19 19 20 -22 -23 -24 -25 25 26 -28 -29 -30 -31
leaf_value=0.00038147945974553667 -0.00097534302143108839 -0.0052448661473264643 -0.00092869768023327642 -0.00033786818014251881 0.00010665042475948222 0.00061171615409111248 -0.046874664764618504 0.009772042289158343 0.0010073610064824864 -0.0076280839260943261 0.033203202048316602 0.023718857115701489 0.0041789598376092028 0.015630654770542273 0.005693328728812049 0.0020474979090829228 -0.019997103596529502 -0.0039048897475242386 -0.012981125790726886 0.029831498624820776 -0.017731852007323298 -0.01840741935940016 0.0052045929504351482 0.057807485959850829 -0.0017863157921869295 0.0035368830338890511 0.021370430528983339 -0.01046331844159535 0.0034152092508388391 -0.010773815945990814
leaf_weight=12683 54654 671 15094 84858 69013 98300 68 1686 732 1375 40 115 528 44 160 43 110 381 119 124 29 21 296 26 2184 2561 111 28 2752 130
leaf_count=12683 54654 671 15094 84858 69013 98300 68 1686 732 1375 40 115 528 44 160 43 110 381 119 124 29 21 296 26 2184 2561 111 28 2752 130
internal_value=-7.57084e-08 -0.000446577 -0.000330667 3.95579e-05 -0.000136793 0.000171784 0.000347035 0.00223112 -0.00113539 -0.00395872 0.00264133 0.00175674 -0.00256903 0.00524289 -0.0111722 -0.0244058 -0.00477314 0.00361034 0.0076247 0.00461183 0.0160823 0.0228452 -0.000197493 0.0312963 -0.000769414 0.00154673 0.00426177 -0.0362547 0.00534594 0.00830125
internal_weight=348936 28448 27777 320488 137330 183158 77820 8807 4239 2147 772 2092 937 1155 409 139 270 1085 704 589 174 145 415 70 59510 4856 2672 96 4568 1816
internal_count=348936 28448 27777 320488 137330 183158 77820 8807 4239 2147 772 2092 937 1155 409 139 270 1085 704 589 174 145 415 70 59510 4856 2672 96 4568 1816
cat_boundaries=0 3 6 9 11 13 15 16 17 19 22
cat_threshold=106798289 3927121538 5 50513886 2871854192 6 1862088705 3495089027 1 2824667169 335704584 675348512 147456 675282945 268583424 8 10 524320 8 33587844 17629296 4
is_linear=0
shrinkage=0.05


Tree=145
num_leaves=31
num_cat=5
split_feature=6 3 5 9 9 7 8 5 9 8 0 0 9 7 0 9 5 5 6 1 0 6 5 5 3 3 5 9 9 3
split_gain=2.5041 5.04951 7.63504 7.42803 5.22557 4.01733 10.7765 4.81905 2.61438 2.4603 18.0891 17.9264 7.70342 7.4032 37.9615 18.5719 9.38807 12.4058 8.36822 7.66231 23.855 18.2138 12.8748 9.64456 11.3308 8.60153 9.89339 7.04314 12.0043 13.3438
threshold=7.5000000000000009 6.5000000000000009 11.500000000000002 2.6900000000000004 2.9300000000000002 1.5000000000000002 1.5000000000000002 3.5000000000000004 4.785000000000001 1.0000000180025095e-35 0 1 0.93000000000000005 4.5000000000000009 2 1.9300000000000004 10.500000000000002 4.5000000000000009 2.5000000000000004 3 4 1.0000000180025095e-35 11.500000000000002 2.5000000000000004 1.5000000000000002 2.5000000000000004 6.5000000000000009 2.6900000000000004 2.5350000000000006 3.5000000000000004
decision_type=2 2 2 2 2 2 2 2 2 2 1 1 2 2 1 2 2 2 2 1 1 2 2 2 2 2 2 2 2 2
left_child=8 2 3 -2 -3 7 -7 -5 9 11 -11 12 -1 19 15 -15 17 -16 -18 20 21 -14 23 -23 -25 -26 -27 28 -21 -30
right_child=1 4 -4 5 -6 6 -8 -9 -10 10 -12 -13 13 14 16 -17 18 -19 -20 27 -22 22 -24 24 25 26 -28 -29 29 -31
leaf_value=0.00010295653360055309 -0.0079279218421696301 -0.0043401069810678223 -0.022959472068718501 0.039523843819783494 -0.035880715958774088 0.02839643287917842 -0.016774741422024467 0.0074376497864723215 0.016505602188408377 0.00068786612406863913 -0.00031947813179392017 -0.00044744713985299693 -0.036023540950513314 0.02395357227593195 0.0061326051620555298 0.074102812508742011 0.034572182281007023 -0.018243683475292229 -0.0063219677995551716 0.0014631821656425268 0.0042833704141659488 -0.021878113917280305 -0.037629836599808189 -0.024011318103687184 0.035695472308857876 0.015593643621607145 -0.010363994912078948 -0.021957370190648362 -0.00068304564803838735 0.056382896804383825
leaf_weight=23993 91 29 35 22 24 23 31 25 24 80596 99665 123160 70 80 97 24 29 113 22 19965 448 59 32 37 22 71 76 32 20 21
leaf_count=23993 91 29 35 22 24 23 31 25 24 80596 99665 123160 70 80 97 24 29 113 22 19965 448 59 32 37 22 71 76 32 20 21
internal_value=-9.6553e-08 -0.00472663 -0.00148218 0.00243295 -0.0186226 0.011768 0.00246483 0.0224567 3.69925e-06 2.56325e-06 0.000130933 -0.000134872 0.00071656 0.00141075 0.00847011 0.0324101 -0.0022257 -0.00698416 0.0169316 0.00128719 -0.00344056 -0.0127327 -0.00767204 -0.0040545 0.00105032 0.00653719 0.00217337 0.00148046 0.00151868 0.0285459
internal_weight=348936 280 227 192 53 101 54 47 348656 348632 180261 168371 45211 21218 365 104 261 210 51 20853 815 367 297 265 206 169 147 20038 20006 41
internal_count=348936 280 227 192 53 101 54 47 348656 348632 180261 168371 45211 21218 365 104 261 210 51 20853 815 367 297 265 206 169 147 20038 20006 41
cat_boundaries=0 3 6 8 9 12
cat_threshold=1347885485 2556495661 3 788561922 1126080514 4 134217730 1074397184 8 704675840 1073905664 4
is_linear=0
shrinkage=0.05


Tree=146
num_leaves=31
num_cat=6
split_feature=6 0 9 8 1 0 0 9 6 3 8 0 9 5 5 5 9 9 8 5 9 0 9 5 6 7 8 9 3 8
split_gain=2.37043 9.13301 7.58741 7.43651 7.5373 13.9197 6.4343 6.8962 8.02875 12.0435 5.88727 7.23916 12.8956 11.3594 8.559 8.80425 7.85769 6.58434 6.07281 5.24386 12.2918 9.05956 13.7101 5.58863 8.02642 5.23182 5.6619 5.22993 5.18536 7.21227
threshold=4.5000000000000009 0 4.2700000000000005 6.5000000000000009 1 2 3 1.2700000000000002 6.5000000000000009 2.5000000000000004 4.5000000000000009 4 2.4150000000000005 7.5000000000000009 10.500000000000002 9.5000000000000018 3.3650000000000007 3.0700000000000007 1.5000000000000002 4.5000000000000009 2.4150000000000005 5 2.4150000000000005 6.5000000000000009 5.5000000000000009 1.5000000000000002 1.5000000000000002 1.9300000000000004 4.5000000000000009 1.5000000000000002
decision_type=2 1 2 2 1 1 1 2 2 2 2 1 2 2 2 2 2 2 2 2 2 1 2 2 2 2 2 2 2 2
left_child=-1 3 -3 4 5 28 -6 -8 10 -10 11 12 -9 17 15 16 19 -14 -16 21 23 -13 27 -21 -25 -11 -27 -23 29 -2
right_child=1 2 -4 -5 6 -7 7 8 9 25 -12 14 13 -15 18 -17 -18 -19 -20 20 -22 22 -24 24 -26 26 -28 -29 -30 -31
leaf_value=1.7770215083144834e-05 0.0079913079718148313 -0.002361433372211084 -0.029998886048793794 -0.026423324442779023 -0.00074111499570851213 -0.0085227670644573272 -0.0050902241458223299 0.0078858925895217598 0.018555325756703194 -0.0014028688288621001 0.025541844387400026 0.014727564835144827 -0.041608129516243937 0.013718778587391843 -0.0095618444369969576 0.043248583959496545 0.037384673354348967 -0.0080113428831100463 0.013135960467321718 0.0014453148394823075 0.03672102769871928 0.00065606416528001985 -0.025552458537276834 0.028624182360215206 -0.0073706646494212606 -0.0080071547546902225 -0.037807964465381316 0.028753348660062662 0.017038354855806879 -0.019933130712278428
leaf_weight=342506 91 3728 25 24 737 412 146 170 48 74 47 116 35 23 82 23 28 25 46 100 53 67 48 59 21 37 28 22 84 31
leaf_count=342506 91 3728 25 24 737 412 146 170 48 74 47 116 35 23 82 23 28 25 46 100 53 67 48 59 21 37 28 22 84 31
internal_value=-8.57087e-08 -0.000951215 -0.00253877 0.00127915 0.00153458 -0.00327405 0.00299626 0.00510777 0.00644456 -0.00303767 0.00828205 0.00739838 -1.65193e-06 -0.0161571 0.0100624 0.0129832 0.0116289 -0.0276095 -0.00140482 0.010145 0.015557 0.00516081 -0.00374142 0.00932541 0.0191755 -0.0104942 -0.0208444 0.00760146 0.00713196 0.000895754
internal_weight=348936 6430 3753 2677 2653 618 2035 1298 1152 187 965 918 253 83 665 537 514 60 128 486 233 253 137 180 80 139 65 89 206 122
internal_count=348936 6430 3753 2677 2653 618 2035 1298 1152 187 965 918 253 83 665 537 514 60 128 486 233 253 137 180 80 139 65 89 206 122
cat_boundaries=0 3 4 7 10 12 14
cat_threshold=357929321 358679537 1 2 5243144 4194465 1 68223240 71303328 1 17043456 268435472 32800 16842817
is_linear=0
shrinkage=0.05


Tree=147
num_leaves=31
num_cat=9
split_feature=9 6 0 9 6 0 7 6 9 0 3 8 0 5 3 0 3 5 8 0 9 0 5 9 7 3 0 9 0 3
split_gain=2.31643 2.95002 2.86286 2.63234 2.5323 7.82129 24.2681 11.6365 9.8826 32.4078 28.153 26.9527 24.9638 16.9167 26.303 21.9865 16.1351 19.7486 12.575 15.3529 12.589 11.68 18.964 12.6769 11.5579 11.5384 11.3732 12.4768 11.1527 11.0801
threshold=0.15500000000000005 1.0000000180025095e-35 0 1.0000000180025095e-35 1.5000000000000002 1 7.5000000000000009 2.5000000000000004 1.9300000000000004 2 4.5000000000000009 1.0000000180025095e-35 3 2.5000000000000004 5.5000000000000009 4 6.5000000000000009 5.5000000000000009 3.5000000000000004 5 3.0700000000000007 6 7.5000000000000009 2.2700000000000005 2.5000000000000004 5.5000000000000009 7 1.7750000000000001 8 6.5000000000000009
decision_type=2 2 1 2 2 1 2 2 2 1 2 2 1 2 2 1 2 2 2 1 2 1 2 2 2 2 1 2 1 2
left_child=1 2 -1 -4 -2 6 -6 8 26 11 18 12 -10 -12 24 -16 -17 -18 19 -11 -21 -13 23 -23 -15 -24 27 -7 -29 -14
right_child=4 -3 3 -5 5 7 -8 -9 9 10 13 21 29 14 15 16 17 -19 -20 20 -22 22 25 -25 -26 -27 -28 28 -30 -31
leaf_value=-0.0013417559708630332 0.00010838957016414655 -0.0030343226494961512 -0.0015554533343669172 0.0010722234151244645 -0.0006268513319128248 0.0018223934749699256 -0.031680918128658385 -0.00064048544872852113 0.01744848616863004 0.0043007534614248315 -0.011722437143781343 0.0079869520196810678 -0.0070235866765995456 0.021874763196040144 -0.014020750186932477 0.036640887143776606 -0.029174933390271281 0.023177733300470335 -0.024863640083343658 -0.015973519116670214 0.023277075774967671 0.0012250044163457066 0.05234327286259452 0.022631578359766934 0.056618360604625197 0.018406705325469376 -8.0881588687288953e-05 0.00021710970394759753 0.021724513670836658 -0.040063519592814407
leaf_weight=4482 243160 1224 1282 3715 45385 8004 63 21420 107 222 92 364 203 95 105 57 31 43 103 286 22 106 67 199 32 40 17746 111 141 29
leaf_count=4482 243160 1224 1282 3715 45385 8004 63 21420 107 222 92 364 203 95 105 57 31 43 103 286 22 106 67 199 32 40 17746 111 141 29
internal_value=-7.35853e-08 -0.000724279 -0.000425989 0.000397288 2.28431e-05 -0.000195952 -0.000669751 0.000238054 0.000905337 0.00412076 -0.00203982 0.0100602 -0.00161108 0.00742811 0.0122817 0.00240832 0.0154663 0.00124621 -0.00887758 -0.00577086 -0.0127558 0.0152886 0.0210351 0.0151919 0.0306291 0.0396567 0.000632912 0.00216466 0.0131217 -0.0106927
internal_weight=348936 10703 9479 4997 338233 95073 45448 49625 28205 2203 1088 1115 339 455 363 236 131 74 633 530 308 776 412 305 127 107 26002 8256 252 232
internal_count=348936 10703 9479 4997 338233 95073 45448 49625 28205 2203 1088 1115 339 455 363 236 131 74 633 530 308 776 412 305 127 107 26002 8256 252 232
cat_boundaries=0 3 6 8 10 12 14 16 19 21
cat_threshold=530243076 486584565 7 3782118534 1634346492 1 504435265 68471297 100663808 278529 8388880 2147553282 8396800 2457866240 101777920 1064961 9437217 2148632576 6 1048608 1083392
is_linear=0
shrinkage=0.05


Tree=148
num_leaves=31
num_cat=6
split_feature=7 0 0 5 0 9 5 8 6 9 9 8 8 9 9 8 5 0 0 9 9 10 0 3 5 9 5 8 5 6
split_gain=2.22576 56.0093 13.3355 11.5452 10.9196 28.4215 10.3149 14.758 10.3211 9.91215 32.1431 8.91255 8.04602 15.8583 7.99001 7.87007 7.86816 21.5925 18.2958 11.1404 18.6974 8.26193 7.69501 9.83277 10.3374 10.1719 7.36024 6.97834 6.48314 6.1749
threshold=4.5000000000000009 0 1 11.500000000000002 2 2.6900000000000004 11.500000000000002 2.5000000000000004 4.5000000000000009 2.2700000000000005 1.9300000000000004 2.5000000000000004 2.5000000000000004 2.5350000000000006 2.8450000000000002 5.5000000000000009 4.5000000000000009 3 4 3.2250000000000005 2.0700000000000007 1.0000000180025095e-35 5 4.5000000000000009 9.5000000000000018 1.2700000000000002 9.5000000000000018 1.0000000180025095e-35 2.5000000000000004 3.5000000000000004
decision_type=2 1 1 2 1 2 2 2 2 2 2 2 2 2 2 2 2 1 1 2 2 2 1 2 2 2 2 2 2 2
left_child=-1 4 -3 16 5 9 8 -8 14 10 27 -7 13 -10 15 22 17 21 -18 20 -19 -4 23 29 -25 -26 -24 -2 -22 -6
right_child=1 2 3 -5 6 11 7 -9 12 -11 -12 -13 -14 -15 -16 -17 18 19 -20 -21 28 -23 26 24 25 -27 -28 -29 -30 -31
leaf_value=1.722131579497881e-05 0.013256393186748028 -0.0096680141633271009 0.00090337642433316724 -0.013203317655502742 0.0014125113801159036 0.070706212334334856 0.00030072319483830752 -0.028479209779922306 0.0055266296424503836 -0.018410084170825552 0.061524129080187 0.026103420828336051 0.0035251866804347151 0.058280980920997164 -0.0088615529858776607 0.026339321574196217 -0.0053579231105103688 -0.0089410102091660813 0.0061403884538665486 0.022865733318030837 -0.022094663836318872 0.026165456048079901 0.0025137039051319732 0.0093705617468716543 0.016941952336817345 0.056949931445221105 -0.010144445193172605 -0.0023644255034418571 -0.04788898639380932 0.028507240624590355
leaf_weight=342552 142 1054 430 251 476 24 192 58 28 33 28 21 42 29 121 40 664 433 701 22 58 35 769 319 47 24 135 144 42 22
leaf_count=342552 142 1054 430 251 476 24 192 58 28 33 28 21 42 29 121 40 664 433 701 22 58 35 769 319 47 24 135 144 42 22
internal_value=-1.79858e-08 -0.000925043 -0.00491979 -0.00299186 0.00454798 0.0121945 0.00319877 -0.00637622 0.0043809 0.00765727 0.0103968 0.0498916 0.0201308 0.0323666 0.00358252 0.00440442 -0.00192974 -0.00525196 0.000552803 -0.0117898 -0.0134414 0.00274577 0.00391481 0.00718463 0.013211 0.0304658 0.000616563 0.00539137 -0.0329283 0.00260947
internal_weight=348936 6384 3690 2636 2694 392 2302 250 2052 347 314 45 99 57 1953 1832 2385 1020 1365 555 533 465 1792 888 390 71 904 286 100 498
internal_count=348936 6384 3690 2636 2694 392 2302 250 2052 347 314 45 99 57 1953 1832 2385 1020 1365 555 533 465 1792 888 390 71 904 286 100 498
cat_boundaries=0 3 5 7 10 13 16
cat_threshold=834051074 3223201673 5 4210713 41947234 2 131081 2281775680 755073024 2 2315322020 151109632 2 10880000 3221751424 4
is_linear=0
shrinkage=0.05


Tree=149
num_leaves=31
num_cat=4
split_feature=8 9 2 9 5 5 5 9 0 3 0 6 6 8 9 9 5 6 7 3 9 3 5 0 6 8 9 5 7 3
split_gain=2.20971 7.98808 4.21786 11.3885 9.78463 4.10818 6.55306 2.34861 26.686 15.0022 22.0128 28.2062 18.6341 16.7838 15.4406 23.5706 19.7872 13.1228 11.6582 10.2397 17.2939 9.56992 10.3268 9.39496 14.7195 8.91836 8.88901 8.77184 8.20218 8.07395
threshold=7.5000000000000009 3.0700000000000007 0 1.8450000000000004 4.5000000000000009 5.5000000000000009 2.5000000000000004 3.2250000000000005 1 4.5000000000000009 2 1.0000000180025095e-35 5.5000000000000009 1.0000000180025095e-35 3.9300000000000002 3.4650000000000003 2.5000000000000004 2.5000000000000004 6.5000000000000009 1.5000000000000002 3.5350000000000006 2.5000000000000004 6.5000000000000009 3 1.5000000000000002 2.5000000000000004 3.6900000000000004 10.500000000000002 1.5000000000000002 1.5000000000000002
decision_type=2 2 1 2 2 2 2 2 1 2 1 2 2 2 2 2 2 2 2 2 2 2 2 1 2 2 2 2 2 2
left_child=7 2 5 -4 -5 6 -2 -1 9 10 19 -12 13 17 15 16 -13 -11 23 -9 -21 22 -18 24 27 28 -14 -10 -17 -25
right_child=1 -3 3 4 -6 -7 -8 8 18 12 11 14 26 -15 -16 25 21 -19 -20 20 -22 -23 -24 29 -26 -27 -28 -29 -30 -31
leaf_value=-5.8742917385459273e-06 -0.019869139017882172 -0.030855092893426236 -0.0086323715903639017 0.039427118329331282 1.2564010197116484e-05 -0.021028826437476611 0.012716723999215496 0.010749717894456506 -0.036588500650813344 -0.018227023795685349 0.060088770607343092 0.057767168467953094 -0.021996004548337725 0.03292730292415566 0.037621169808236044 -0.026309331944212318 0.030146504080781313 0.030062438920140266 -0.034287114171632403 -0.0028619465075041123 -0.05056424753152227 -0.00949755263656883 -0.0096268374104208007 0.015252863927499244 -0.0031653797452065335 -0.043347962077989778 0.015200578909495784 -0.0042651155963540077 0.012468663126230239 -0.00055164720190461092
leaf_weight=346853 27 26 77 32 31 45 36 24 61 34 26 21 36 169 33 30 51 24 29 38 38 59 24 95 362 28 29 32 25 541
leaf_count=346853 27 26 77 32 31 45 36 24 61 34 26 21 36 169 33 30 51 24 29 38 38 59 24 95 362 28 29 32 25 541
internal_value=-2.98197e-08 -0.00448843 -0.00172418 0.00398243 0.0200327 -0.00868612 -0.00124865 3.49744e-06 0.00180041 0.00946343 0.00327325 0.0100055 0.0182036 0.0249625 0.00556965 0.00112553 0.0126399 0.00175482 -0.00297168 -0.0161109 -0.0267131 0.0055677 0.017419 -0.00216652 -0.00755753 -0.0203772 -0.00540061 -0.0254665 -0.00868297 0.00178109
internal_weight=348936 274 248 140 63 108 63 348662 1809 689 397 297 292 227 271 238 155 58 1120 100 76 134 75 1091 455 83 65 93 55 636
internal_count=348936 274 248 140 63 108 63 348662 1809 689 397 297 292 227 271 238 155 58 1120 100 76 134 75 1091 455 83 65 93 55 636
cat_boundaries=0 1 4 7 10
cat_threshold=99 953059360 976718986 2 395296 2048 2 1108348950 2160070708 5
is_linear=0
shrinkage=0.05


Tree=150
num_leaves=31
num_cat=7
split_feature=9 6 7 0 8 6 7 1 0 9 0 8 5 8 3 9 3 9 9 6 3 9 0 8 5 0 0 9 8 6
split_gain=2.23351 2.18666 4.65195 4.48778 5.76583 5.21651 5.10138 13.5427 25.9307 20.5956 18.5223 23.7447 23.8474 15.5511 13.9895 14.6997 24.1249 13.7388 20.3715 12.6037 13.0483 11.9589 10.0694 11.8968 9.40808 9.15763 8.48463 10.5692 27.4701 14.1349
threshold=4.785000000000001 1.0000000180025095e-35 8.5000000000000018 0 8.5000000000000018 8.5000000000000018 1.0000000180025095e-35 1 2 2.1550000000000007 3 1.0000000180025095e-35 5.5000000000000009 2.5000000000000004 2.5000000000000004 3.2250000000000005 5.5000000000000009 3.6900000000000004 3.3650000000000007 1.5000000000000002 5.5000000000000009 1.8450000000000004 4 3.5000000000000004 11.500000000000002 5 6 3.3650000000000007 2.5000000000000004 2.5000000000000004
decision_type=2 2 2 1 2 2 2 1 1 2 1 2 2 2 2 2 2 2 2 2 2 2 1 2 2 1 1 2 2 2
left_child=1 2 -1 4 6 -5 7 8 14 25 11 -11 -13 -12 21 24 -17 18 19 20 -10 -3 23 -21 -16 -9 -8 -28 29 -29
right_child=-2 3 -4 5 -6 -7 26 9 17 10 13 12 -14 -15 15 16 -18 -19 -20 22 -22 -23 -24 -25 -26 -27 27 28 -30 -31
leaf_value=0.00012632800207768748 0.014380176172212321 -0.014122535603550765 0.019817255606370359 7.2658723689654015e-05 -0.023137229122221471 -0.013679268904894161 0.00076528471840200257 2.1428631202074565e-05 0.010578922505896444 0.005536891663602243 -0.0023142393130148129 0.092444428287284539 0.025248540517303256 0.038292915567203809 -0.0023636307040065091 -0.059391571431686843 0.011502906254359655 0.019115294509187895 -0.057395874677846827 -0.015349606079015336 -0.029749558291708431 0.024062759748218372 -0.026462352598551661 0.023465690776132621 0.027594880355875297 -0.001736394401647987 -0.000934145684796448 0.057113333220283197 -0.010280567233539409 0.016426249257465071
leaf_weight=166467 27 26 30 117009 28 69 17103 14808 78 48 186 23 31 27 272 28 21 27 30 82 27 97 190 26 29 14828 17131 30 84 74
leaf_count=166467 27 26 30 117009 28 69 17103 14808 78 48 186 23 31 27 272 28 21 27 30 82 27 97 190 26 29 14828 17131 30 84 74
internal_value=-2.83287e-08 -1.14113e-06 0.000129876 -0.000120727 -0.000452681 6.45485e-05 -0.000443024 -0.000909564 -0.00681022 -0.000723238 0.0119942 0.0283455 0.053869 0.0027061 0.00145516 -0.0036116 -0.0290082 -0.0151593 -0.0176466 -0.0146876 0.000208742 0.0159911 -0.0199363 -0.00549627 0.000522737 -0.000858655 -2.44366e-05 -0.000804286 0.010986 0.0281629
internal_weight=348936 348909 166497 182412 65334 117078 65306 30884 933 29951 315 102 54 213 473 350 49 460 433 403 105 123 298 108 301 29636 34422 17319 188 104
internal_count=348936 348909 166497 182412 65334 117078 65306 30884 933 29951 315 102 54 213 473 350 49 460 433 403 105 123 298 108 301 29636 34422 17319 188 104
cat_boundaries=0 3 4 7 9 11 14 16
cat_threshold=12619802 2261709187 4 8 8421402 2148315136 4 4194304 105136385 0 67125378 8 76443651 4 4231186 2151842177
is_linear=0
shrinkage=0.05


Tree=151
num_leaves=31
num_cat=10
split_feature=9 0 8 0 3 0 9 3 3 9 0 5 0 6 8 3 0 3 5 0 7 0 9 9 7 3 1 9 0 5
split_gain=2.24945 5.87134 5.06853 6.93942 6.60964 5.21077 4.50786 5.62753 4.06976 4.06648 12.4505 4.47892 7.55012 8.25944 6.55087 5.59469 4.48835 5.04302 5.66727 4.06364 13.2145 20.6496 8.35455 12.0783 14.0503 11.4095 10.883 15.6069 13.7249 11.1621
threshold=0.73000000000000009 0 1.5000000000000002 1 2.5000000000000004 2 0.69000000000000006 1.5000000000000002 6.5000000000000009 0.69000000000000006 3 3.5000000000000004 4 1.0000000180025095e-35 3.5000000000000004 2.5000000000000004 5 6.5000000000000009 2.5000000000000004 6 4.5000000000000009 7 2.8450000000000002 3.2250000000000005 5.5000000000000009 3.5000000000000004 8 1.6900000000000002 9 6.5000000000000009
decision_type=2 1 2 1 2 1 2 2 2 2 1 2 1 2 2 2 1 2 2 1 2 1 2 2 2 2 1 2 1 2
left_child=1 2 -1 6 5 -5 -4 -8 -9 -3 11 12 13 15 -14 -11 -17 18 -18 20 -2 22 26 25 -25 -24 -22 28 29 -28
right_child=19 9 3 4 -6 -7 7 8 -10 10 -12 -13 14 -15 -16 16 17 -19 -20 -21 21 -23 23 24 -26 -27 27 -29 -30 -31
leaf_value=-0.00087401451591124265 0.0004166456739557664 -0.00013319433002787851 -0.00022684414343383661 0.0060501776500802816 0.00025561480666550532 0.0012687957941801284 -0.011050936087619428 -0.0010031962220261737 -0.0087681515013227369 0.0025338314807949926 -0.0001467483908565501 0.0014705196379081291 0.00050708394500819721 0.0022788891121888117 0.019743385716624883 0.0086364714669123783 0.017440527808535233 0.0043744126385128175 0.037887236475944525 -0.00010740729084959182 -0.0023215443049185167 0.00072917631441069876 -0.066851101513020691 0.028138950653374198 -0.029765288870442996 -0.020928263909330495 0.016033152966863581 -0.043272323851905221 -0.017818523040724867 -0.015292645618319512
leaf_weight=38026 98963 60093 3230 1026 5854 1307 215 1025 202 156 17634 6188 1169 521 46 300 91 37 54 110581 484 1265 21 20 22 38 72 41 208 47
leaf_count=38026 98963 60093 3230 1026 5854 1307 215 1025 202 156 17634 6188 1169 521 46 300 91 37 54 110581 484 1265 21 20 22 38 72 41 208 47
internal_value=-6.61938e-08 -0.0001578 -0.000583712 0.000274303 0.00115107 0.00340291 -0.00126188 -0.00358904 -0.00228153 9.34196e-05 0.000613302 0.00217631 0.00402515 0.00689028 0.00122529 0.010764 0.0134277 0.0197649 0.0250552 0.000102109 0.000331069 -0.00348572 -0.00899379 -0.0226852 -0.00219184 -0.0372737 -0.00747631 -0.0138174 -0.0105468 0.003377
internal_weight=348936 137174 50885 12859 8187 2333 4672 1442 1227 86289 26196 8562 2374 1159 1215 638 482 182 145 211762 101181 2218 953 101 42 59 852 368 327 119
internal_count=348936 137174 50885 12859 8187 2333 4672 1442 1227 86289 26196 8562 2374 1159 1215 638 482 182 145 211762 101181 2218 953 101 42 59 852 368 327 119
cat_boundaries=0 3 6 9 12 15 18 21 23 24 26
cat_threshold=306729271 308333264 3 4198436 268451920 1 524290 4196992 2 68420608 2693014541 4 1310720 537142272 4 1310720 262144 4 719934261 451463792 3 37749553 176177264 9 37748992 8404992
is_linear=0
shrinkage=0.05


Tree=152
num_leaves=31
num_cat=10
split_feature=9 6 3 0 9 10 5 9 0 9 9 8 9 1 0 0 9 9 9 0 7 5 9 0 5 1 0 9 7 0
split_gain=2.06486 2.37685 4.48517 17.1356 15.3839 12.8381 26.0215 28.5847 21.7431 12.7963 9.38291 9.16289 8.88132 8.48049 22.1291 18.7522 16.316 15.0663 11.9421 11.0582 16.9965 14.9541 10.7937 19.2388 9.88729 7.69114 15.8856 38.9538 13.5634 12.2505
threshold=1.0000000180025095e-35 1.0000000180025095e-35 1.5000000000000002 0 2.6900000000000004 1.0000000180025095e-35 7.5000000000000009 1.2700000000000002 1 1.5350000000000004 1.6900000000000002 1.0000000180025095e-35 1.6900000000000002 2 3 4 2.2700000000000005 1.9300000000000004 0.93000000000000005 5 1.0000000180025095e-35 11.500000000000002 1.2700000000000002 6 7.5000000000000009 7 8 1.1850000000000003 6.5000000000000009 9
decision_type=2 2 2 1 2 2 2 2 1 2 2 2 2 1 1 1 2 2 2 1 2 2 2 1 2 1 1 2 2 1
left_child=-1 2 3 4 -2 13 8 -8 12 -10 11 -9 -7 15 17 18 22 -15 -5 24 21 -21 -17 -24 -20 -4 27 -27 29 -29
right_child=1 -3 25 5 -6 6 7 10 9 -11 -12 -13 -14 14 -16 16 -18 -19 19 20 -22 -23 23 -25 -26 26 -28 28 -30 -31
leaf_value=-0.0014702696092440519 -0.0010899513181687997 -0.00011420963943597402 -0.00022539080312271981 0.0028730547284474312 -0.040380211971700192 -0.0067182570326634605 0.0092174178665855849 0.047050612429912028 0.005858878787998411 0.041337348658729484 0.062249969951808454 0.012316203115579601 -0.0366826679850756 0.0026503836198044544 -0.0031566553647090234 0.0014567111781610537 -0.044688099268823861 0.023340603493599465 0.0083129489254684021 0.018506119924053651 0.0060592494131318144 0.058766027748584748 -0.017052658000274709 -0.00018328803332729474 -0.0052071054502061892 0.0006014571645446519 -0.00010477306066770558 0.0028769830962232616 0.039576355331847751 0.0090855174770671215
leaf_weight=2372 7214 182428 92470 2441 25 294 381 37 433 27 30 39 27 2017 2951 4960 20 92 390 298 384 25 218 665 207 13416 31766 1465 31 1813
leaf_count=2372 7214 182428 92470 2441 25 294 381 37 433 27 30 39 27 2017 2951 4960 20 92 390 298 384 25 218 665 207 13416 31766 1465 31 1813
internal_value=-6.81993e-08 9.99435e-06 0.00014804 0.00079265 -0.00122395 0.0017084 0.00653623 0.0156069 0.000880158 0.00777235 0.0385727 0.0292264 -0.00895952 0.00129221 -0.000365621 0.00216343 0.000394994 0.00353618 0.00492358 0.00879977 0.0129857 0.0216222 0.000549985 -0.00454329 0.00356537 4.20617e-05 0.000552013 0.00179877 0.0066586 0.0063473
internal_weight=348936 346564 164136 23175 7239 15936 1268 487 781 460 106 76 321 14668 5060 9608 5863 2109 3745 1304 707 323 5843 883 597 140961 48491 16725 3309 3278
internal_count=348936 346564 164136 23175 7239 15936 1268 487 781 460 106 76 321 14668 5060 9608 5863 2109 3745 1304 707 323 5843 883 597 140961 48491 16725 3309 3278
cat_boundaries=0 3 5 6 8 10 12 15 16 18 20
cat_threshold=2592679936 159923212 5 1094763990 2181349395 5 71325153 104890737 18272768 3490136706 36864 268649088 1073741860 34603009 2 5 2428346434 390108033 268730432 322961665
is_linear=0
shrinkage=0.05


Tree=153
num_leaves=31
num_cat=14
split_feature=3 0 0 9 0 8 5 9 10 0 9 1 9 0 5 7 0 0 3 5 0 0 6 5 0 0 5 3 0 0
split_gain=2.14162 14.3499 13.4042 12.0134 24.5267 14.1833 12.4444 11.3412 10.3938 18.3474 17.5083 10.593 11.0771 22.7719 18.0077 17.2269 24.8461 17.0829 16.7031 11.6228 10.8104 10.6369 10.2952 10.2584 18.3388 10.3222 10.6483 10.1159 24.0219 15.3056
threshold=3.5000000000000004 0 1 1.5350000000000004 2 6.5000000000000009 5.5000000000000009 2.5850000000000004 1.0000000180025095e-35 3 1.9300000000000004 4 1.4150000000000003 5 1.5000000000000002 2.5000000000000004 6 7 1.5000000000000002 8.5000000000000018 8 9 3.5000000000000004 2.5000000000000004 10 11 4.5000000000000009 2.5000000000000004 12 13
decision_type=2 1 1 2 1 2 2 2 2 1 2 1 2 1 2 2 1 1 2 2 1 1 2 2 1 1 2 2 1 1
left_child=1 3 -2 -1 6 -6 -5 -8 11 -10 22 20 21 14 17 27 19 18 -14 -17 -3 -13 23 24 -11 26 -25 29 -29 -15
right_child=2 8 -4 4 5 -7 7 -9 9 10 -12 12 13 15 -16 16 -18 -19 -20 -21 -22 -23 -24 25 -26 -27 -28 28 -30 -31
leaf_value=0.00010371061132968983 -0.00036206199913399332 -0.0014809507560533881 0.0004653078011197397 0.0013723476443380344 0.0035928777009667985 -0.015647565656024771 -0.0043395098089676933 -0.021770238212429655 -0.0035920677773303789 0.0047716459164057652 0.015389568728869388 -0.0018658331961843592 -0.0042967982590198517 0.0012305707023790194 -0.00094936237603777918 -0.0036237918127041595 -0.022747871064190829 0.0014710375583753274 0.040431181423184352 0.033732557517510878 0.00070365553309185774 -0.00018039227438216882 -0.0096092150451419934 0.022207498922596561 -0.011543909648218732 0.0024360767488039435 0.0061003450706673436 -0.018632698615096432 -0.0034371437690193839 -0.0064588943600220571
leaf_weight=61173 86304 8250 113088 1192 7634 97 1227 101 1456 351 261 16400 28 1307 2768 91 286 170 82 27 18000 21814 181 134 322 3227 438 367 889 1271
leaf_count=61173 86304 8250 113088 1192 7634 97 1227 101 1456 351 261 16400 28 1307 2768 91 286 170 82 27 18000 21814 181 134 322 3227 438 367 889 1271
internal_value=-7.73424e-08 -0.000143111 0.000107198 0.00036911 0.00195324 0.00334714 -0.00232709 -0.00566519 -0.000611395 0.00132414 0.00278244 -0.000783318 -0.00124463 -0.00303158 0.000272073 -0.00539549 -0.0152286 0.0123565 0.0266254 0.00453917 1.67625e-05 -0.000904255 0.00208125 0.00255441 -0.00313524 0.00356234 0.00970405 -0.00437342 -0.00805296 -0.00258075
internal_weight=348936 149544 199392 71424 10251 7731 2520 1328 78120 6370 4914 71750 45500 7286 3048 4238 404 280 110 118 26250 38214 4653 4472 673 3799 572 3834 1256 2578
internal_count=348936 149544 199392 71424 10251 7731 2520 1328 78120 6370 4914 71750 45500 7286 3048 4238 404 280 110 118 26250 38214 4653 4472 673 3799 572 3834 1256 2578
cat_boundaries=0 3 6 8 10 11 14 16 19 21 24 27 30 32 34
cat_threshold=2096965665 1423102853 1 2096982017 1414697857 1 537133057 335561344 644 526448 12 33796 2299071578 2 16770 2105344 4 17367056 2 135194 537460824 34368 2835680290 2 16830802 168108032 2 131080 8 2 20496 572522496 2197835792 539230240
is_linear=0
shrinkage=0.05


Tree=154
num_leaves=31
num_cat=9
split_feature=6 0 1 0 3 0 8 8 9 5 0 3 3 9 3 0 0 9 8 7 5 6 0 9 9 9 9 9 0 9
split_gain=2.00133 8.289 7.77857 13.9127 7.69328 6.7208 7.00251 6.55005 6.51511 6.15904 12.9628 5.97074 5.59438 4.87671 4.83031 13.0145 12.8319 9.84354 7.80143 4.9727 12.4481 10.6261 8.33829 7.71977 7.44992 8.21115 5.85939 6.02621 5.84114 12.2673
threshold=4.5000000000000009 0 1 2 2.5000000000000004 3 4.5000000000000009 5.5000000000000009 4.2700000000000005 10.500000000000002 4 4.5000000000000009 4.5000000000000009 3.5350000000000006 4.5000000000000009 5 6 2.2700000000000005 1.0000000180025095e-35 1.0000000180025095e-35 1.5000000000000002 5.5000000000000009 7 1.9300000000000004 2.8450000000000002 3.3650000000000007 2.6900000000000004 2.2700000000000005 8 2.0700000000000007
decision_type=2 1 1 1 2 1 2 2 2 2 1 2 2 2 2 1 1 2 2 2 2 2 1 2 2 2 2 2 1 2
left_child=-1 2 3 4 -2 7 -7 -4 9 14 13 -8 -12 -11 16 -16 -3 -17 -19 28 21 23 26 -21 -24 -26 27 -22 -18 -30
right_child=1 8 5 -5 -6 6 11 -9 -10 10 12 -13 -14 -15 15 17 19 18 -20 20 22 -23 24 -25 25 -27 -28 -29 29 -31
leaf_value=1.6248607650466522e-05 -0.0086836417216336597 -0.0085590409458292504 0.00039739499994821415 -0.010143551761730318 0.0086911391578379914 0.0043726462992808536 0.008746873336049784 -0.025465592831373215 -0.028510857063035175 0.002257133488032202 -0.0087896086197150388 0.041319503883520764 -0.022376730189924796 -0.02073679742217064 -0.0045087873597101239 0.0016721324976042237 -0.013242448346072548 0.034410898978026898 0.010055444577248791 0.015396726814215073 0.0071149104110458314 -0.0019783577236991662 -0.0012964969598308054 0.057457549520768231 -0.041664350343247253 -0.0014695759241779647 0.020505256584057441 -0.018357239610382488 -0.0044618362763829194 0.023843790724387637
leaf_weight=342506 87 640 1179 366 238 1037 34 25 24 297 190 24 126 25 564 443 104 41 166 20 136 26 196 24 27 24 65 28 228 46
leaf_count=342506 87 640 1179 366 238 1037 34 25 24 297 190 24 126 25 564 443 104 41 166 20 136 26 196 24 27 24 65 28 228 46
internal_value=-1.58339e-07 -0.000874105 0.00105147 -0.0035677 0.00391945 0.00244928 0.00527013 -0.000138477 -0.00254345 -0.00236846 -0.00679866 0.0222252 -0.0137715 0.000457677 -0.00135101 0.00101545 -0.0031879 0.0057891 0.0148795 0.00061831 0.00367697 0.023364 0.00078182 0.038339 -0.00550319 -0.0227492 0.00747476 0.00276601 -0.0037834 0.000279985
internal_weight=348936 6430 2990 691 325 2299 1095 1204 3440 3416 638 58 316 322 2778 1214 1564 650 207 924 546 70 476 44 247 51 229 164 378 274
internal_count=348936 6430 2990 691 325 2299 1095 1204 3440 3416 638 58 316 322 2778 1214 1564 650 207 924 546 70 476 44 247 51 229 164 378 274
cat_boundaries=0 3 4 7 10 13 16 19 21 23
cat_threshold=391483753 367100913 1 2 5247305 4227745 1 72417640 79725216 1 3766634512 3255972864 4 545923092 1208357894 4 1073761920 1242583048 6 2148007942 2147746822 2281701376 2147746816
is_linear=0
shrinkage=0.05


Tree=155
num_leaves=31
num_cat=5
split_feature=9 6 0 9 7 9 0 0 9 3 8 3 7 9 8 7 0 9 3 5 6 9 9 5 0 9 9 5 8 8
split_gain=2.05665 1.96074 10.6211 8.23486 6.56707 10.6253 13.3906 10.2102 8.29564 8.03707 16.4687 6.94628 9.80526 6.4244 6.36183 5.47017 46.4204 10.36 19.1844 16.0962 9.85173 15.7086 10.7838 9.89662 7.90503 12.7261 24.3158 20.3865 13.73 23.0576
threshold=4.785000000000001 3.5000000000000004 0 4.3100000000000014 2.5000000000000004 2.0700000000000007 1 2 2.0700000000000007 4.5000000000000009 1.5000000000000002 5.5000000000000009 1.5000000000000002 4.3100000000000014 3.5000000000000004 3.5000000000000004 3 2.5350000000000006 1.5000000000000002 10.500000000000002 6.5000000000000009 3.5350000000000006 2.9300000000000002 2.5000000000000004 4 2.6900000000000004 3.0700000000000007 3.5000000000000004 1.0000000180025095e-35 3.5000000000000004
decision_type=2 2 1 2 2 2 1 1 2 2 2 2 2 2 2 2 1 2 2 2 2 2 2 2 1 2 2 2 2 2
left_child=1 13 4 15 5 -3 -7 8 -6 -10 -11 -8 -13 -1 -9 24 -17 18 -18 -20 21 22 23 -19 25 -4 -27 -28 -29 -30
right_child=-2 2 3 -5 7 6 11 14 9 10 -12 12 -14 -15 -16 16 17 20 19 -21 -22 -23 -24 -25 -26 26 27 28 29 -31
leaf_value=2.3343693240791049e-05 0.013798917609232445 -0.0020515197568858065 0.00097013365623542253 -0.028405967146158218 0.0014530509963099447 -0.0016516448985274155 -0.010737378882115452 -0.0043453513045621601 0.007943667459598595 0.064569478551857171 0.0090007984576125945 -0.017219751094429133 -0.050847340854150914 0.026449713774997261 0.012658081202009211 -0.0085753336423806305 0.039577022610708723 0.064452914893627172 0.0089566280437486899 -0.021450147326910297 -0.0027641363808828777 0.062082793591199094 0.0075265355896829674 0.022836712375283244 -0.00090889903130637884 0.025633918446530204 -0.025068487760921323 -0.01652325302362442 0.035475396052660313 -0.019885102822445336
leaf_weight=332344 27 3011 3037 25 140 400 299 488 69 24 30 96 28 23 62 424 43 20 267 52 33 27 76 50 7495 157 60 35 68 26
leaf_count=332344 27 3011 3037 25 140 400 299 488 69 24 30 96 28 23 62 424 43 20 267 52 33 27 76 50 7495 157 60 35 68 26
internal_value=-2.0265e-07 -1.27048e-06 -0.000532569 0.000260087 -0.0025566 -0.00342765 -0.0084623 0.00151968 0.00941843 0.0192504 0.033698 -0.0145203 -0.0248131 2.51724e-05 -0.00238523 0.000320681 0.00387506 0.0130895 0.00822603 0.00400004 0.0222715 0.0270471 0.0205679 0.0347271 -3.45422e-06 0.00199933 0.0110908 -0.000989994 0.0102093 0.0201629
internal_weight=348936 348909 16542 11895 4647 3834 823 813 263 123 54 423 124 332367 550 11870 992 568 362 319 206 173 146 70 10878 3383 346 189 129 94
internal_count=348936 348909 16542 11895 4647 3834 823 813 263 123 54 423 124 332367 550 11870 992 568 362 319 206 173 146 70 10878 3383 346 189 129 94
cat_boundaries=0 3 6 8 10 13
cat_threshold=1887994426 1140918401 6 1082655242 2048 6 805306400 1073807488 85012805 190846518 101720389 167781412 1
is_linear=0
shrinkage=0.05


Tree=156
num_leaves=31
num_cat=6
split_feature=7 0 0 5 9 0 9 5 9 9 9 3 8 5 5 0 0 9 9 5 5 6 9 0 5 5 9 8 3 3
split_gain=1.95897 48.9488 12.4889 15.1305 12.5294 8.97986 25.5071 9.05618 8.95546 15.4607 7.82182 11.2327 6.28829 5.96786 5.14983 14.4392 12.4212 8.47912 9.40034 10.6729 16.518 8.16745 7.2335 9.07618 7.52396 17.0335 10.5153 7.47256 7.10053 8.15169
threshold=4.5000000000000009 0 1 11.500000000000002 1.8450000000000004 2 2.6900000000000004 4.5000000000000009 2.4150000000000005 1.9300000000000004 3.3650000000000007 3.5000000000000004 1.0000000180025095e-35 9.5000000000000018 3.5000000000000004 3 4 3.0700000000000007 2.2700000000000005 4.5000000000000009 5.5000000000000009 2.5000000000000004 1.0700000000000001 5 5.5000000000000009 4.5000000000000009 1.5350000000000004 1.5000000000000002 2.5000000000000004 4.5000000000000009
decision_type=2 1 1 2 2 1 2 2 2 2 2 2 2 2 2 1 1 2 2 2 2 2 2 1 2 2 2 2 2 2
left_child=-1 5 -3 10 -5 6 8 -8 9 12 14 -12 -2 -14 15 21 22 18 -18 -20 -21 -4 23 -16 25 27 -26 -24 -27 -30
right_child=1 2 3 4 -6 -7 7 -9 -10 -11 11 -13 13 -15 16 -17 17 -19 19 20 -22 -23 24 -25 26 28 -28 -29 29 -31
leaf_value=1.5964637550680901e-05 0.012524971148592724 -0.0085295147345831861 0.00060477880099057859 -0.0060355149656632339 -0.029231707148507913 0.0032586824832543716 0.023220116432224002 0.068180872872471807 -0.025290563125163319 0.037889918998428966 -0.010608376349721636 0.036453167721629147 -0.0074149133896698124 0.017966325979294449 0.0098987258938447089 -0.010006909792760185 -0.004562550224182115 -0.033518954729104579 0.03758726990282802 -0.028549062974494079 0.01823431129946753 0.024138548548022908 -0.017947289639463026 -0.0070033933334151116 0.017778352873416683 0.059397773546251392 -0.0061371076085776528 0.020941063123089926 0.00041886080056428908 0.040872714561269147
leaf_weight=342552 142 1229 204 172 88 2100 21 24 20 41 21 32 115 29 127 484 865 23 28 29 54 45 30 179 83 22 103 21 20 33
leaf_count=342552 142 1229 204 172 88 2100 21 24 20 41 21 32 115 29 127 484 865 23 28 29 54 45 30 179 83 22 103 21 20 33
internal_value=-2.08479e-07 -0.000868024 -0.00436591 -0.00241964 -0.0138865 0.00459405 0.0114888 0.0471992 0.00718885 0.00917535 -0.00118902 0.0178061 0.00505893 -0.00230341 -0.00161742 -0.00509387 -4.15161e-05 -0.00347707 -0.00280475 0.0108935 0.00188831 0.00467031 0.00547968 0.000106157 0.0109255 0.0203593 0.00453485 -0.00193444 0.035519 0.0256071
internal_weight=348936 6384 3892 2663 260 2492 392 45 347 327 2403 53 286 144 2350 733 1617 999 976 111 83 249 618 306 312 126 186 51 75 53
internal_count=348936 6384 3892 2663 260 2492 392 45 347 327 2403 53 286 144 2350 733 1617 999 976 111 83 249 618 306 312 126 186 51 75 53
cat_boundaries=0 3 5 7 10 12 14
cat_threshold=834018306 3223201417 5 4210713 42029154 2 131081 2281807872 16810240 2 1141375232 153094420 524288 18874388
is_linear=0
shrinkage=0.05


Tree=157
num_leaves=31
num_cat=7
split_feature=9 6 0 9 8 0 0 7 5 0 9 0 7 3 3 9 5 6 9 0 0 6 7 9 6 7 5 3 8 6
split_gain=1.93506 2.65961 2.59623 2.23024 2.14228 18.1733 17.6782 13.7842 8.55157 9.88428 7.56098 30.4814 15.2255 18.5578 14.8687 14.6437 13.2018 14.4874 12.7257 10.0631 8.72962 14.1354 7.30567 7.01642 18.7016 16.1852 16.14 12.4901 7.88178 10.9474
threshold=0.15500000000000005 1.0000000180025095e-35 0 1.0000000180025095e-35 1.0000000180025095e-35 1 2 8.5000000000000018 4.5000000000000009 3 2.0700000000000007 4 1.0000000180025095e-35 5.5000000000000009 1.5000000000000002 1.9300000000000004 2.5000000000000004 2.5000000000000004 2.6900000000000004 5 6 1.0000000180025095e-35 1.5000000000000002 3.3650000000000007 1.0000000180025095e-35 2.5000000000000004 3.5000000000000004 6.5000000000000009 2.5000000000000004 3.5000000000000004
decision_type=2 2 1 2 2 1 1 2 2 1 2 1 2 2 2 2 2 2 2 1 1 2 2 2 2 2 2 2 2 2
left_child=1 2 3 -1 5 8 7 23 9 -2 15 12 18 16 -13 -11 17 -14 -12 -16 21 -17 -18 -6 -25 27 -27 -26 29 -28
right_child=4 -3 -4 -5 6 -7 -8 -9 -10 10 11 14 13 -15 19 20 22 -19 -20 -21 -22 -23 -24 24 25 26 28 -29 -30 -31
leaf_value=-0.001395844236303085 -0.0012592837546428445 -0.0028555206567189031 -0.001152011983174961 0.0011685957597126657 -0.00068943994309258972 0.00039616399209274476 0.00047012655849827775 0.038072219248051237 -0.0010639406311467592 0.00068728607870027856 0.015231817330305392 0.026410355585429708 0.085788746893405918 0.0017154814664363154 -0.019699075897889481 -0.060978325325995689 0.045075912997126578 0.035328246352693181 -0.027371461720516285 0.00070745667708771573 -0.0024067748019448911 -0.014599049975083251 0.005794764608787052 0.048252712845802313 0.017876130824860854 0.012100278135648995 0.0068541034013032912 -0.017857512510542212 -0.053408709112554791 -0.040944145133961801
leaf_weight=1143 9947 1224 5053 3283 52039 84987 122812 23 48967 18362 65 33 25 42 109 20 20 33 24 130 153 92 29 25 156 43 25 29 20 23
leaf_count=1143 9947 1224 5053 3283 52039 84987 122812 23 48967 18362 65 33 25 42 109 20 20 33 24 130 153 92 29 25 156 43 25 29 20 23
internal_value=-2.15803e-07 -0.000662127 -0.000378899 0.000505196 2.07296e-05 -0.000109712 0.00014212 -0.000626862 -0.000660509 1.84978e-05 0.000682962 0.00668964 0.0192956 0.0298803 -0.00487094 0.000518869 0.0409357 0.0570785 0.00374329 -0.00939392 -0.0111509 -0.0210056 0.0218279 -0.000643981 0.00672555 0.00321819 -0.0118759 0.0122746 -0.0270373 -0.0160492
internal_weight=348936 10703 9479 4426 338233 163038 175195 52383 78051 29084 19137 510 238 149 272 18627 107 58 89 239 265 112 49 52360 321 296 111 185 68 48
internal_count=348936 10703 9479 4426 338233 163038 175195 52383 78051 29084 19137 510 238 149 272 18627 107 58 89 239 265 112 49 52360 321 296 111 185 68 48
cat_boundaries=0 2 5 8 10 13 15 18
cat_threshold=3764724155 1660767498 1347885549 3093301165 3 789102594 1126080514 4 4198409 6293125 1075185796 2684354568 1 65600 402653440 131428 536871168 1
is_linear=0
shrinkage=0.05


Tree=158
num_leaves=31
num_cat=9
split_feature=3 0 9 0 0 8 0 9 10 0 9 3 9 6 5 10 9 0 3 9 0 1 0 5 8 8 6 5 10 5
split_gain=1.92939 13.1361 14.5551 29.2679 12.1664 10.4217 36.7658 15.4738 9.61061 14.0569 17.1966 11.0933 13.7506 9.6594 9.33419 18.4584 15.8964 12.8761 12.8488 26.5718 20.0824 20.0491 23.5005 13.8841 11.4987 9.89499 9.89916 9.47615 9.25651 24.5149
threshold=3.5000000000000004 0 1.6900000000000002 1 2 4.5000000000000009 3 2.0700000000000007 1.0000000180025095e-35 4 2.0700000000000007 1.5000000000000002 2.5350000000000006 3.5000000000000004 4.5000000000000009 1.0000000180025095e-35 3.5350000000000006 5 2.5000000000000004 2.0700000000000007 6 7 8 1.5000000000000002 2.5000000000000004 2.5000000000000004 1.5000000000000002 1.5000000000000002 1.0000000180025095e-35 11.500000000000002
decision_type=2 1 2 1 1 2 1 2 2 1 2 2 2 2 2 2 2 1 2 2 1 1 1 2 2 2 2 2 2 2
left_child=1 8 -3 -4 5 -2 7 -7 -1 -10 13 12 -12 -11 15 16 18 28 21 20 -20 23 24 -5 -23 26 -17 -21 -16 -30
right_child=4 2 3 14 -6 6 -8 -9 9 10 11 -13 -14 -15 17 25 -18 -19 19 27 -22 22 -24 -25 -26 -27 -28 -29 29 -31
leaf_value=-0.00079894272748506294 0.00058201105844712443 8.0549748728907193e-05 -0.0011218167726964184 -0.029597446551689735 -0.0002718658986754131 0.0011593147719025569 -0.0099752269249901993 0.018646528424784346 -0.0025989419003839501 0.0026982861825814546 0.058388088523380226 0.0074380178060947048 0.014485919170658149 -0.0098020408760976074 0.0058241424949007671 -0.039186426555471762 -0.023722828324470258 0.00032014268694170457 -0.0045285342635413717 0.0082160130085853437 0.021912416036466147 0.030792888096686812 0.0083792566955530265 0.004673782395214209 0.011761875605689141 0.015920829653207746 -0.0063770531068569909 -0.013915711532164582 0.0077329344299089699 0.062500694856323577
leaf_weight=65600 93464 70055 3497 39 104160 669 943 156 1638 3853 31 99 42 161 985 35 36 1656 108 65 209 292 517 122 109 28 67 189 84 27
leaf_count=65600 93464 70055 3497 39 104160 669 943 156 1638 3853 31 99 42 161 985 35 36 1656 108 65 209 292 517 122 109 28 67 189 84 27
internal_value=-2.37893e-07 -0.000135999 0.000312078 0.00232359 0.000101583 0.000510018 -0.00329296 0.0044125 -0.00062604 0.00132042 0.00285347 0.0183419 0.0331293 0.0021969 0.00495281 0.007746 0.00914575 0.00312762 0.00986289 0.00379759 0.0134525 0.0130726 0.0158291 -0.00341578 0.0249965 -0.0104077 -0.0176352 -0.00825208 0.00730006 0.0210548
internal_weight=348936 149544 78120 8065 199392 95232 1768 825 71424 5824 4186 172 73 4014 4568 1816 1686 2752 1650 571 317 1079 918 161 401 130 102 254 1096 111
internal_count=348936 149544 78120 8065 199392 95232 1768 825 71424 5824 4186 172 73 4014 4568 1816 1686 2752 1650 571 317 1079 918 161 401 130 102 254 1096 111
cat_boundaries=0 3 5 8 11 14 17 20 21 23
cat_threshold=2197997534 2871862392 6 677183521 335696384 2164430846 724378746 6 2164295126 134283280 6 644 17301616 4 1140850688 1073776645 1 1084227584 2053 1 1 1352663040 8390790
is_linear=0
shrinkage=0.05


Tree=159
num_leaves=31
num_cat=5
split_feature=7 0 5 9 8 9 3 6 0 7 9 0 9 7 3 3 8 8 0 9 5 9 7 9 0 8 7 5 6 3
split_gain=1.90936 36.8488 18.7935 13.3578 9.89007 9.33748 8.40049 8.19597 8.11815 9.00524 7.59792 7.07618 6.32283 6.16954 6.15833 5.46382 5.98851 4.73367 12.2738 7.40415 4.5734 4.56623 10.5669 4.361 9.65321 5.12823 9.75862 4.76706 4.32828 6.57876
threshold=5.5000000000000009 0 11.500000000000002 1.6900000000000002 3.5000000000000004 1.8450000000000004 4.5000000000000009 1.5000000000000002 1 8.5000000000000018 0.69000000000000006 2 1.2700000000000002 6.5000000000000009 1.5000000000000002 1.5000000000000002 1.0000000180025095e-35 1.5000000000000002 3 1.0700000000000001 5.5000000000000009 2.2700000000000005 6.5000000000000009 1.0700000000000001 4 2.5000000000000004 6.5000000000000009 6.5000000000000009 2.5000000000000004 2.5000000000000004
decision_type=2 1 2 2 2 2 2 2 1 2 2 1 2 2 2 2 2 2 1 2 2 2 2 2 1 2 2 2 2 2
left_child=-1 2 5 6 8 11 -4 21 9 14 -10 13 -6 -2 -3 16 -12 18 -13 -20 -21 -7 -23 -17 -25 26 -26 -28 29 -14
right_child=1 4 3 -5 12 7 -8 -9 10 -11 15 17 28 -15 -16 23 -18 -19 19 20 -22 22 -24 24 25 -27 27 -29 -30 -31
leaf_value=9.5147405106885187e-06 0.0032285646113843938 0.0099232369085533161 -0.017516534715890885 -0.032119153867153305 0.0047435106166327998 0.038100321397033274 0.0223594379012606 0.0096860114745519112 0.0023039135976101865 0.028592054098844528 -0.0064566541516828226 -0.0074096438178094109 -0.0063690810464322569 -0.014533772690011163 -0.0044633244674151173 -0.016552423862862941 -0.0355933420939578 0.017617151272398504 0.0062109403731762484 0.017115840959983569 0.045293711777776482 0.035797097514672527 -0.011444908650591971 -0.018146191725931463 -0.0047783750889262532 -0.017251194175332784 0.0096269499964830359 0.03892167884679068 -0.012154803181496952 -0.03985609916800803
leaf_weight=346541 148 89 25 52 24 49 28 202 121 25 29 110 20 73 453 152 45 110 101 36 24 29 20 102 123 36 41 21 52 55
leaf_count=346541 148 89 25 52 24 49 28 202 121 25 29 110 20 73 453 152 45 110 101 36 24 29 20 102 123 36 41 21 52 55
internal_value=-2.08627e-07 -0.00140712 0.00584737 -0.0141147 -0.00666439 0.00823595 0.00355002 0.0154424 -0.00523779 -0.000734691 -0.00890476 0.00464471 -0.0187925 -0.00252441 -0.00210096 -0.0115374 -0.0241749 0.00864259 0.0053187 0.0136288 0.028387 0.0273075 0.0165146 -0.00956856 -0.00628203 1.41865e-05 0.0033747 0.0195494 -0.0232403 -0.0309262
internal_weight=348936 2395 1007 105 1388 902 53 300 1237 567 670 602 151 221 542 549 74 381 271 161 60 98 49 475 323 221 185 62 127 75
internal_count=348936 2395 1007 105 1388 902 53 300 1237 567 670 602 151 221 542 549 74 381 271 161 60 98 49 475 323 221 185 62 127 75
cat_boundaries=0 3 6 9 11 13
cat_threshold=3741752338 21431705 6 10559877 3232795136 1 3690991616 393232 2 295936 4260097 1048608 336084996
is_linear=0
shrinkage=0.05


Tree=160
num_leaves=31
num_cat=7
split_feature=9 6 0 9 0 0 9 8 1 3 8 6 5 9 0 0 9 3 3 9 8 3 6 0 8 3 7 5 3 6
split_gain=1.85605 1.86465 27.0727 11.8326 15.5615 9.69096 9.34417 8.76716 9.05958 7.44406 12.0066 17.5431 7.35369 7.22435 14.5217 7.31295 7.18194 6.8066 6.76744 6.33323 6.28185 12.5907 5.71317 5.35844 7.4229 17.9382 7.48709 6.97484 7.05776 5.0306
threshold=4.785000000000001 5.5000000000000009 0 2.2700000000000005 1 2 2.4150000000000005 2.5000000000000004 3 2.5000000000000004 3.5000000000000004 7.5000000000000009 5.5000000000000009 2.1550000000000007 4 5 2.0700000000000007 3.5000000000000004 1.5000000000000002 3.0700000000000007 1.0000000180025095e-35 5.5000000000000009 6.5000000000000009 6 1.0000000180025095e-35 5.5000000000000009 2.5000000000000004 2.5000000000000004 5.5000000000000009 7.5000000000000009
decision_type=2 2 1 2 1 1 2 2 1 2 2 2 2 2 1 1 2 2 2 2 2 2 2 1 2 2 2 2 2 2
left_child=1 -1 13 5 6 16 -5 8 -7 -8 11 12 19 15 20 -3 29 -9 -16 -11 22 -22 -15 27 -25 26 -26 -20 -29 -4
right_child=-2 2 3 4 -6 7 9 17 -10 10 -12 -13 -14 14 18 -17 -18 -19 23 -21 21 -23 -24 24 25 -27 -28 28 -30 -31
leaf_value=8.3805356136465216e-06 0.013108652167850073 0.0033698692269634777 -0.0028154027692259128 -0.0072872155479022441 0.002102964299191381 -0.0093351568920704408 0.0076360868325210975 0.0031260856142034756 0.0073879314447211483 0.023774874508632599 0.00030510196291808306 -0.0020920029638902002 0.066079849377274513 -0.024094450354043926 0.017732484808022326 -0.007644653388805398 -0.028089890327002556 0.041924369134582008 -0.017663849741220476 0.058153305805864787 -0.018992507732220238 -0.051559827700257299 0.0075697034468938567 0.0061151938896407097 -0.049726473157986617 0.011315969146531204 -0.014232146693393588 0.023157292636266601 -0.0091783510590041136 -0.028831307590007783
leaf_weight=346504 27 233 262 28 368 113 53 20 229 37 28 23 32 28 33 402 37 26 30 21 115 40 29 34 39 29 24 45 27 20
leaf_count=346504 27 233 262 28 368 113 53 20 229 37 28 23 32 28 33 402 37 26 30 21 115 40 29 34 39 29 24 45 27 20
internal_value=-2.34812e-07 -1.24923e-06 -0.00138867 0.00351027 0.00876519 -0.000825376 0.0188644 0.00444735 0.00180553 0.0236113 0.0296161 0.036879 0.0468383 -0.00709095 -0.0118329 -0.00367042 -0.00715376 0.0250556 -0.00330371 0.0362222 -0.0211786 -0.027397 -0.00798462 -0.00649332 -0.0128296 -0.0212254 -0.0362048 0.00236024 0.0110314 -0.0046605
internal_weight=348936 348909 2405 1297 590 707 222 388 342 194 141 113 90 1108 473 635 319 46 261 58 212 155 57 228 126 92 63 102 72 282
internal_count=348936 348909 2405 1297 590 707 222 388 342 194 141 113 90 1108 473 635 319 46 261 58 212 155 57 228 126 92 63 102 72 282
cat_boundaries=0 2 5 8 9 11 13 15
cat_threshold=1047534427 2909471882 2147632128 277887584 2 2156078116 1083191904 2 2 773853202 740426880 574624322 220201088 4194568 2164260874
is_linear=0
shrinkage=0.05


Tree=161
num_leaves=31
num_cat=5
split_feature=8 9 2 9 9 9 7 9 9 0 7 0 3 3 3 5 6 3 7 9 0 9 7 8 0 7 5 8 6 8
split_gain=1.84483 6.81548 3.87651 11.0801 7.40288 3.98834 2.61927 8.11358 1.88846 31.932 20.0776 19.9667 18.9826 14.7639 14.4351 13.7759 12.9547 12.0827 32.2637 16.1396 10.6711 9.91304 21.4703 23.899 9.5413 13.3311 13.1415 9.00808 8.01204 12.3831
threshold=7.5000000000000009 3.0700000000000007 0 1.8450000000000004 2.4150000000000005 2.2700000000000005 1.5000000000000002 1.0700000000000001 3.3100000000000005 1 4.5000000000000009 2 5.5000000000000009 1.5000000000000002 3.5000000000000004 10.500000000000002 7.5000000000000009 4.5000000000000009 1.0000000180025095e-35 3.7900000000000005 3 3.4650000000000003 1.0000000180025095e-35 2.5000000000000004 4 2.5000000000000004 3.5000000000000004 1.0000000180025095e-35 1.5000000000000002 2.5000000000000004
decision_type=2 2 1 2 2 2 2 2 2 1 2 1 2 2 2 2 2 2 2 2 1 2 2 2 1 2 2 2 2 2
left_child=8 2 5 -4 -5 6 7 -2 -1 16 11 17 14 15 -12 -13 20 18 -11 -20 28 22 -22 27 25 26 -23 -24 -10 -30
right_child=1 -3 3 4 -6 -7 -8 -9 9 10 12 13 -14 -15 -16 -17 -18 -19 19 -21 21 24 23 -25 -26 -27 -28 -29 29 -31
leaf_value=-4.1193036466852306e-06 0.011231552323569424 -0.028456015225786432 -0.0084940085162719097 0.039747919363004196 0.0046796727624228767 -0.021909366687759758 0.0097367480793638678 -0.031240886839276012 0.054247302375733858 0.010665921872372136 0.014607129136429114 0.040721155023454012 -0.020215881988406181 -0.0051431677928587922 0.06733167050849824 -0.0067699857056140907 -0.01777772494918994 -0.0079536677342494609 -0.059636612064563312 -0.012363848447799683 -0.012945323293762549 -0.027300146181622277 0.027609270811080933 0.0012817538343369963 -0.002895615290814408 0.040286291596528731 0.020352970321591085 0.069031788452661461 0.0073306715319102463 0.046846517199470153
leaf_weight=347364 23 26 75 27 34 38 29 22 24 34 34 37 22 355 21 26 37 108 65 25 35 23 21 36 197 38 39 35 55 31
leaf_count=347364 23 26 75 27 34 38 29 22 24 34 34 37 22 355 21 26 37 108 65 25 35 23 21 36 197 38 39 35 55 31
internal_value=-2.28978e-07 -0.00410134 -0.00154803 0.00407707 0.0202017 -0.00802593 -0.00198119 -0.00953275 2.99393e-06 0.0019066 -0.00503546 -0.0079646 0.0190371 -0.00115692 0.0347383 0.0211216 0.010647 -0.0193464 -0.0308293 -0.0465053 0.0128159 0.00849381 0.0203855 0.0330658 0.00369478 0.0154249 0.0026752 0.0534983 0.0263114 0.0215748
internal_weight=348936 274 248 136 61 112 74 45 348662 1298 727 650 77 418 55 63 571 232 124 90 534 424 127 92 297 100 62 56 110 86
internal_count=348936 274 248 136 61 112 74 45 348662 1298 727 650 77 418 55 63 571 232 124 90 534 424 127 92 297 100 62 56 110 86
cat_boundaries=0 1 4 7 10 12
cat_threshold=225 1747912841 2276360834 6 2193637414 4194348 1 134545536 32768 2 1612709896 131712
is_linear=0
shrinkage=0.05


Tree=162
num_leaves=31
num_cat=7
split_feature=7 0 0 8 5 5 0 0 0 5 9 7 9 9 8 0 9 8 5 5 6 6 0 9 8 3 9 8 6 6
split_gain=1.83933 43.0425 9.54306 9.60239 9.50093 10.8294 16.1555 14.5701 9.29648 12.7119 11.1145 9.39524 9.28486 15.6374 8.52291 8.25543 7.66258 7.1882 6.90091 12.6357 7.74829 6.81144 11.077 7.44257 6.93401 6.80035 6.74954 7.35781 6.35229 10.792
threshold=4.5000000000000009 0 1 4.5000000000000009 11.500000000000002 4.5000000000000009 2 3 4 9.5000000000000018 3.3650000000000007 7.5000000000000009 3.2250000000000005 2.6900000000000004 1.5000000000000002 5 3.0700000000000007 4.5000000000000009 9.5000000000000018 11.500000000000002 1.5000000000000002 1.0000000180025095e-35 6 1.9300000000000004 2.5000000000000004 5.5000000000000009 1.0700000000000001 1.0000000180025095e-35 1.5000000000000002 2.5000000000000004
decision_type=2 1 1 2 2 2 1 1 1 2 2 2 2 2 2 1 2 2 2 2 2 2 1 2 2 2 2 2 2 2
left_child=-1 8 3 16 5 6 -4 -7 10 17 11 18 13 -8 -13 -11 -3 -10 21 26 -21 24 23 -23 -2 -24 -20 -28 -17 -30
right_child=1 2 4 -5 -6 7 12 -9 9 15 -12 14 -14 -15 -16 28 -18 -19 19 20 -22 22 25 -25 -26 -27 27 -29 29 -31
leaf_value=1.5449825879723334e-05 0.0079394133405392021 -0.0091408431186544622 0.0010534081731340596 -0.038047352020761802 -0.012292917857744865 0.0073965713524219937 -0.010744099024640817 -0.0031535140029131103 0.002964834242778058 0.0011054166204693113 0.035779866305264557 0.0024608260853710819 0.017292509579028077 -0.042209829286087394 -0.037966451328247788 -0.0062647026899547978 0.018438363390473219 0.020281189367071625 0.014857808798615816 0.012110753910019412 -0.016392282166175151 0.0039542726063783373 -0.00097127858953257511 0.022852862387348117 0.028795931036485003 -0.019557692725356901 0.054206304859009485 0.019471281804144383 -0.042782363845035434 -0.0074477177608678951
leaf_weight=342552 262 804 454 28 252 512 483 868 1230 214 33 32 26 43 22 131 26 63 77 64 38 176 213 74 47 64 31 30 40 47
leaf_count=342552 262 804 454 28 252 512 483 868 1230 214 33 32 26 43 22 131 26 63 77 64 38 176 213 74 47 64 31 30 40 47
internal_value=-2.21679e-07 -0.000841122 -0.00456554 -0.0091419 -0.0030482 -0.00208458 -0.00602986 0.000791467 0.00367049 0.00131992 0.00711595 0.00634184 -0.0116634 -0.0133164 -0.0140095 -0.00609815 -0.00827692 0.00380855 0.00736319 0.0148365 0.00149198 0.00521773 0.00176184 0.00918101 0.0111118 -0.00508214 0.0246999 0.0371235 -0.0126404 -0.0236935
internal_weight=348936 6384 3496 858 2638 2386 1006 1380 2888 1725 1163 1130 552 526 54 432 830 1293 1076 240 102 836 527 250 309 277 138 61 218 87
internal_count=348936 6384 3496 858 2638 2386 1006 1380 2888 1725 1163 1130 552 526 54 432 830 1293 1076 240 102 836 527 250 309 277 138 61 218 87
cat_boundaries=0 3 5 7 9 12 15 17
cat_threshold=834116610 3223201673 7 25 41947234 2281710176 755073028 1141375232 874514448 10616834 2148140553 4 823461888 8192 1 2228226 655368
is_linear=0
shrinkage=0.05


Tree=163
num_leaves=31
num_cat=10
split_feature=9 6 0 0 9 0 7 7 0 0 10 5 3 5 5 0 5 0 7 0 1 10 8 9 0 7 5 9 5 6
split_gain=1.8276 5.37091 7.95657 5.58144 5.41475 9.11821 9.88391 4.42494 8.37776 7.57297 11.5888 5.78749 5.13848 4.78116 4.62488 4.36872 4.48968 4.10216 14.5416 12.3847 10.8214 11.4423 10.2579 8.88757 8.46412 9.98011 10.9241 14.8386 9.54399 9.94503
threshold=0.73000000000000009 2.5000000000000004 0 1 0.58500000000000008 2 1.5000000000000002 1.0000000180025095e-35 3 4 1.0000000180025095e-35 3.5000000000000004 2.5000000000000004 8.5000000000000018 6.5000000000000009 5 2.5000000000000004 6 4.5000000000000009 7 8 1.0000000180025095e-35 4.5000000000000009 4.6400000000000015 9 5.5000000000000009 4.5000000000000009 1.8450000000000004 5.5000000000000009 2.5000000000000004
decision_type=2 2 1 1 2 1 2 2 1 1 2 2 2 2 2 1 2 1 2 1 1 2 2 2 1 2 2 2 2 2
left_child=1 3 -3 4 -1 6 7 9 -9 10 -6 -12 13 14 -11 -8 -17 18 -2 20 21 22 24 -19 28 26 27 -26 29 -20
right_child=17 2 -4 -5 5 -7 15 8 -10 12 11 -13 -14 -15 -16 16 -18 23 19 -21 -22 -23 -24 -25 25 -27 -28 -29 -30 -31
leaf_value=-5.1968893405449258e-05 0.00044749083027571953 0.0011779915241708896 -0.0037934366558819094 -0.00040155032903644596 0.0035321232385519745 5.9523688474131166e-05 0.007937746532014664 0.0043536164161138667 -0.0028945836256714774 -0.003420974028220258 0.037186426409717761 0.012913768722986184 0.0018006608013430951 -0.010904185059006343 0.0098265634734689463 0.010108316394480621 0.0015760069589109934 -0.0001000684804505029 0.025704874036918308 -0.00052028864913664997 -0.01582287660527688 0.022880839445703738 -0.035351845954677892 0.032430296497685571 -0.0056480716913938529 0.001416711730669941 -0.0075963431943769331 -0.058990994189662166 -0.0084315438939602649 -0.0047780232048696943
leaf_weight=45179 86536 1233 2301 69572 1567 11348 896 559 1324 353 33 96 1420 167 81 188 857 123273 66 1130 315 37 28 21 22 92 73 32 92 45
leaf_count=45179 86536 1233 2301 69572 1567 11348 896 559 1324 353 33 96 1420 167 81 188 857 123273 66 1130 315 37 28 21 22 92 73 32 92 45
internal_value=-2.01427e-07 -0.000142377 -0.00206632 -9.15001e-05 0.000245211 0.000956139 0.00230227 0.00123961 -0.000735086 0.00223998 0.00469033 0.0191231 0.000159669 -0.00371489 -0.000948507 0.00538001 0.00308152 9.18965e-05 0.000351668 -0.0039385 -0.00864046 -0.00376985 -0.00604491 -9.45201e-05 -0.00410037 -0.0106383 -0.0202087 -0.0372587 0.00331366 0.0133469
internal_weight=348936 137174 3534 133640 64068 18889 7541 5600 1883 3717 1696 129 2021 601 434 1941 1045 211762 88468 1932 802 487 450 123294 422 219 127 54 203 111
internal_count=348936 137174 3534 133640 64068 18889 7541 5600 1883 3717 1696 129 2021 601 434 1941 1045 211762 88468 1932 802 487 450 123294 422 219 127 54 203 111
cat_boundaries=0 3 6 9 12 14 16 19 21 22 24
cat_threshold=2728693842 1296762116 4 3977719304 3776787503 4 68420608 2685673485 4 1310720 8 4 67109888 2684362753 1049600 2148802560 709382965 451431024 3 33554993 176177264 9 33554976 112
is_linear=0
shrinkage=0.05


Tree=164
num_leaves=31
num_cat=7
split_feature=6 0 9 0 9 3 9 5 9 5 5 3 3 0 5 9 0 1 9 3 9 0 7 9 7 8 5 5 0 9
split_gain=1.79183 4.27621 6.69561 17.8858 14.9792 7.05139 6.52657 20.2704 9.94543 9.63776 8.93854 8.59126 6.51038 12.7836 6.33861 19.0219 12.1403 8.06306 14.0485 23.3981 11.4276 7.84288 11.17 10.7597 8.55115 12.0306 8.12187 8.00756 7.63184 11.1005
threshold=1.0000000180025095e-35 0 2.5350000000000006 1 2.6900000000000004 4.5000000000000009 3.0700000000000007 3.5000000000000004 2.6900000000000004 10.500000000000002 5.5000000000000009 4.5000000000000009 5.5000000000000009 2 3.5000000000000004 1.2700000000000002 3 4 1.5350000000000004 6.5000000000000009 1.8450000000000004 5 3.5000000000000004 0.53500000000000003 1.0000000180025095e-35 1.0000000180025095e-35 10.500000000000002 9.5000000000000018 6 1.4150000000000003
decision_type=2 1 2 1 2 2 2 2 2 2 2 2 2 1 2 2 1 1 2 2 2 1 2 2 2 2 2 2 1 2
left_child=1 2 12 4 -4 -6 8 -8 -5 11 -9 -10 -1 -14 15 -15 -17 18 21 -20 -21 -16 24 -24 27 26 -26 -23 -19 -30
right_child=-2 -3 3 6 5 -7 7 10 9 -11 -12 -13 13 14 17 16 -18 28 19 20 -22 22 23 -25 25 -27 -28 -29 29 -31
leaf_value=7.2289446681017856e-05 -0.00010845290664587089 -0.00010966293207435164 0.05946233507222496 0.0091568213251848069 0.027884675724350889 -0.0021438519073211973 -0.024217677166542183 0.055060635081359326 -0.042694551135516831 0.011322262825948809 0.011907465433302735 -0.0088221909908147971 -0.00028351369367942531 0.0024313574268496809 -0.00092287359477654035 0.003348397120995366 0.019394537385404607 0.0028645420278493104 0.033096347612794494 0.0093506624973896477 -0.034620532283390112 0.011169568481595182 -0.0056731721682643354 0.03592287431348045 0.0031170412195703498 -0.0055131608332998541 0.021226493035769695 0.00033834281422019717 3.6505369759519759e-05 -0.008659699598770337
leaf_weight=53061 182428 91993 25 63 46 34 26 21 36 24 28 39 9251 2767 914 220 291 2062 100 45 22 533 22 53 316 419 77 251 3357 412
leaf_count=53061 182428 91993 25 63 46 34 26 21 36 24 28 39 9251 2767 914 220 291 2062 100 45 22 533 22 53 316 419 77 251 3357 412
internal_value=-2.05551e-07 0.000118391 0.000399899 0.00737991 0.0234466 0.0151226 -0.000698107 0.011467 -0.00637318 -0.0162559 0.0304017 -0.0250809 0.000367769 0.0011104 0.00219597 0.00406817 0.0129313 0.00148351 0.00370849 0.017777 -0.00508764 0.00281396 0.00483451 0.0237214 0.00397726 0.000381048 0.0066652 0.00770192 0.000426311 -0.000911682
internal_weight=348936 166508 74515 342 105 80 237 75 162 99 49 75 74173 21112 11861 3278 511 8583 2752 167 67 2585 1671 75 1596 812 393 784 5831 3769
internal_count=348936 166508 74515 342 105 80 237 75 162 99 49 75 74173 21112 11861 3278 511 8583 2752 167 67 2585 1671 75 1596 812 393 784 5831 3769
cat_boundaries=0 3 5 7 10 11 13 15
cat_threshold=1220579358 2398089479 4 1207963648 2147524868 1073774596 13136135 146800642 100663296 4 1 138416128 2195456 138412050 98304
is_linear=0
shrinkage=0.05


Tree=165
num_leaves=31
num_cat=12
split_feature=8 0 0 7 9 3 0 1 0 9 9 3 7 3 3 9 0 9 9 1 3 6 0 7 0 0 0 0 5 6
split_gain=1.76186 15.598 15.508 12.5825 7.5292 7.78623 15.5522 13.1088 12.1713 18.9605 15.0897 16.8977 19.0823 15.1089 13.7709 15.743 15.4044 11.9313 19.8864 11.1467 10.7331 15.9401 17.0943 15.4701 14.5119 11.2182 10.1238 9.71301 9.5848 9.00207
threshold=1.0000000180025095e-35 0 1 8.5000000000000018 0.58500000000000008 3.5000000000000004 2 3 4 2.5350000000000006 2.8450000000000002 4.5000000000000009 2.5000000000000004 6.5000000000000009 4.5000000000000009 1.6900000000000002 5 3.2250000000000005 2.9300000000000002 6 1.5000000000000002 1.0000000180025095e-35 7 1.5000000000000002 8 9 10 11 5.5000000000000009 1.0000000180025095e-35
decision_type=2 1 1 2 2 2 1 1 1 2 2 2 2 2 2 2 1 2 2 1 2 2 1 2 1 1 1 1 2 2
left_child=2 3 4 -2 -1 6 20 26 9 14 13 -12 -13 -11 15 19 29 18 -9 27 21 22 -6 25 -25 -23 -8 -7 -19 -17
right_child=1 -3 -4 -5 5 8 7 17 -10 10 11 12 -14 -15 -16 16 -18 28 -20 -21 -22 23 -24 24 -26 -27 -28 -29 -30 -31
leaf_value=-0.00038715873982022447 -0.00061949733637965112 0.0004118257421736358 -0.00057450093777289789 0.03637032902435116 0.010828628157274893 0.010073224564019422 0.013388675125881367 0.00013216688501451924 0.00049633030674274157 0.056725203636579402 0.04727640859782696 0.013069793712248671 -0.04335231488062577 0.0053617917847904291 0.0012832482354421992 0.012171976768877359 0.0063457392347164646 0.050211158997955779 -0.039984624424288351 -0.0006000771402349303 -0.0023507932805936875 5.0236409442361842e-05 0.000414016567063017 -0.0046099788596127497 0.011549143430876679 -0.0082348802375474157 0.0028998420885015955 0.0021756493535721182 0.0058566489626236005 0.044184312646809436
leaf_weight=22624 53904 126544 88117 23 649 870 237 8856 21574 41 20 47 22 22 8418 32 185 21 31 847 7920 776 994 226 340 865 3899 733 29 70
leaf_count=22624 53904 126544 88117 23 649 870 237 8856 21574 41 20 47 22 22 8418 32 185 21 31 847 7920 776 994 226 340 865 3899 733 29 70
internal_value=-1.60456e-07 0.00010839 -0.000116447 -0.000603609 0.00038592 0.000688982 2.09063e-05 0.0012075 0.00119374 0.00252175 0.0200641 0.00680964 -0.00491986 0.0387888 0.00228497 0.00536591 0.0164454 0.000129119 -7.77016e-06 0.00406803 -0.00129697 0.000867519 0.00459631 -0.00190838 0.00521951 -0.00436687 0.00353171 0.0064978 0.0244855 0.0310929
internal_weight=348936 180471 168465 53927 80348 57724 24843 13073 32881 11307 152 89 69 63 11155 2737 287 8937 8887 2450 11770 3850 1643 2207 566 1641 4136 1603 50 102
internal_count=348936 180471 168465 53927 80348 57724 24843 13073 32881 11307 152 89 69 63 11155 2737 287 8937 8887 2450 11770 3850 1643 2207 566 1641 4136 1603 50 102
cat_boundaries=0 3 6 9 10 13 16 17 20 23 26 28 30
cat_threshold=789102594 1126080514 4 2944976402 1201600594 4 125878802 280656 4 4 50381312 17571904 4 512 786432 4 6 8389138 262144 4 16777728 280576 4 100663824 18432 4 0 1073741824 50364416 16785472
is_linear=0
shrinkage=0.05


Tree=166
num_leaves=31
num_cat=7
split_feature=6 0 1 0 9 3 9 9 0 8 9 5 9 5 9 9 7 0 9 8 3 8 0 5 3 5 3 9 9 0
split_gain=1.69868 7.83603 7.27138 13.1172 11.0367 8.60028 6.39459 5.91784 5.85493 7.85535 11.0867 7.32582 9.48461 5.75607 14.5786 11.9165 8.2665 12.1572 15.282 8.44244 5.73315 5.46558 5.25737 7.22275 5.21003 5.1449 11.482 21.7811 13.8631 20.841
threshold=4.5000000000000009 0 1 2 1.5350000000000004 4.5000000000000009 4.2700000000000005 2.4150000000000005 3 4.5000000000000009 3.5850000000000004 1.5000000000000002 2.4150000000000005 3.5000000000000004 2.0700000000000007 1.4150000000000003 1.5000000000000002 4 1.8450000000000004 2.5000000000000004 5.5000000000000009 5.5000000000000009 5 7.5000000000000009 3.5000000000000004 4.5000000000000009 1.5000000000000002 2.3100000000000005 3.2250000000000005 6
decision_type=2 1 1 1 2 2 2 2 1 2 2 2 2 2 2 2 2 1 2 2 2 2 1 2 2 2 2 2 2 1
left_child=-1 2 3 4 -2 -6 25 -5 9 10 11 12 -4 14 15 -13 19 18 -18 22 -19 -10 23 -15 -11 26 27 -3 29 -28
right_child=1 6 8 7 5 -7 -8 -9 21 24 -12 13 -14 16 -16 -17 17 20 -20 -21 -22 -23 -24 -25 -26 -27 28 -29 -30 -31
leaf_value=1.5027034470502784e-05 -0.0033612651940511198 -0.0006384624993767251 0.00024905076217172402 -0.0054166907083751754 0.010143467721839746 0.05084174249321223 -0.027580869644880296 -0.030298008703161034 0.00087812998031351088 0.0066367010652902542 0.038095477013848723 0.00052166506648063657 -0.037886961824868039 -0.020890333199942556 -0.0029184258096430402 0.04013118483757569 -0.00036441160676380004 -0.010645010523498059 0.035765045324961345 -0.021339798338321628 0.013406593203418762 -0.021068555784636532 0.0061888437613318269 0.0046277774211934261 0.040581029954438026 -0.0037820846944465665 0.0077218523499391805 -0.038584905292592807 0.01845887941206201 -0.00584193330276321
leaf_weight=342506 49 132 56 542 27 25 25 25 1303 20 24 28 23 54 73 59 48 75 75 49 37 29 181 57 26 2093 498 53 114 630
leaf_count=342506 49 132 56 542 27 25 25 25 1303 20 24 28 23 54 73 59 48 75 75 49 37 29 181 57 26 2093 498 53 114 630
internal_value=-8.85068e-08 -0.000805246 0.00112912 -0.00341162 0.0124344 0.0297099 -0.00237596 -0.00640086 0.00250645 0.00564096 0.00460169 0.00361537 -0.0108538 0.00516845 0.0135581 0.0273833 0.00283798 0.0100534 0.0200367 -0.00213453 -0.00247813 0.000397329 0.00108827 -0.00714293 0.0258226 -0.00220369 0.000111352 -0.0115096 0.00184233 0.000163
internal_weight=348936 6430 2885 668 101 52 3545 567 2217 885 839 815 79 736 160 87 576 235 123 341 112 1332 292 111 46 3520 1427 185 1242 1128
internal_count=348936 6430 2885 668 101 52 3545 567 2217 885 839 815 79 736 160 87 576 235 123 341 112 1332 292 111 46 3520 1427 185 1242 1128
cat_boundaries=0 3 4 6 8 10 12 15
cat_threshold=391483753 367068145 1 2 256 4194464 302288897 287375680 33587200 2163008 33587200 16777280 10489366 705168396 2
is_linear=0
shrinkage=0.05


Tree=167
num_leaves=31
num_cat=7
split_feature=8 9 2 9 5 5 5 5 9 6 0 9 8 0 0 5 9 0 3 9 7 9 3 0 9 0 5 6 5 3
split_gain=1.66662 5.96873 3.54352 6.2794 9.53282 4.00482 3.25328 2.30234 1.68271 2.36836 2.37463 2.02016 1.91844 15.1818 15.0448 8.27257 8.98407 37.4444 14.5616 17.4667 13.7852 12.6897 11.333 15.3017 10.7722 9.92303 11.5473 12.9374 11.0007 12.7054
threshold=7.5000000000000009 3.0700000000000007 0 1.8450000000000004 4.5000000000000009 2.5000000000000004 5.5000000000000009 10.500000000000002 0.15500000000000005 1.0000000180025095e-35 1 1.0000000180025095e-35 1.0000000180025095e-35 2 3 4.5000000000000009 2.0700000000000007 4 1.5000000000000002 2.9300000000000002 2.5000000000000004 3.5850000000000004 4.5000000000000009 5 2.9300000000000002 6 6.5000000000000009 1.5000000000000002 5.5000000000000009 4.5000000000000009
decision_type=2 2 1 2 2 2 2 2 2 2 1 2 2 1 1 2 2 1 2 2 2 2 2 1 2 1 2 2 2 2
left_child=8 2 3 -2 -5 -4 -7 -8 9 10 -1 -12 14 -14 15 -10 -17 21 19 20 -19 22 23 -18 -24 26 28 -28 -20 -30
right_child=1 -3 5 4 -6 6 7 -9 12 -11 11 -13 13 -15 -16 16 17 18 25 -21 -22 -23 24 -25 -26 -27 27 -29 29 -31
leaf_value=-0.0011843363671707387 -0.0056925489113200459 -0.026689671345341667 -0.025939963356806685 0.03357726261019707 -0.0044450290792156016 0.0076980390482478678 -0.025016044043004518 -0.0010246785054914655 6.5185592546062489e-05 -0.0026840956091083393 -0.0013143485550853506 0.0009880170990105774 0.0007055192113111894 -0.00024444032108562018 0.00035935367279287911 -0.00088786463464219289 -0.025147796495418463 -0.03340614468294692 0.0062386690285699126 0.027925791349262 0.010706994941701062 0.011444658616784256 -0.023008040710994455 0.00030063181572283307 -0.055641714235146848 -0.00047644590948807782 0.026904412606157935 -0.0024786069065700772 0.018505127057433131 0.074864144846796987
leaf_weight=4463 80 26 26 34 32 36 20 20 29114 1224 1279 3735 70333 104590 84999 47637 102 77 29 20 23 37 161 134 30 449 52 134 20 20
leaf_count=4463 80 26 26 34 32 36 20 20 29114 1224 1279 3735 70333 104590 84999 47637 102 77 29 20 23 37 161 134 30 449 52 134 20 20
internal_value=-7.25249e-08 -0.00389808 -0.00150864 0.00348706 0.0151422 -0.00819754 -0.00320638 -0.0130204 2.99077e-06 -0.000614305 -0.000346982 0.000399919 2.25365e-05 0.000137546 -0.000100856 -0.00060208 -0.000999275 -0.00511983 0.00135374 -0.0147291 -0.0232601 -0.016294 -0.0190792 -0.0117511 -0.0281337 0.00411437 0.0117555 0.005736 0.0296856 0.0466846
internal_weight=348936 274 248 146 66 102 76 40 348662 10701 9477 5014 337961 174923 163038 78039 48925 1288 824 120 100 464 427 236 191 704 255 186 69 40
internal_count=348936 274 248 146 66 102 76 40 348662 10701 9477 5014 337961 174923 163038 78039 48925 1288 824 120 100 464 427 236 191 704 255 186 69 40
cat_boundaries=0 1 4 7 10 13 15 18
cat_threshold=142 529718788 2634068213 7 1347885485 404817453 3 1347885549 3089172397 3 1074925761 2147549444 1 1074790401 2147549184 262408 2097696 2
is_linear=0
shrinkage=0.05


Tree=168
num_leaves=31
num_cat=4
split_feature=7 0 5 3 8 0 7 9 0 9 6 9 6 3 8 0 9 3 7 9 9 3 5 5 3 8 9 7 7 5
split_gain=1.65036 32.461 15.0894 11.8158 8.69301 7.10192 7.37379 7.11937 6.66355 12.8118 8.78519 6.09895 5.69161 6.84843 6.10278 9.20942 10.0471 5.6366 9.94384 5.63372 5.84039 5.2438 12.951 4.90145 6.65667 8.48373 7.8702 4.50997 4.40156 4.25281
threshold=5.5000000000000009 0 11.500000000000002 4.5000000000000009 3.5000000000000004 1 8.5000000000000018 0.69000000000000006 2 1.0700000000000001 1.0000000180025095e-35 2.4150000000000005 3.5000000000000004 4.5000000000000009 3.5000000000000004 3 2.4150000000000005 4.5000000000000009 6.5000000000000009 2.6900000000000004 3.0700000000000007 3.5000000000000004 6.5000000000000009 7.5000000000000009 4.5000000000000009 1.5000000000000002 2.2700000000000005 6.5000000000000009 6.5000000000000009 5.5000000000000009
decision_type=2 1 2 2 2 1 2 2 1 2 2 2 2 2 2 1 2 2 2 2 2 2 2 2 2 2 2 2 2 2
left_child=-1 2 8 -4 5 6 -3 -7 9 29 27 17 14 -14 15 28 -17 18 -6 -13 -21 22 -12 24 -23 -26 -27 -11 -10 -2
right_child=1 4 3 -5 11 7 -8 -9 12 10 21 19 13 -15 -16 16 -18 -19 -20 20 -22 23 -24 -25 25 26 -28 -29 -30 -31
leaf_value=8.9341616516332188e-06 0.0095661189582359092 -0.0021572019391292775 -0.025508794556795195 0.0086679089950715618 0.023916269510984422 0.0026645232156235063 0.02509118759861359 -0.011235414299533411 0.0046486926944720947 0.025161228977864786 0.013132336754319518 -0.051822392120957378 0.0044335693347134766 0.040550923835308783 0.018815003157874877 -0.0029156473445780106 -0.035093072387907244 -0.022724755250272299 -0.022754642194403069 -0.00021564732305705549 -0.038426886200904849 -0.01115176433130451 0.056966017152775418 -0.01253615195552508 0.037832401714154654 -0.013692419156432151 0.02838840801268816 0.055171378027825124 0.026471144801804 -0.0053607913966905998
leaf_weight=346541 93 551 66 41 25 112 26 519 68 31 72 20 35 21 43 239 27 42 21 20 20 23 22 24 35 25 20 21 35 98
leaf_count=346541 93 551 66 41 25 112 26 519 68 31 72 20 35 21 43 239 27 42 21 20 20 23 22 24 35 25 20 21 35 98
internal_value=-1.05698e-07 -0.00130811 0.00531911 -0.012413 -0.00637824 -0.00502401 -0.000913539 -0.00863144 0.00741195 0.0115905 0.0187898 -0.0178627 0.00295824 0.0179776 0.000988577 -0.00108876 -0.0059578 -0.0094816 0.00260998 -0.030155 -0.0193213 0.014439 0.0233913 0.00781286 0.0125544 0.0193699 0.00501017 0.0372807 0.0109965 0.00190729
internal_weight=348936 2395 1039 107 1356 1208 577 631 932 464 273 148 468 56 412 369 266 88 46 60 40 221 94 127 103 80 45 52 103 191
internal_count=348936 2395 1039 107 1356 1208 577 631 932 464 273 148 468 56 412 369 266 88 46 60 40 221 94 127 103 80 45 52 103 191
cat_boundaries=0 3 6 9 11
cat_threshold=3741760530 21431705 6 10551685 3232795168 1 100830226 17039752 6 16777216 132112
is_linear=0
shrinkage=0.05


Tree=169
num_leaves=31
num_cat=9
split_feature=9 0 8 0 3 9 6 5 0 0 6 6 5 5 0 0 7 9 0 9 7 5 6 0 1 9 9 3 9 7
split_gain=1.59136 4.43415 12.5137 25.4416 12.8966 15.9826 20.828 15.4937 11.3746 11.2559 9.51705 9.33211 10.5777 12.33 11.9328 11.493 15.0158 14.8449 9.30958 10.7614 9.279 10.3273 9.42732 8.82861 12.6173 15.0499 9.89098 11.2504 8.7925 19.6086
threshold=1.0700000000000001 0 1.5000000000000002 1 1.5000000000000002 2.8450000000000002 3.5000000000000004 3.5000000000000004 2 3 6.5000000000000009 1.5000000000000002 5.5000000000000009 9.5000000000000018 4 5 4.5000000000000009 2.9300000000000002 6 1.4150000000000003 1.0000000180025095e-35 6.5000000000000009 1.5000000000000002 7 8 1.6900000000000002 3.6900000000000004 4.5000000000000009 3.0700000000000007 2.5000000000000004
decision_type=2 1 2 1 2 2 2 2 1 1 2 2 2 2 1 1 2 2 1 2 2 2 2 1 1 2 2 2 2 2
left_child=-1 2 8 4 5 7 -7 9 -2 -4 23 28 14 15 -13 17 -17 -14 20 -20 -9 -22 -23 24 25 -6 -25 -28 -5 -30
right_child=1 -3 3 11 10 6 -8 18 -10 -11 -12 12 13 -15 -16 16 -18 -19 19 -21 21 22 -24 26 -26 -27 27 -29 29 -31
leaf_value=-8.1804984166819795e-05 0.0017916224943618415 -0.00013163567236732638 0.015999887940129194 -0.0036877883191728739 -0.0028368046134585011 0.04619609302737647 -0.010213630348443985 -0.011827947095659623 0.00013672730755813221 -0.0024844429882874422 0.020749994250603351 -0.0080238340631040763 0.014074273922431777 -0.0026298830738211605 -0.00040375017941716995 0.0027817331364937501 -0.032190144632477317 -0.025626147508621216 -0.0046235370716598443 -0.019638548520284505 0.019981323609970611 0.0072790038676407102 -0.020533291832543911 0.0034297024292909029 0.0016536024436686694 -0.022318136336175895 -0.044595355528366305 0.004859049237616684 -0.041058429322847007 0.0096853618975728754
leaf_weight=220079 19959 69497 117 4841 511 36 30 139 21648 232 68 802 405 921 1415 752 32 25 212 273 73 78 50 4722 1771 123 23 23 47 32
leaf_count=220079 19959 69497 117 4841 511 36 30 139 21648 232 68 802 405 921 1415 752 32 25 212 273 73 78 50 4722 1771 123 23 23 47 32
internal_value=-1.00411e-07 0.000139445 0.000456765 -0.000654539 0.00132422 -0.00338586 0.0205553 -0.00473178 0.000931049 0.00409957 0.00213264 -0.00246326 -0.000779323 0.00173259 -0.00319833 0.00504218 0.00133725 0.0114987 -0.00846771 -0.0128111 -0.001841 0.0049738 -0.00358517 0.00195615 -0.000517463 -0.00651357 0.00319823 -0.0198682 -0.0039578 -0.020504
internal_weight=348936 128857 59360 17753 8481 1240 66 1174 41607 349 7241 9272 4352 2135 2217 1214 784 430 825 485 340 201 128 7173 2405 634 4768 46 4920 79
internal_count=348936 128857 59360 17753 8481 1240 66 1174 41607 349 7241 9272 4352 2135 2217 1214 784 430 825 485 340 201 128 7173 2405 634 4768 46 4920 79
cat_boundaries=0 3 6 8 10 12 15 17 19 20
cat_threshold=2990742565 2526632816 5 2957185025 277889344 1 33557540 2248743472 135169 268435712 1056 2147549728 33555460 6144 4 135168 9453632 200704 8404992 1
is_linear=0
shrinkage=0.05


Tree=170
num_leaves=31
num_cat=7
split_feature=6 0 9 7 6 0 7 0 8 5 9 6 0 5 9 5 3 9 9 5 6 6 0 1 3 7 6 0 8 5
split_gain=1.64484 4.05455 4.86014 4.78947 4.55838 8.61139 4.7362 36.3081 11.4542 10.0419 10.674 15.3766 9.41797 12.2978 12.9339 9.40661 7.2965 18.9859 17.5158 12.292 9.24057 7.42594 10.1679 11.8309 8.1514 12.4663 7.1397 7.7116 8.36849 8.9407
threshold=1.0000000180025095e-35 0 4.4650000000000007 7.5000000000000009 1.5000000000000002 1 3.5000000000000004 2 5.5000000000000009 11.500000000000002 2.0700000000000007 3.5000000000000004 3 11.500000000000002 2.2700000000000005 3.5000000000000004 6.5000000000000009 2.8450000000000002 2.5350000000000006 4.5000000000000009 2.5000000000000004 3.5000000000000004 4 5 4.5000000000000009 4.5000000000000009 6.5000000000000009 6 3.5000000000000004 4.5000000000000009
decision_type=2 1 2 2 2 1 2 1 2 2 2 2 1 2 2 2 2 2 2 2 2 2 1 1 2 2 2 1 2 2
left_child=-1 3 4 -2 5 -3 -6 8 12 26 -11 -12 13 14 -8 -16 18 -18 21 -20 -21 22 -14 -24 -25 -26 27 -9 -29 -30
right_child=1 2 -4 -5 6 -7 7 9 -10 10 11 -13 16 -15 15 -17 17 -19 19 20 -22 -23 23 24 25 -27 -28 28 29 -31
leaf_value=0.00011354517833039651 -0.00042631488696555576 0.0015098963154531978 0.021676312774742166 -0.014006101058531875 -0.00012782392475500665 5.1213443865025856e-05 0.00731508282722226 -0.0098785751894734167 0.027371970315444027 -0.008080900959338588 -0.049743358758179118 0.00090497214008461349 0.0036872180508444544 -0.019650114770047369 0.00622137868963182 0.043912100999102914 -0.0027904067648305275 -0.052348545583134343 0.0024500673551422856 0.053020555019378662 0.018616721795850926 0.0075444182170735265 0.0004728939073781173 -0.021175314022196731 -0.019343368498431074 0.022080914955586197 -0.029480243924885026 -0.0012687233778530963 -0.0035490421776878927 -0.031401105225086212
leaf_weight=166508 59812 12994 26 65 60153 45606 244 584 47 101 47 22 353 32 25 49 159 22 105 25 89 217 254 178 42 32 31 996 68 50
leaf_count=166508 59812 12994 26 65 60153 45606 244 584 47 101 47 22 353 32 25 49 159 22 105 25 89 217 254 178 42 32 31 996 68 50
internal_value=-8.31607e-08 -0.000103795 6.09814e-05 -0.000440983 5.63996e-05 0.000374929 -0.000235596 -0.00195427 0.00298434 -0.00680513 -0.0184365 -0.0335946 0.00237296 0.00962029 0.0128683 0.0311787 0.000585277 -0.00881405 0.00190352 0.014793 0.0261614 -0.000719884 -0.00280761 -0.00726782 -0.0147902 -0.00143016 -0.00570087 -0.00526673 -0.0027358 -0.0153508
internal_weight=348936 182428 122551 59877 122525 58600 63925 3772 1873 1899 170 69 1826 350 318 74 1476 181 1295 219 114 1076 859 506 252 74 1729 1698 1114 118
internal_count=348936 182428 122551 59877 122525 58600 63925 3772 1873 1899 170 69 1826 350 318 74 1476 181 1295 219 114 1076 859 506 252 74 1729 1698 1114 118
cat_boundaries=0 3 5 8 10 12 13 16
cat_threshold=12619802 2261709057 4 17311872 1073742936 942416896 2014383706 1 134225920 536872960 0 1209008722 6 2181040224 16777248 2
is_linear=0
shrinkage=0.05


Tree=171
num_leaves=31
num_cat=7
split_feature=8 0 0 7 9 6 7 5 5 7 3 0 5 9 10 0 9 0 5 5 0 7 0 6 9 7 5 9 6 7
split_gain=1.55541 13.3403 13.1972 11.3417 7.36873 15.7955 16.7258 15.3827 10.0687 8.46721 7.31823 24.4882 10.9568 11.5651 16.4953 14.801 16.9552 17.3731 14.8008 14.1445 13.604 13.033 12.7349 12.6379 12.2629 11.2434 15.4243 10.2808 9.71996 9.53475
threshold=1.0000000180025095e-35 0 1 8.5000000000000018 3.3650000000000007 1.0000000180025095e-35 2.5000000000000004 3.5000000000000004 5.5000000000000009 7.5000000000000009 1.5000000000000002 2 1.5000000000000002 0.84500000000000008 1.0000000180025095e-35 3 1.6350000000000002 4 9.5000000000000018 6.5000000000000009 5 1.0000000180025095e-35 6 1.5000000000000002 1.9300000000000004 2.5000000000000004 6.5000000000000009 1.9300000000000004 1.5000000000000002 1.0000000180025095e-35
decision_type=2 1 1 2 2 2 2 2 2 2 2 1 2 2 2 1 2 1 2 2 1 2 1 2 2 2 2 2 2 2
left_child=2 3 -1 4 9 -6 8 -8 -7 -2 11 -4 -13 -14 15 16 -15 28 -17 21 24 -19 29 -21 25 26 -16 -24 -18 -20
right_child=1 -3 10 -5 5 6 7 -9 -10 -11 -12 12 13 14 20 18 17 19 22 23 -22 -23 27 -25 -26 -27 -28 -29 -30 -31
leaf_value=0.00062063667732111167 -0.00062665999807920989 0.00037252422453074323 -0.001589636087202179 0.034522317981590396 0.045195896625518803 0.0067637468423068963 0.012842944422736764 -0.026233358560677839 0.035277462365102111 -0.025227816451473963 -0.00053405431522623515 -0.0025527593520946173 0.0006283452467715357 0.004946964763048527 0.0064494439863067646 0.0032490768306092477 -0.014054970432502721 0.02222671742520986 0.013270765238675781 0.039167857340847455 0.0039074575100094084 0.065419449631772306 -0.0078048286355820139 0.00047494685094730531 0.05949297824076244 -0.0094448544020796638 0.037312758366169874 -0.032984118376755051 0.016516441733647996 -0.0053645238436602211
leaf_weight=45268 50855 129248 7477 23 25 137 40 68 40 35 105769 1082 3671 1760 70 2016 52 31 132 36 215 40 409 51 21 29 96 45 52 143
leaf_count=45268 50855 129248 7477 23 25 137 40 68 40 35 105769 1082 3671 1760 70 2016 52 31 132 36 215 40 409 51 21 29 96 45 52 143
internal_value=-8.49566e-08 0.000101908 -0.000109347 -0.000580881 -0.000596763 0.00708864 0.0037459 -0.0117607 0.0132075 -0.00064358 -0.000377595 0.000571729 0.00219513 0.00277684 0.00429418 0.00344725 0.00668048 0.0185804 0.00103749 0.0282147 0.0136615 0.0465607 -0.00506426 0.0164858 0.0221634 0.0192799 0.0242981 -0.0100786 0.00112278 0.00345479
internal_weight=348936 180471 168465 51223 51200 310 285 108 177 50890 123197 17428 9951 8869 5198 4767 2022 262 2745 158 431 71 729 87 216 195 166 454 104 275
internal_count=348936 180471 168465 51223 51200 310 285 108 177 50890 123197 17428 9951 8869 5198 4767 2022 262 2745 158 431 71 729 87 216 195 166 454 104 275
cat_boundaries=0 3 6 9 11 13 15 18
cat_threshold=789086210 1126080514 4 788561922 1125032002 4 268579973 2297515020 1 1084768304 536875680 1082130464 544 3222864136 67113361 4196416 257 2
is_linear=0
shrinkage=0.05


Tree=172
num_leaves=31
num_cat=9
split_feature=6 3 5 9 3 9 0 9 5 5 0 5 9 0 9 9 8 10 0 5 0 0 3 5 9 0 8 7 1 0
split_gain=1.58798 3.09142 2.82803 2.49324 1.55146 14.8157 12.1187 12.9684 11.9926 15.448 10.7047 11.894 12 23.3553 12.2594 10.5529 9.67959 9.30147 23.2467 13.9111 17.7081 13.5167 16.2575 20.6672 28.8871 19.2457 17.8179 13.2247 13.1841 13.6044
threshold=8.5000000000000018 5.5000000000000009 3.5000000000000004 3.2250000000000005 3.5000000000000004 4.3100000000000014 0 3.4650000000000003 5.5000000000000009 1.5000000000000002 1 5.5000000000000009 2.9300000000000002 2 3.4650000000000003 3.2250000000000005 1.5000000000000002 1.0000000180025095e-35 3 2.5000000000000004 4 5 1.5000000000000002 5.5000000000000009 1.5350000000000004 6 1.5000000000000002 4.5000000000000009 7 8
decision_type=2 2 2 2 2 2 1 2 2 2 1 2 2 1 2 2 2 2 1 2 1 1 2 2 2 1 2 2 1 1
left_child=4 2 -2 -4 5 6 -1 17 9 -9 11 15 -13 -14 -15 -6 -11 28 -19 20 -20 22 25 24 -24 -21 -25 -23 29 -8
right_child=1 -3 3 -5 10 -7 7 8 -10 16 -12 12 13 14 -16 -17 -18 18 19 21 -22 27 23 26 -26 -27 -28 -29 -30 -31
leaf_value=0.00051716379083021117 0.012269061541667691 -0.0197023362852633 0.001885934077717107 -0.020435736048966646 -0.0011296737937539453 0.036247365655643599 0.0022466963375602435 -0.042055000932443715 -0.027043740937336427 0.025939494842249489 0.00037578595269992222 0.00028553820947411601 -0.027970962916911993 -0.0063335822255242095 0.021348598926275407 0.0098809853717620952 -0.0060433670554472059 -0.0034749651535296733 -0.012152259808987334 -0.00045401815011679572 0.0022226354913560883 0.0019986644657244918 0.0072693708885329033 -0.0048863438781891295 0.043098274420481177 0.017953760647767467 0.01099418185684564 -0.023674996810800888 -0.001011894384254756 -0.00027163701751214145
leaf_weight=49069 27 30 29 22 34371 28 6693 21 87 36 124959 39469 101 163 53 219 69 2000 324 204 594 3042 465 685 64 510 238 51 58496 26817
leaf_count=49069 27 30 29 22 34371 28 6693 21 87 36 124959 39469 101 163 53 219 69 2000 324 204 594 3042 465 685 64 510 238 51 58496 26817
internal_value=-7.59712e-08 -0.00606203 -0.000815762 -0.00774302 1.80086e-06 -0.000119963 -0.000126775 -0.000441511 -0.0127659 -0.00290735 9.31183e-05 -0.00038179 0.000207717 -0.00948162 0.000438504 -0.00105996 0.00492219 -0.000415352 0.00120072 0.00271585 -0.00295902 0.0037116 0.00673107 0.00372453 0.0116041 0.0129395 -0.000791474 0.00157026 -0.00055898 0.000231873
internal_weight=348936 108 78 51 348828 149493 149465 100396 213 126 199335 74376 39786 317 216 34590 105 100183 8177 6177 918 5259 2166 1452 529 714 923 3093 92006 33510
internal_count=348936 108 78 51 348828 149493 149465 100396 213 126 199335 74376 39786 317 216 34590 105 100183 8177 6177 918 5259 2166 1452 529 714 923 3093 92006 33510
cat_boundaries=0 3 6 9 11 14 17 19 20 22
cat_threshold=1820141569 1074959105 1 2088577025 1343394689 1 1610678272 1073774592 1 8389284 8915056 2147615752 2755674122 4 2416051272 3024093194 2 268435520 272629760 12 8388612 25447552
is_linear=0
shrinkage=0.05


Tree=173
num_leaves=31
num_cat=5
split_feature=6 0 7 5 0 9 6 3 8 7 9 6 9 3 7 3 7 7 0 0 5 0 5 9 8 9 5 5 9 9
split_gain=1.53569 9.4471 8.03358 7.01297 14.8572 18.4523 8.44171 9.07617 7.85706 14.8111 12.1984 9.2326 8.66136 8.0889 6.26753 5.74291 5.81431 5.72325 20.3133 10.2101 9.78162 10.9315 9.90731 9.17733 8.45319 11.6053 7.86812 7.49073 6.35041 6.30125
threshold=3.5000000000000004 0 4.5000000000000009 10.500000000000002 1 1.8450000000000004 5.5000000000000009 5.5000000000000009 1.0000000180025095e-35 1.5000000000000002 2.4150000000000005 5.5000000000000009 2.5350000000000006 4.5000000000000009 1.5000000000000002 2.5000000000000004 1.0000000180025095e-35 1.0000000180025095e-35 2 3 6.5000000000000009 4 9.5000000000000018 3.5850000000000004 1.5000000000000002 1.8450000000000004 11.500000000000002 7.5000000000000009 1.2700000000000002 3.0700000000000007
decision_type=2 1 2 2 1 2 2 2 2 2 2 2 2 2 2 2 2 2 1 1 2 1 2 2 2 2 2 2 2 2
left_child=-1 2 3 -2 5 -5 7 -7 10 11 -6 12 13 -10 -8 -12 -17 18 20 26 -3 22 -22 -20 25 -23 29 -26 -21 -19
right_child=1 17 -4 4 8 6 14 -9 9 -11 15 -13 -14 -15 -16 16 -18 19 23 28 21 24 -24 -25 27 -27 -28 -29 -30 -31
leaf_value=2.3306719117199355e-05 -0.0015240662633320423 0.0075647174889750665 0.0065959012888389514 -0.0044848719057887952 -0.00077973843190958295 -0.02330469903536141 0.0046795882905522985 -0.052139263041317468 0.0059908463303664965 0.018970451212753061 -0.0032833168367770588 -0.027051864693160444 0.02805031313059422 -0.01686351742828265 -0.02873444652751736 -0.05482101414352656 -0.020017076718310517 0.00021903036921704788 -0.0030493534104918431 -0.00086868601979310446 0.00043924951861644613 -0.0032694792969802985 0.026241252528360261 -0.029184429216034275 -0.021748277936130763 -0.024167410877728186 -0.014147864106381615 0.011384486751068899 0.0038251265817802701 -0.011192009181336121
leaf_weight=332380 5245 814 265 290 214 104 36 37 98 116 22 34 26 64 23 20 30 1165 2785 923 87 292 65 34 20 86 124 116 3286 135
leaf_count=332380 5245 814 265 290 214 104 36 37 98 116 22 34 26 64 23 20 30 1165 2785 923 87 292 65 34 20 86 124 116 3286 135
internal_value=-1.03726e-07 -0.000470094 -0.00193093 -0.0022893 -0.00589224 -0.0122918 -0.0242263 -0.0308712 -0.000659424 0.00449099 -0.00676933 -0.00307485 0.00126141 -0.00303804 -0.00834622 -0.0245717 -0.0339387 0.000505621 -0.000867782 0.00155467 0.00386183 -0.000605937 0.0107648 -0.00335268 -0.00409819 -0.00802404 -0.00209908 0.00651202 0.00278918 -0.000965962
internal_weight=348936 16556 6624 6359 1114 490 200 141 624 338 286 222 188 162 59 72 50 9932 4299 5633 1480 666 152 2819 514 378 1424 136 4209 1300
internal_count=348936 16556 6624 6359 1114 490 200 141 624 338 286 222 188 162 59 72 50 9932 4299 5633 1480 666 152 2819 514 378 1424 136 4209 1300
cat_boundaries=0 3 6 9 12 15
cat_threshold=2024449594 1145112777 6 411567618 4259905 2 16777601 714220048 1 17826176 672137744 1 0 1049088 1
is_linear=0
shrinkage=0.05


Tree=174
num_leaves=31
num_cat=9
split_feature=9 6 0 9 3 10 0 3 0 9 5 9 1 0 9 9 0 8 5 5 9 0 9 0 8 6 9 0 9 8
split_gain=1.53477 5.67966 4.35092 2.24246 1.93152 12.2829 32.8624 30.5791 24.5866 41.8098 26.3667 22.9006 21.7068 34.346 23.8875 17.6536 16.9146 15.5218 20.3172 12.2865 28.9607 23.7705 21.5753 16.8863 24.8293 16.5447 13.8693 32.0746 26.3972 22.9344
threshold=0.31000000000000005 1.5000000000000002 0 0.22500000000000003 3.5000000000000004 1.0000000180025095e-35 1 1.5000000000000002 2 2.0700000000000007 6.5000000000000009 1.9300000000000004 3 4 1.9300000000000004 1.2700000000000002 5 4.5000000000000009 7.5000000000000009 2.5000000000000004 2.9300000000000002 6 1.8450000000000004 7 3.5000000000000004 1.5000000000000002 1.4150000000000003 8 3.7300000000000004 6.5000000000000009
decision_type=2 2 1 2 2 2 1 2 1 2 2 2 1 1 2 2 1 2 2 2 2 1 2 1 2 2 2 1 2 2
left_child=1 2 3 -1 5 16 17 8 9 -8 11 -10 13 -9 -15 -12 -2 -7 -19 20 21 22 -18 -24 -25 -22 -21 28 29 -28
right_child=4 -3 -4 -5 -6 6 7 12 10 -11 15 -13 -14 14 -16 -17 19 18 -20 26 25 -23 23 24 -26 -27 27 -29 -30 -31
leaf_value=-0.00037103205857083794 0.00041142634249179068 -0.0048976160669158006 -0.00075066040611701404 0.0010922361232778219 0.00013743129833233898 0.0041398243864955685 0.0069848263422657448 -0.00027550492338755602 -0.0060252447279936392 0.048167037238564456 0.00067781109946345674 -0.046236327601792783 -0.00092583362547044533 -0.014715881685594248 -0.061872093645589689 0.021311168183609355 0.0017514259838952344 0.0085000438029291456 0.061621036132176725 -0.00066782610429162595 0.058450794173404576 -0.0016487464744102381 0.0016399862923058663 0.026899704431015692 -0.017055470848808419 0.014758641337259458 0.001220500979938562 -0.004274428955796483 -0.053413788500157267 0.052416353875940493
leaf_weight=4262 54595 671 16726 6789 183158 4915 931 640 519 66 326 38 2827 657 28 152 5592 54 27 46042 26 6865 221 244 37 130 3864 8490 22 22
leaf_count=4262 54595 671 16726 6789 183158 4915 931 640 519 66 326 38 2827 657 28 152 5592 54 27 46042 26 6865 221 244 37 130 3864 8490 22 22
internal_value=-9.85365e-08 -0.000352063 -0.000242258 0.000527425 3.11435e-05 -0.000110613 0.00147779 -0.000960339 0.00406402 0.0096146 -0.00136251 -0.00876855 -0.00342159 -0.00867403 -0.016404 0.00723905 -0.000251385 0.00448862 0.026207 -0.000757048 0.000625886 0.000368096 0.00263848 0.0125723 0.0203865 0.0220407 -0.00106753 -0.00255191 0.00119808 0.00151034
internal_weight=348936 28448 27777 11051 320488 137330 11180 6184 2032 997 1035 557 4152 1325 685 478 126150 4996 81 71555 13115 12959 6094 502 281 156 58440 12398 3908 3886
internal_count=348936 28448 27777 11051 320488 137330 11180 6184 2032 997 1035 557 4152 1325 685 478 126150 4996 81 71555 13115 12959 6094 502 281 156 58440 12398 3908 3886
cat_boundaries=0 3 6 8 9 12 15 17 19 22
cat_threshold=106798289 3926920834 1 808662107 3194004495 2 3297298720 9769664 4 2303494144 1091190992 5 1860970660 1083366165 1 2432762696 2472551434 285212744 270532618 1065985 218431584 2
is_linear=0
shrinkage=0.05


Tree=175
num_leaves=31
num_cat=7
split_feature=8 9 2 9 5 5 5 5 8 3 9 0 8 0 9 0 7 7 3 7 9 5 8 0 9 3 0 0 6 5
split_gain=1.55343 5.20062 3.23372 5.66792 8.67082 3.56647 2.9215 2.0837 1.58101 2.90779 1.51927 4.66383 8.54929 22.0516 10.7788 10.1761 13.911 56.0135 13.288 11.9978 11.9462 11.6196 10.1162 9.68448 12.2189 17.8959 44.8647 27.2525 36.3278 29.3448
threshold=7.5000000000000009 3.0700000000000007 0 1.8450000000000004 4.5000000000000009 2.5000000000000004 5.5000000000000009 10.500000000000002 8.5000000000000018 3.5000000000000004 1.0700000000000001 1 1.5000000000000002 2 2.2700000000000005 3 3.5000000000000004 4.5000000000000009 5.5000000000000009 2.5000000000000004 3.6900000000000004 5.5000000000000009 2.5000000000000004 4 2.4150000000000005 2.5000000000000004 5 6 1.5000000000000002 1.5000000000000002
decision_type=2 2 1 2 2 2 2 2 2 2 2 1 2 1 2 1 2 2 2 2 2 2 2 1 2 2 1 1 2 2
left_child=10 2 3 8 -5 -4 -7 -8 9 -2 -1 12 23 14 -14 18 20 21 -16 22 -17 -18 -20 -12 -25 26 -26 29 -29 -27
right_child=1 -3 5 4 -6 6 7 -9 -10 -11 11 -13 13 -15 15 16 17 -19 19 -21 -22 -23 -24 24 25 27 -28 28 -30 -31
leaf_value=-7.6951862234152216e-05 0.012279570071647566 -0.025038018686553611 -0.024679153856749722 0.031898085214197638 -0.0043643972487188874 0.0071076912598477468 -0.0239377485960722 -0.0011139568244107067 -0.016215019362668195 -0.010743606707546861 0.0017125162841179636 -0.00011496833513658901 0.00072053689716801677 -0.002194900707945 0.0054732476050738683 0.0083452803444187453 0.077724189416652448 -0.0026551450875292467 0.01626717088278383 -0.033447151032692572 -0.022759254350129404 0.031380550066630049 -0.018667252060719008 0.00038857241548313353 0.027651358569865343 0.026510343005377635 -0.014310940101708251 0.026142221631450042 -0.010036248852815129 -0.027434448660038441
leaf_weight=220021 24 26 26 34 32 36 20 20 24 32 18720 75073 6210 8582 348 478 38 82 40 47 33 21 43 18049 112 28 125 94 265 253
leaf_count=220021 24 26 26 34 32 36 20 20 24 32 18720 75073 6210 8582 348 478 38 82 40 47 33 21 43 18049 112 28 125 94 265 253
internal_value=-1.01955e-07 -0.00376342 -0.00153301 0.00324762 0.0143163 -0.00791799 -0.00322575 -0.0125259 -0.00547808 -0.000876531 2.85549e-06 0.000139354 0.000495703 -0.000475481 0.00153578 0.0060296 0.0100193 0.0240765 0.000370223 -0.0132617 0.00633657 0.061229 -0.00183139 0.000906588 0.000108469 -0.00565493 0.00608223 -0.0100013 -0.000548068 -0.0213011
internal_weight=348936 274 248 146 66 102 76 40 80 56 348662 128641 53568 15922 7340 1130 652 141 478 130 511 59 83 37646 18926 877 237 640 359 281
internal_count=348936 274 248 146 66 102 76 40 80 56 348662 128641 53568 15922 7340 1130 652 141 478 130 511 59 83 37646 18926 877 237 640 359 281
cat_boundaries=0 1 4 7 9 12 15 18
cat_threshold=142 2990740519 2525581936 5 2957180931 276840512 1 2147549186 268435520 33555492 2248741424 4 537067523 8388608 1 537067523 0 1
is_linear=0
shrinkage=0.05


Tree=176
num_leaves=31
num_cat=12
split_feature=6 3 0 5 0 9 0 9 0 1 0 0 9 5 8 8 1 10 5 0 9 0 9 9 7 3 0 9 10 0
split_gain=1.5115 3.91304 37.8732 13.73 22.1387 50.0323 12.7961 12.3338 16.776 11.4435 10.1864 9.9899 9.84574 8.832 9.04638 8.50757 8.23907 12.992 12.5327 11.9842 15.8462 17.045 14.9468 13.1423 11.9625 10.1549 29.5842 17.1959 11.1952 11.1465
threshold=1.0000000180025095e-35 6.5000000000000009 0 2.5000000000000004 1 1.4150000000000003 2 0.93000000000000005 3 4 5 6 0.46500000000000002 1.5000000000000002 1.0000000180025095e-35 7.5000000000000009 7 1.0000000180025095e-35 6.5000000000000009 8 1.0700000000000001 9 2.2700000000000005 1.5850000000000002 3.5000000000000004 1.5000000000000002 10 0.84500000000000008 1.0000000180025095e-35 11
decision_type=2 2 1 2 1 2 1 2 1 1 1 1 2 2 2 2 1 2 2 1 2 1 2 2 2 2 1 2 2 1
left_child=1 10 -3 4 5 7 12 -4 -9 11 16 -6 -5 14 -7 -12 18 -18 19 23 -21 24 -23 -1 -22 26 27 -20 -29 -27
right_child=-2 2 3 6 9 13 -8 8 -10 -11 15 -13 -14 -15 -16 -17 17 -19 25 20 21 22 -24 -25 -26 29 -28 28 -30 -31
leaf_value=0.0014578970458331061 -9.9498400894911209e-05 -0.0020745314226105652 0.0038733515923156598 -0.00041488953543401613 0.010268273171198768 0.043750410367537185 0.00016358448783058803 0.030666129915207105 0.0057267004753961126 -0.005443359303891903 -0.0003847425181012908 -0.00015178221083154441 0.0046726241001630352 0.049708255463455982 0.0075074518015349496 -0.027016496198872725 0.00058879719454031025 0.003715851144363326 0.004635227356226213 -0.00099373689294078647 0.0040151733831837056 -0.0072730794160070812 -0.042845973434547588 0.024677189438795998 -0.02954301984448518 0.0028055939013564499 -0.00070815171398450885 0.017566890716504229 0.045492055939465037 -0.0010354177218894482
leaf_weight=1865 182428 8115 1003 1270 371 33 7852 104 205 479 74290 589 3786 74 36 30 42252 3605 310 7906 515 1881 30 63 28 2838 1050 288 41 5599
leaf_count=1865 182428 8115 1003 1270 371 33 7852 104 205 479 74290 589 3786 74 36 30 42252 3605 310 7906 515 1881 30 63 28 2838 1050 288 41 5599
internal_value=-7.86021e-08 0.000108847 0.000700684 0.00212584 0.00523984 0.00955945 0.00142933 0.00656414 0.0152983 0.000800201 9.57706e-06 0.00393948 0.00338801 0.0377094 0.024841 -0.000395439 0.000450471 0.000834445 -0.000335127 -0.00140855 -0.00208119 -0.00559309 -0.00779076 0.00220518 0.00224342 0.000967153 0.00450605 0.0128835 0.0210469 0.000258703
internal_weight=348936 166508 23917 15802 2894 1455 12908 1312 309 1439 142591 960 5056 143 69 74320 68271 45857 22414 12288 10360 2454 1911 1928 543 10126 1689 639 329 8437
internal_count=348936 166508 23917 15802 2894 1455 12908 1312 309 1439 142591 960 5056 143 69 74320 68271 45857 22414 12288 10360 2454 1911 1928 543 10126 1689 639 329 8437
cat_boundaries=0 3 6 9 11 12 15 17 18 21 23 25 27
cat_threshold=1907360325 274007143 4 2286289960 3265452312 2 101208210 2735235200 2 4456480 1107298560 6 1626444367 483364967 4 67143810 533120 4 4 528416 4 514 402915329 15761922 201621506 10489920 281088068
is_linear=0
shrinkage=0.05


Tree=177
num_leaves=31
num_cat=4
split_feature=6 3 5 9 9 7 8 5 9 0 3 0 0 10 8 9 9 0 8 7 7 5 6 8 7 9 7 6 5 5
split_gain=1.44222 4.02747 6.1614 6.65173 4.23317 3.71845 9.60582 3.96225 1.59906 27.334 18.0411 40.0166 30.8961 23.0179 21.5502 20.9509 19.1588 24.265 19.5507 19.1528 18.9375 17.2868 14.1752 15.093 13.3131 12.9231 11.871 19.0018 10.96 10.8211
threshold=7.5000000000000009 6.5000000000000009 11.500000000000002 2.6900000000000004 2.9300000000000002 1.5000000000000002 1.5000000000000002 3.5000000000000004 3.0700000000000007 0 4.5000000000000009 1 2 1.0000000180025095e-35 1.0000000180025095e-35 4.1550000000000002 3.6900000000000004 3 1.5000000000000002 1.0000000180025095e-35 1.5000000000000002 1.5000000000000002 4.5000000000000009 1.5000000000000002 4.5000000000000009 4.3100000000000014 2.5000000000000004 5.5000000000000009 2.5000000000000004 5.5000000000000009
decision_type=2 2 2 2 2 2 2 2 2 1 2 1 1 2 2 2 2 1 2 2 2 2 2 2 2 2 2 2 2 2
left_child=8 2 3 -2 -3 7 -7 -5 -1 -10 12 14 21 15 -12 16 17 18 -14 -16 -20 -11 23 -18 28 26 27 -13 -21 -19
right_child=1 4 -4 5 -6 6 -8 -9 9 10 11 25 13 -15 19 -17 22 29 20 24 -22 -23 -24 -25 -26 -27 -28 -29 -30 -31
leaf_value=-5.9609372947510785e-06 -0.0069769375302552519 -0.0031423337372212578 -0.019983072802424433 0.037420519297434528 -0.031530434692588948 0.027193564792042192 -0.015453520927938722 0.008326172202825546 -0.0067131052129021235 0.028799108346855201 -0.033929889882845739 0.020733356650711764 0.057350556217134002 0.044080023911027687 -0.039330922191341718 0.053147076476703997 0.0053331308346241712 -0.0092826402382736369 0.049942458550567219 0.038085144959591533 -0.0060434062732383611 -0.012577331839243346 0.010748378259520379 -0.047241753785935953 -0.025440876247982188 -0.019509137161076068 0.034122891913901908 -0.017938504285282559 0.0058106558069914256 0.011422987753017382
leaf_weight=346304 91 29 35 22 24 23 31 25 726 27 54 270 40 42 24 22 20 148 23 37 44 388 31 43 24 20 132 36 91 110
leaf_count=346304 91 29 35 22 24 23 31 25 726 27 54 270 40 42 24 22 20 148 23 37 44 388 31 43 24 20 132 36 91 110
internal_value=-1.70424e-08 -0.00358703 -0.000689473 0.00282759 -0.0159973 0.0116614 0.00271098 0.0219448 2.86363e-06 0.00130218 0.00489215 0.0110719 0.000411644 0.0084213 -0.00603674 0.00548272 0.00319816 0.00838216 0.027152 0.00217839 0.0131756 -0.00965277 -0.0169312 -0.0305513 0.00873249 0.0193723 0.02159 0.0161837 0.01514 -0.000437694
internal_weight=348936 280 227 192 53 101 54 47 348656 2352 1626 688 938 523 230 481 459 365 107 176 67 415 94 63 152 458 438 306 128 258
internal_count=348936 280 227 192 53 101 54 47 348656 2352 1626 688 938 523 230 481 459 365 107 176 67 415 94 63 152 458 438 306 128 258
cat_boundaries=0 3 5 8 10
cat_threshold=84423684 1083793780 5 576766082 2300710912 3356885305 805472899 2 10485762 150999048
is_linear=0
shrinkage=0.05


Tree=178
num_leaves=31
num_cat=9
split_feature=9 6 3 0 1 0 0 9 5 9 5 9 0 7 7 0 5 0 9 7 7 9 7 0 8 9 9 5 5 0
split_gain=1.41857 1.63631 3.87968 15.4658 9.79034 19.0406 16.298 20.0272 20.7914 17.4073 16.9869 15.0448 13.4577 12.8819 10.4228 16.9281 12.2516 10.7527 15.6362 10.1853 10.1906 9.51914 8.11998 20.3012 8.24789 12.8324 8.1568 8.03287 7.71968 7.4124
threshold=1.0000000180025095e-35 1.0000000180025095e-35 1.5000000000000002 0 1 2 3 1.0700000000000001 1.5000000000000002 2.2700000000000005 3.5000000000000004 1.9300000000000004 4 4.5000000000000009 1.0000000180025095e-35 5 11.500000000000002 6 1.4150000000000003 1.5000000000000002 2.5000000000000004 2.6900000000000004 1.5000000000000002 7 2.5000000000000004 0.93000000000000005 1.4150000000000003 8.5000000000000018 2.5000000000000004 8
decision_type=2 2 2 1 1 1 1 2 2 2 2 2 1 2 2 1 2 1 2 2 2 2 2 1 2 2 2 2 2 1
left_child=-1 2 3 21 6 -6 7 -5 -9 -8 28 12 -12 22 17 19 -17 18 27 -16 -21 -2 29 26 -25 -26 -24 -14 -10 -7
right_child=1 -3 -4 4 5 13 9 8 10 -11 11 -13 14 -15 15 16 -18 -19 -20 20 -22 -23 23 24 25 -27 -28 -29 -30 -31
leaf_value=-0.0012186136173818994 -0.00090452957465893345 -9.4739985514597638e-05 2.4288174854885083e-05 0.0030938730084825593 -0.0036703639839488367 -0.0026660112907091961 0.0011286495444427455 0.033922032697967466 0.0060668419833694188 -0.045596817387267952 -0.0049774304747581483 0.044749513608129593 0.033181976633412498 0.025449592780332753 0.0095984508706764751 -0.0060054336835084297 0.033595844764601104 0.030443802658392461 -0.018575473142138092 0.058783208867234572 0.014287806336175313 -0.029600978424323018 -0.0020281950135617273 0.009198550739919301 0.0064506732949262697 0.048968243194477901 -0.026618682820259074 -0.00038975945540836883 -0.016539767997839103 0.0032634971963770849
leaf_weight=2372 8290 182428 140961 2880 2141 1010 5913 93 70 20 115 34 49 60 55 174 22 137 37 31 22 29 190 500 36 35 41 28 82 1081
leaf_count=2372 8290 182428 140961 2880 2141 1010 5913 93 70 20 115 34 49 60 55 174 22 137 37 31 22 29 190 500 36 35 41 28 82 1081
internal_value=-2.58086e-08 8.31461e-06 0.000122854 0.000722377 0.00168829 -8.97665e-05 0.00261525 0.00515615 0.011469 0.000969505 0.00902963 0.0123025 0.0106559 0.00250988 0.0137374 0.00775885 -0.00148465 0.0215257 0.00748154 0.0225807 0.0403134 -0.00100336 0.0020428 0.00632003 0.0112657 0.02741 -0.00612748 0.0209741 -0.00612883 0.000402269
internal_weight=348936 346564 164136 23175 14856 5094 9762 3829 949 5933 856 704 670 2953 555 304 196 251 114 108 53 8319 2893 802 571 71 231 77 152 2091
internal_count=348936 346564 164136 23175 14856 5094 9762 3829 949 5933 856 704 670 2953 555 304 196 251 114 108 53 8319 2893 802 571 71 231 77 152 2091
cat_boundaries=0 3 4 7 9 11 13 15 17 19
cat_threshold=2592679954 159923276 5 5 1093960196 3221701250 2 20353536 3221701250 4096 66048 16777728 2147500034 18907648 16386 608174464 33554688 151656 812646416
is_linear=0
shrinkage=0.05


Tree=179
num_leaves=31
num_cat=5
split_feature=7 0 5 9 3 0 8 3 9 8 0 0 9 6 9 9 9 3 9 5 5 3 8 10 6 9 0 8 5 9
split_gain=1.40011 29.3968 13.8666 13.5079 9.66216 6.72257 12.1941 5.91588 7.66601 5.79857 20.0609 18.3762 10.226 8.36382 17.4844 13.6082 9.76885 7.73548 11.244 5.57842 5.24045 7.89896 7.54306 5.07271 5.66619 10.3249 10.9965 9.24025 7.47329 6.24042
threshold=5.5000000000000009 0 11.500000000000002 1.6900000000000002 4.5000000000000009 1 3.5000000000000004 1.5000000000000002 2.8450000000000002 1.5000000000000002 2 3 2.4150000000000005 1.0000000180025095e-35 1.0700000000000001 2.8450000000000002 2.2700000000000005 1.5000000000000002 0.93000000000000005 6.5000000000000009 2.5000000000000004 3.5000000000000004 1.0000000180025095e-35 1.0000000180025095e-35 2.5000000000000004 2.4150000000000005 4 2.5000000000000004 5.5000000000000009 1.0700000000000001
decision_type=2 1 2 2 2 1 2 2 2 2 1 1 2 2 2 2 2 2 2 2 2 2 2 2 2 2 1 2 2 2
left_child=-1 2 9 4 -4 6 -3 8 -7 10 17 12 -11 14 -13 16 19 -2 -19 -15 -20 -22 -23 24 25 26 29 -28 -26 -9
right_child=1 5 3 -5 -6 7 -8 23 -10 11 -12 13 -14 15 -16 -17 -18 18 20 -21 21 22 -24 -25 28 -27 27 -29 -30 -31
leaf_value=8.3339056626290367e-06 -0.0052357581094838682 -0.007942342386917248 -0.017307193009626298 -0.029671143422327829 0.028697949953377246 0.0097544351777261399 -0.034323428217701769 -0.0043892246238359314 -0.023338533230125906 -0.014521211071090924 -0.0043590546548301651 0.012122810899745673 0.021930654203662508 0.0096910188069268231 0.065254749941329168 0.048611783221937148 -0.01655071635313075 0.0049084020393590135 0.01168848661511826 0.038709311779927126 0.059648403845727449 0.010006765864620154 0.044959708277521465 0.0077639625650154408 0.010214635914775857 -0.027488275354964634 -0.0094466414744887872 -0.0390073121621691 -0.010369801480943958 0.012711057982549234
leaf_weight=346541 36 413 21 51 25 140 49 127 20 74 277 32 26 67 30 26 29 75 30 22 25 33 29 73 107 63 299 29 75 92
leaf_count=346541 36 413 21 51 25 140 49 127 20 74 277 32 26 67 30 26 29 75 30 22 25 33 29 73 107 63 299 29 75 92
internal_value=7.57528e-09 -0.00120476 0.00585111 -0.0119508 0.0076956 -0.00551551 -0.0105128 -0.00318327 0.00561781 0.00805247 0.00476141 0.0134838 -0.00458521 0.0214371 0.0378318 0.0158669 0.00865197 0.0153595 0.0200211 0.0168641 0.0297087 0.0359226 0.0263557 -0.00484802 -0.00601048 -0.00832055 -0.00611293 -0.0117034 0.00173204 0.00267243
internal_weight=348936 2395 908 97 46 1487 462 1025 160 811 505 306 100 206 62 144 118 228 192 89 117 87 62 865 792 610 547 328 182 219
internal_count=348936 2395 908 97 46 1487 462 1025 160 811 505 306 100 206 62 144 118 228 192 89 117 87 62 865 792 610 547 328 182 219
cat_boundaries=0 3 6 9 11 13
cat_threshold=3456535570 21431705 6 1590112 1610616902 1 2181041170 17039512 4 2315255810 262168 4202628 11020832
is_linear=0
shrinkage=0.05


Tree=180
num_leaves=31
num_cat=7
split_feature=8 0 0 6 9 3 9 0 5 5 9 5 1 10 3 5 0 0 9 9 0 5 9 9 5 8 9 6 9 9
split_gain=1.39871 12.6194 12.0358 6.98865 7.37672 17.192 12.3997 7.33618 8.51632 5.87453 6.24782 5.96424 5.4149 17.0715 10.9032 20.6191 17.9333 12.0971 86.0451 13.9742 11.5834 14.0359 18.3821 12.9095 11.4092 11.2045 10.9954 15.6866 10.52 10.2716
threshold=1.0000000180025095e-35 0 1 5.5000000000000009 3.6900000000000004 4.5000000000000009 3.5350000000000006 2 1.5000000000000002 6.5000000000000009 2.9300000000000002 4.5000000000000009 3 1.0000000180025095e-35 6.5000000000000009 4.5000000000000009 4 5 3.2250000000000005 3.2250000000000005 6 1.5000000000000002 2.0700000000000007 2.0700000000000007 5.5000000000000009 1.5000000000000002 2.2700000000000005 1.5000000000000002 0.84500000000000008 3.3650000000000007
decision_type=2 1 1 2 2 2 2 1 2 2 2 2 1 2 2 2 1 1 2 2 1 2 2 2 2 2 2 2 2 2
left_child=2 3 -1 4 6 -6 12 8 -5 10 -9 -12 -2 14 17 20 -17 18 -14 -19 21 22 -16 -23 -20 -21 -18 -28 -22 -27
right_child=1 -3 -4 7 5 -7 -8 9 -10 -11 11 -13 13 -15 15 16 26 19 24 25 28 23 -24 -25 -26 29 27 -29 -30 -31
leaf_value=-0.00066857445236959828 0.0010954725688797279 -0.00020503861325339357 0.00021250395918401044 -0.037530154396041203 -0.027154202785875117 0.013937218487262726 0.025153389888314101 0.00024132299313478017 -0.0084603154484890804 -0.009582074580130856 0.0030601089577312057 0.038691021812458835 0.001317730046581555 0.004589951908329149 -0.0089174992146177426 0.0046843456464750301 -0.0034099669429307209 -0.00069088028044144269 0.046815343230063547 0.0072254967210548266 -0.0044078664406923592 -0.0024911329035613083 -0.056150841760449113 0.022825483767444206 0.095207389231239059 -0.048875084343469807 -0.056746559167125579 -0.0077264716446984044 -0.019493207417137632 -0.010835677289537021
leaf_weight=60437 37895 118663 108028 29 70 40 52 143 192 99 23 24 7095 1961 117 991 818 11060 29 28 177 382 25 58 21 36 24 51 333 35
leaf_count=60437 37895 118663 108028 29 70 40 52 143 192 99 23 24 7095 1961 117 991 818 11060 29 28 177 382 25 58 21 36 24 51 333 35
internal_value=9.52993e-10 9.672e-05 -0.000103611 0.000675979 0.000724585 -0.0122119 0.000747841 -0.00515275 -0.0117435 0.000283782 0.00543935 0.0212546 0.000727083 0.000125889 -0.000285425 -0.00309226 7.6279e-05 0.000170931 0.00177586 -0.000857514 -0.00855887 -0.00350482 -0.0172332 0.000846057 0.06714 -0.01956 -0.00503358 -0.0234129 -0.0139835 -0.0301233
internal_weight=348936 180471 168465 61808 61298 110 61188 510 221 289 190 47 61136 23241 21280 2976 1884 18304 7145 11159 1092 582 142 440 50 99 893 75 510 71
internal_count=348936 180471 168465 61808 61298 110 61188 510 221 289 190 47 61136 23241 21280 2976 1884 18304 7145 11159 1092 582 142 440 50 99 893 75 510 71
cat_boundaries=0 3 6 9 10 13 15 18
cat_threshold=1347885357 136380973 2 1347885325 2552234917 2 264197 136380425 2 6 1347747844 556 2 272632097 134283268 1078005800 66061 2
is_linear=0
shrinkage=0.05


Tree=181
num_leaves=31
num_cat=8
split_feature=9 0 8 0 3 5 9 0 5 7 1 0 7 9 5 5 0 8 9 10 9 5 0 9 7 6 7 5 6 0
split_gain=1.37015 3.72672 11.0179 19.1531 13.0183 11.3128 22.1902 13.4941 19.6104 9.92939 11.0429 19.9379 12.8925 11.8655 10.9257 15.8647 10.9094 9.32519 13.9441 9.1707 9.16866 9.15371 8.99107 9.40765 9.98062 13.2862 9.16511 9.12478 9.65364 8.22285
threshold=1.0700000000000001 0 1.5000000000000002 1 1.5000000000000002 3.5000000000000004 2.9300000000000002 2 2.5000000000000004 2.5000000000000004 3 4 3.5000000000000004 1.6900000000000002 5.5000000000000009 1.5000000000000002 5 3.5000000000000004 2.4150000000000005 1.0000000180025095e-35 1.8450000000000004 1.5000000000000002 6 1.8450000000000004 1.5000000000000002 1.5000000000000002 1.0000000180025095e-35 6.5000000000000009 1.0000000180025095e-35 7
decision_type=2 1 2 1 2 2 2 1 2 2 1 1 2 2 2 2 1 2 2 2 2 2 1 2 2 2 2 2 2 1
left_child=-1 2 29 4 5 7 22 8 21 -6 11 14 16 -14 15 -11 -12 18 -9 -13 -19 -4 26 -24 25 -25 -7 -28 -29 -2
right_child=1 -3 3 -5 9 6 -8 17 -10 10 12 19 13 -15 -16 -17 -18 20 -20 -21 -22 -23 23 24 -26 -27 27 28 -30 -31
leaf_value=-7.5805097500661838e-05 0.0017110693205681623 -0.00010446464903538313 -0.013562476749141371 -0.0022601544641275804 0.0011028236167722548 -0.011775010082025812 0.032595075184808059 0.011346009807602968 -0.039254693035036328 -0.023107896993557614 0.018642281868756473 0.019570274253662017 -0.0045692478625902113 -0.038756619405842602 -0.01285028419876044 0.015868599458038809 -0.00067446312216237531 0.012387457376374214 0.055627963207662105 -0.0068221340246964251 -0.025480776712779075 0.02486152995017267 -0.0085637446669883793 -0.032954895503020713 -0.038475644691366585 0.010307836615377004 0.025309809346683323 0.028535663580987605 -0.011336461762298964 0.00024812883319725307
leaf_weight=220079 17291 73341 31 8683 5584 97 34 160 40 33 104 384 140 31 109 125 210 33 20 36 31 31 421 35 62 36 50 20 63 21622
leaf_count=220079 17291 73341 31 8683 5584 97 34 160 40 33 104 384 140 31 109 125 210 33 20 36 31 31 421 35 62 36 50 20 63 21622
internal_value=8.23795e-09 0.000129492 0.000438508 -0.000639774 0.00113813 -0.00374417 -0.00695 0.00383493 -0.0108921 0.00198099 0.00616503 0.0101718 0.000274118 -0.010767 -0.000648616 0.00772794 0.00629566 0.0100268 0.0162662 0.0169056 -0.00595497 0.00564953 -0.00866497 -0.0120092 -0.0238183 -0.0110189 -8.40389e-05 0.00843614 -0.00172872 0.00089869
internal_weight=348936 128857 55516 16603 7920 1164 818 346 102 6756 1172 687 485 171 267 158 314 244 180 420 64 62 784 554 133 71 230 133 83 38913
internal_count=348936 128857 55516 16603 7920 1164 818 346 102 6756 1172 687 485 171 267 158 314 244 180 420 64 62 784 554 133 71 230 133 83 38913
cat_boundaries=0 3 6 8 9 11 14 16 18
cat_threshold=2990742565 2526630704 5 2957185025 277889280 1 2684354560 9437184 8 2147553280 276824064 69632 269484032 1 131072 9453568 33557536 2248741424
is_linear=0
shrinkage=0.05


Tree=182
num_leaves=31
num_cat=3
split_feature=8 0 0 7 9 6 7 3 6 5 3 5 8 6 7 9 9 9 0 7 5 3 9 9 5 6 9 5 9 9
split_gain=1.34841 11.473 11.4657 9.74974 7.13375 14.42 13.276 14.1746 19.2432 13.466 8.3836 9.2958 23.6665 7.79748 7.48665 5.55111 13.8705 5.43529 6.97503 9.25963 11.8299 14.8414 7.8974 7.43551 19.929 21.4443 13.2118 10.0352 6.4105 7.60343
threshold=1.0000000180025095e-35 0 1 8.5000000000000018 3.3650000000000007 1.0000000180025095e-35 2.5000000000000004 2.5000000000000004 2.5000000000000004 5.5000000000000009 6.5000000000000009 2.5000000000000004 3.5000000000000004 5.5000000000000009 7.5000000000000009 3.7300000000000004 3.6900000000000004 1.2700000000000002 2 4.5000000000000009 2.5000000000000004 5.5000000000000009 1.9300000000000004 2.8450000000000002 6.5000000000000009 3.5000000000000004 3.2250000000000005 3.5000000000000004 2.4650000000000003 2.4150000000000005
decision_type=2 1 1 2 2 2 2 2 2 2 2 2 2 2 2 2 2 2 1 2 2 2 2 2 2 2 2 2 2 2
left_child=2 3 17 4 14 -6 9 -8 -9 10 11 -7 -13 -10 -2 16 -4 -1 23 -20 -21 22 -22 28 25 27 -26 -25 29 -19
right_child=1 -3 15 -5 5 6 7 8 13 -11 -12 12 -14 -15 -16 -17 -18 18 19 20 21 -23 -24 24 26 -27 -28 -29 -30 -31
leaf_value=0.00019929284911739581 -0.00060940585943861862 0.00033669467276093812 -0.00039102579335846571 0.031983547171820767 0.043435977309942253 0.030912157450173353 -0.039876578151698004 0.043357779104262591 -0.030043103617208546 0.0391234738840344 -0.024802131056785585 0.018842386440546425 -0.040831109446783864 0.0068206470889540828 -0.02374270402560277 0.011886864774283901 -0.03439371707849205 0.0028430516817765494 6.3964877757895596e-05 0.042957845015021479 0.0055215209463079064 -0.022524209293153356 0.034081249966009246 0.0098050562054689608 -0.046739305737308973 0.045594137520701801 -0.0053134142176101086 -0.034977374429052528 0.014744309815032795 -0.011340660367083427
leaf_weight=41259 48146 131963 113046 23 25 37 29 20 32 37 20 54 24 26 35 92 30 5993 7516 26 70 34 37 29 39 27 38 22 111 96
leaf_count=41259 48146 131963 113046 23 25 37 29 20 32 37 20 54 24 26 35 92 30 5993 7516 26 70 34 37 29 39 27 38 22 111 96
internal_value=3.29884e-08 9.49969e-05 -0.000101699 -0.00056248 -0.000578035 0.00705727 0.00379753 -0.0100309 0.00106555 0.0124001 0.00507592 0.0102721 0.000481311 -0.013518 -0.000626211 -0.000390024 -0.000400047 0.000488355 0.00133828 0.000322287 0.0119676 0.00625312 0.0153973 0.00256205 -0.00825069 0.00956264 -0.0262954 -0.00951286 0.0028365 0.00261943
internal_weight=348936 180471 168465 48508 48485 304 279 107 78 172 135 115 78 58 48181 113168 113076 55297 14038 7683 167 141 107 6355 155 78 77 51 6200 6089
internal_count=348936 180471 168465 48508 48485 304 279 107 78 172 135 115 78 58 48181 113168 113076 55297 14038 7683 167 141 107 6355 155 78 77 51 6200 6089
cat_boundaries=0 3 6 8
cat_threshold=789086210 1125031938 4 789086738 1126080578 4 570458128 35168258
is_linear=0
shrinkage=0.05


Tree=183
num_leaves=31
num_cat=5
split_feature=6 0 8 7 0 5 9 9 3 3 9 5 5 5 9 5 9 7 0 9 3 5 6 3 9 6 9 9 0 0
split_gain=1.38021 8.53719 6.77114 5.83503 8.10779 8.1938 10.9807 8.752 7.55526 10.5539 10.8986 8.90028 6.63787 13.935 5.10794 7.08706 4.56507 4.79069 39.5924 12.8537 16.7719 10.5375 10.4212 14.6892 13.7928 10.2384 9.66366 8.38396 8.33802 7.76573
threshold=3.5000000000000004 0 5.5000000000000009 2.5000000000000004 1 1.5000000000000002 3.3650000000000007 2.4150000000000005 6.5000000000000009 3.5000000000000004 2.2700000000000005 4.5000000000000009 10.500000000000002 3.5000000000000004 1.8450000000000004 5.5000000000000009 4.3100000000000014 3.5000000000000004 2 2.5350000000000006 1.5000000000000002 10.500000000000002 6.5000000000000009 1.5000000000000002 3.5350000000000006 4.5000000000000009 3.6900000000000004 2.9300000000000002 3 4
decision_type=2 1 2 2 1 2 2 2 2 2 2 2 2 2 2 2 2 2 1 2 2 2 2 2 2 2 2 2 1 1
left_child=-1 2 3 -2 8 -6 7 14 9 -5 11 -11 13 -9 -7 -16 17 29 19 20 -19 -22 23 -21 25 27 28 -25 -20 -3
right_child=1 16 -4 4 5 6 -8 12 -10 10 -12 -13 -14 -15 15 -17 -18 18 26 22 21 -23 -24 24 -26 -27 -28 -29 -30 -31
leaf_value=2.2225528177627372e-05 -0.0032985228894691259 0.0016895901713766986 -0.023305734203985105 0.00022597451355646958 0.01897557400262509 -0.0070187622693514348 0.027433702749355388 -0.041335559481134015 -0.011720106660658003 -0.015946553476775687 0.038189788324464312 0.022060962326738032 -0.037300253925578938 0.0058420067849672512 -0.0059966431092470891 0.026559382874984296 -0.017378243411312232 0.03544583469629288 0.0025156127979987426 -0.0097342343757981856 0.0067205169314250414 -0.019028446232860395 -0.0039772681493852888 0.062230165689079853 0.067084517523646359 0.013264837549478912 -0.038322694826385256 0.024119551858729535 -0.010519989524549663 -0.0010087976976452817
leaf_weight=332380 2965 4054 39 99 39 152 24 24 38 24 57 43 35 45 35 32 37 45 209 23 257 47 31 27 25 68 23 31 285 7743
leaf_count=332380 2965 4054 39 99 39 152 24 24 38 24 57 43 35 45 35 32 37 45 209 23 257 47 31 27 25 68 23 31 285 7743
internal_value=3.18283e-08 -0.000445531 -0.00257644 -0.00235976 0.00194232 -0.00268447 -0.00519625 -0.00762076 0.00855989 0.0123995 0.0221187 0.00844633 -0.0195642 -0.0105676 -0.00194901 0.0095525 0.000159206 0.000209756 0.00341163 0.0125669 0.00695673 0.00273959 0.022731 0.0274894 0.0331592 0.026428 -0.00651594 0.0418607 -0.00516696 -8.09285e-05
internal_weight=348936 16556 3651 3612 647 386 347 323 261 223 124 67 104 69 219 67 12905 12868 1071 554 349 304 205 174 151 126 517 58 494 11797
internal_count=348936 16556 3651 3612 647 386 347 323 261 223 124 67 104 69 219 67 12905 12868 1071 554 349 304 205 174 151 126 517 58 494 11797
cat_boundaries=0 3 6 9 11 14
cat_threshold=813728298 1140918400 6 805306400 1073807360 2 2322483328 2963194184 1 1073808404 20984834 118497605 186655780 1
is_linear=0
shrinkage=0.05


Tree=184
num_leaves=31
num_cat=8
split_feature=7 0 0 5 9 9 7 0 9 8 9 9 0 9 3 5 7 9 1 0 0 3 9 9 7 5 0 7 3 3
split_gain=1.38868 36.2395 9.51071 10.2644 12.2748 7.82557 6.99348 11.9244 14.1241 24.1361 13.8825 9.87592 7.59101 9.93564 7.54811 8.44087 7.20945 7.29869 6.19712 14.8705 14.461 13.3538 12.9458 9.79332 11.9569 9.37266 7.74257 7.1114 11.5087 6.70747
threshold=4.5000000000000009 0 1 11.500000000000002 1.8450000000000004 3.3650000000000007 5.5000000000000009 2 1.4150000000000003 1.0000000180025095e-35 2.0700000000000007 1.6900000000000002 3 3.2250000000000005 3.5000000000000004 3.5000000000000004 8.5000000000000018 2.6900000000000004 4 5 6 5.5000000000000009 1.4150000000000003 2.9300000000000002 5.5000000000000009 4.5000000000000009 7 5.5000000000000009 4.5000000000000009 4.5000000000000009
decision_type=2 1 1 2 2 2 2 1 2 2 2 2 1 2 2 2 2 2 1 1 1 2 2 2 2 2 1 2 2 2
left_child=-1 6 5 18 -5 -3 7 8 -2 10 11 -10 16 -14 15 -11 17 -8 19 23 22 -21 -20 25 -25 26 27 -4 -29 -26
right_child=1 2 3 4 -6 -7 12 -9 9 14 -12 -13 13 -15 -16 -17 -18 -19 20 21 -22 -23 -24 24 29 -27 -28 28 -30 -31
leaf_value=1.3636760824471034e-05 0.0052611885795220761 -0.0078253466681786916 -0.0091539801816855164 -0.0036025203355963815 -0.026499102264642718 0.023704029638320207 0.0061458890946623664 0.0024188247349975064 0.048476199728661573 -0.00037266861485398336 0.072533273696899422 0.0055930487960577013 -0.0013778983451886858 -0.033587364085018633 0.0022749778576491571 0.03747138507300761 -0.022122980542480949 0.031066074583566552 -0.0085816479429970012 0.0020849793991017064 0.00015825155201699972 0.017522642081864749 -0.037018552544000355 0.002171734136504096 -0.020816894189920276 0.004215447644809963 -0.016367092734074284 -0.011527259785427967 0.036798313632607459 -0.057728345617651944
leaf_weight=342552 352 1230 70 171 89 20 268 888 29 23 27 25 566 25 110 41 20 33 308 491 777 196 46 37 32 305 135 22 28 20
leaf_count=342552 352 1230 70 171 89 20 268 888 29 23 27 25 566 25 110 41 20 33 308 491 777 196 46 37 32 305 135 22 28 20
internal_value=1.9739e-08 -0.000730641 -0.00365707 -0.00198379 -0.0114402 -0.00726277 0.00410274 0.0062248 0.0115624 0.0207139 0.0432597 0.0286229 0.000669128 -0.0026948 0.0102184 0.0238712 0.00673661 0.008878 -0.000995213 0.00131223 -0.00369979 0.00639622 -0.0119396 -0.00408482 -0.0195545 -0.00169918 -0.00877355 0.00104596 0.0155351 -0.0350136
internal_weight=348936 6384 3977 2727 260 1250 2407 1495 607 255 81 54 912 591 174 64 321 301 2467 1336 1131 687 354 649 89 560 255 120 50 52
internal_count=348936 6384 3977 2727 260 1250 2407 1495 607 255 81 54 912 591 174 64 321 301 2467 1336 1131 687 354 649 89 560 255 120 50 52
cat_boundaries=0 3 5 7 10 11 13 16 18
cat_threshold=834018306 3223201289 5 37765145 42012770 11534338 3221881345 396288 394248 4 10 557988 155207824 2147549252 807436288 2 557824 150995072
is_linear=0
shrinkage=0.05


Tree=185
num_leaves=31
num_cat=9
split_feature=9 6 8 0 0 6 0 9 9 3 9 9 0 7 8 9 0 5 5 9 3 7 1 0 1 8 9 0 3 5
split_gain=1.35044 1.42026 1.30259 11.0209 10.4111 5.61219 5.91422 5.81197 6.60392 13.877 9.72285 5.43689 5.15959 11.5745 10.6721 12.2522 10.8044 13.2487 12.7538 12.4092 10.6603 23.9022 22.2043 19.5015 16.2902 15.0078 10.6562 9.93588 13.2168 16.3063
threshold=4.785000000000001 9.5000000000000018 1.0000000180025095e-35 0 1 5.5000000000000009 2 3.9300000000000002 3.6900000000000004 4.5000000000000009 3.5350000000000006 0.63500000000000012 3 8.5000000000000018 2.5000000000000004 1.5350000000000004 4 10.500000000000002 3.5000000000000004 3.0700000000000007 1.5000000000000002 6.5000000000000009 5 6 7 1.5000000000000002 2.4150000000000005 8 4.5000000000000009 3.5000000000000004
decision_type=2 2 2 1 1 2 1 2 2 2 2 2 1 2 2 2 1 2 2 2 2 2 1 1 1 2 2 1 2 2
left_child=1 2 4 5 11 7 -7 8 10 -10 -4 -1 14 -14 15 -5 17 -16 -18 26 22 24 23 25 -22 -17 -20 28 29 -26
right_child=-2 -3 3 12 -6 6 -8 -9 9 -11 -12 -13 13 -15 16 20 18 -19 19 -21 21 -23 -24 -25 27 -27 -28 -29 -30 -31
leaf_value=-0.00032431217471203205 0.01118171542055077 -0.0099315646764201425 0.00070621372021082308 -0.0007613621473191235 -0.00032904158906741157 -0.014935460814792948 -0.0015021458340514094 0.026411093144931577 -0.031547276099974458 0.015717781707644464 0.022988458084208626 0.00092825038091134547 3.2351395139100241e-05 -0.027568269514870881 0.0024362547207764746 0.033051474973739635 0.0037067829638474203 0.014015105110454552 -0.0014835409449762476 0.015481244359906872 -0.0098596154958285106 0.036603745073080063 -0.01984585679375515 -0.012243827214410558 -0.0042617193473324126 -0.002827872089110315 -0.013196995887996221 -0.0039762584316920032 -0.0029217593971128711 0.016000126619032457
leaf_weight=12075 27 36 55893 21360 125701 101 344 22 44 24 49 30664 91701 38 1547 62 1543 294 3674 103 707 38 278 128 151 55 205 1301 481 290
leaf_count=12075 27 36 55893 21360 125701 101 344 22 44 24 49 30664 91701 38 1547 62 1543 294 3674 103 707 38 278 128 151 55 205 1301 481 290
internal_value=-1.01286e-09 -8.663e-07 1.58443e-07 9.35063e-05 -9.98358e-05 0.000672357 -0.00492044 0.000716894 0.000706802 -0.0148655 0.000725731 0.000574231 -0.000170271 2.09164e-05 -0.000714521 -0.00121019 0.000956767 0.0042622 -0.000152083 -0.00164775 -0.00395638 -0.00279654 -0.0105384 0.000800041 -0.00330753 0.0149107 -0.00210258 -0.00117408 0.0027802 0.0090624
internal_weight=348936 348909 348873 180433 168440 56477 445 56032 56010 68 55942 42739 123956 91739 32217 24851 7366 1841 5525 3982 3491 2968 523 245 2930 117 3879 2223 922 441
internal_count=348936 348909 348873 180433 168440 56477 445 56032 56010 68 55942 42739 123956 91739 32217 24851 7366 1841 5525 3982 3491 2968 523 245 2930 117 3879 2223 922 441
cat_boundaries=0 3 6 9 11 13 14 16 17 19
cat_threshold=1347885325 136380965 2 788561922 1125031938 4 264192 136314880 2 570458114 1091477506 570425344 32768 6 2 1090945024 4 32770 1073881088
is_linear=0
shrinkage=0.05


Tree=186
num_leaves=31
num_cat=5
split_feature=7 0 0 5 9 9 0 9 7 5 8 8 9 0 0 9 8 5 5 5 5 5 9 6 5 6 3 9 6 9
split_gain=1.2672 32.7382 7.41245 8.08674 11.1282 8.51385 7.16222 10.6768 7.75339 7.73914 7.18149 6.9586 8.04885 6.82391 6.57526 12.8279 9.42477 8.62153 7.21711 8.61322 6.52598 8.19591 9.90126 6.8555 6.25178 12.2167 10.1172 5.98714 8.39694 5.94356
threshold=4.5000000000000009 0 1 11.500000000000002 2.8450000000000002 3.3650000000000007 2 3.3650000000000007 7.5000000000000009 9.5000000000000018 1.5000000000000002 4.5000000000000009 2.0700000000000007 3 4 2.0700000000000007 3.5000000000000004 10.500000000000002 3.5000000000000004 5.5000000000000009 8.5000000000000018 11.500000000000002 1.9300000000000004 1.5000000000000002 2.5000000000000004 3.5000000000000004 5.5000000000000009 2.5350000000000006 2.5000000000000004 1.8450000000000004
decision_type=2 1 1 2 2 2 1 2 2 2 2 2 2 1 1 2 2 2 2 2 2 2 2 2 2 2 2 2 2 2
left_child=-1 6 11 5 -5 14 7 8 20 -8 -10 12 29 -11 15 -4 -16 -17 -18 -20 -2 22 -22 -23 -14 26 -26 28 -15 -3
right_child=1 2 3 4 -6 -7 9 -9 10 13 -12 -13 24 27 16 17 18 -19 19 -21 21 23 -24 -25 25 -27 -28 -29 -30 -31
leaf_value=1.2916993839929257e-05 0.0041354944561042394 -0.0089863209223764676 -0.0029942694836663027 -0.0076322861215957398 -0.041983100127142209 0.017767306310297163 0.003156388722782553 0.034436663748188455 0.0022150230179249775 0.0059701046773512744 -0.034894720041616395 -0.034032687251097885 -0.015472872066311538 -0.0099969168600547963 -0.0014714557057445793 -0.022886428805662596 -0.0037096432003965404 0.010767441581596029 0.034977854393825211 0.0041659404480353344 0.013417021250900101 0.011447827907250031 0.042240439405715147 -0.015362845900419511 0.030882757757272984 -0.023578409415980182 -0.010746947340667249 -0.027154723788874277 0.015229267989977813 -0.03060175940010916
leaf_weight=342552 784 492 825 253 26 54 1233 33 32 103 22 26 32 214 1455 141 47 22 48 43 153 64 37 38 54 21 20 39 39 34
leaf_count=342552 784 492 825 253 26 54 1233 33 32 103 22 26 32 214 1455 141 47 22 48 43 153 64 37 38 54 21 20 39 39 34
internal_value=-9.07916e-08 -0.000698061 -0.00384814 -0.00272938 -0.0108334 -0.00188167 0.00335895 0.00634817 0.00558407 0.00119781 -0.0129038 -0.0085401 -0.00765586 -0.0048856 -0.00229276 -0.00547132 -0.000285246 -0.0183442 0.0122009 0.0204184 0.0065119 0.0128924 0.01903 0.00145954 0.00364135 0.0100798 0.0196315 -0.00862395 -0.0061083 -0.0103835
internal_weight=348936 6384 3593 2914 279 2635 2791 1163 1130 1628 54 679 653 395 2581 988 1593 163 138 91 1076 292 190 102 127 95 74 292 253 526
internal_count=348936 6384 3593 2914 279 2635 2791 1163 1130 1628 54 679 653 395 2581 988 1593 163 138 91 1076 292 190 102 127 95 74 292 253 526
cat_boundaries=0 3 5 8 11 13
cat_threshold=834608130 3223201417 7 9 41947232 10616834 2148140553 4 327680 8192 1 37773492 268517378
is_linear=0
shrinkage=0.05


Tree=187
num_leaves=31
num_cat=11
split_feature=9 6 3 0 5 0 9 1 10 9 0 9 0 8 0 9 9 0 0 0 8 5 10 5 8 9 0 1 5 8
split_gain=1.2581 1.46949 3.72453 34.8544 12.7363 21.1958 43.4961 13.9272 12.8035 12.9668 11.9924 11.5099 16.0058 12.7944 9.96186 15.0312 9.43528 9.31671 9.31542 9.10871 11.9072 15.8918 12.2287 12.9816 8.81659 8.70205 25.9779 20.6168 8.6733 8.24048
threshold=1.0000000180025095e-35 1.0000000180025095e-35 6.5000000000000009 0 2.5000000000000004 1 1.4150000000000003 2 1.0000000180025095e-35 1.5350000000000004 3 0.93000000000000005 4 1.5000000000000002 5 1.4650000000000001 1.2700000000000002 6 7 8 1.5000000000000002 5.5000000000000009 1.0000000180025095e-35 8.5000000000000018 3.5000000000000004 1.5350000000000004 9 10 5.5000000000000009 1.0000000180025095e-35
decision_type=2 2 2 1 2 1 2 1 2 2 1 2 1 2 1 2 2 1 1 1 2 2 2 2 2 2 1 1 2 2
left_child=-1 2 17 25 5 7 11 14 9 29 16 18 13 -13 -5 -16 -6 -2 -7 28 22 -22 23 -21 -20 -4 -27 -28 -18 -8
right_child=1 -3 3 4 10 6 8 -9 -10 -11 -12 12 -14 -15 15 -17 19 -19 24 20 21 -23 -24 -25 -26 26 27 -29 -30 -31
leaf_value=-0.0011476736171704559 0.00044348322975870072 -8.9883389973046605e-05 -0.0015979095675491954 0.010042891027451236 0.0024470530741233618 -0.0010750469341292046 0.0665163294032768 -0.007073279599320483 0.067054283665978195 0.015881366629830817 0.00027396366049476045 0.044896448279420541 0.0061793898538036168 0.0070435498925772583 -0.002957720885624121 0.036860994257032868 -0.0075759253762145012 -0.000371279937616705 0.0066520732635517617 0.022365303607453615 -0.00086814440979525963 0.043538429192972905 -0.023294289496082528 -0.0028846389872746337 0.033679137107537831 -0.020120814814232293 -0.016249760209744717 0.0094709734186099095 0.0082471049139830905 0.02624982565272755
leaf_weight=2372 67307 182428 7058 362 3668 550 27 430 24 88 8608 69 255 33 456 25 126 73272 529 137 29 66 26 81 32 240 105 232 277 24
leaf_count=2372 67307 182428 7058 362 3668 550 27 430 24 88 8608 69 255 33 456 25 126 73272 529 137 29 66 26 81 32 240 105 232 277 24
internal_value=-7.76961e-08 7.77683e-06 0.000116321 0.000698162 0.00202935 0.00502472 0.00877226 0.00015317 0.0333301 0.0275072 0.00136271 0.00610523 0.0139155 0.0297348 0.00387897 -0.000870053 0.00347936 1.88209e-05 0.00359555 0.00862935 0.0145361 0.0299827 0.00911778 0.0129834 0.00805023 -0.00207783 -0.00798432 0.00121975 0.00322005 0.0475674
internal_weight=348936 346564 164136 23557 15922 2904 1631 1273 163 139 13018 1468 357 102 843 481 4410 140579 1111 742 339 95 244 218 561 7635 577 337 403 51
internal_count=348936 346564 164136 23557 15922 2904 1631 1273 163 139 13018 1468 357 102 843 481 4410 140579 1111 742 339 95 244 218 561 7635 577 337 403 51
cat_boundaries=0 3 6 7 10 12 14 17 19 22 25 26
cat_threshold=833618501 274007143 4 1174976658 755507840 1 6 100679826 2735235200 2 4259872 1107298560 67143810 533120 1626444367 483364967 4 4261152 2191528208 100663298 2197831680 2 536870916 327751 4 4
is_linear=0
shrinkage=0.05


Tree=188
num_leaves=31
num_cat=5
split_feature=8 9 5 5 3 9 6 7 5 9 0 9 0 5 9 0 6 3 3 8 7 8 7 7 0 8 0 9 3 3
split_gain=1.23211 4.50547 3.1558 10.2113 6.82454 6.60839 5.78805 4.06329 3.71776 1.36358 16.5 30.9929 30.6942 20.8526 19.7223 31.6663 17.0544 17.2882 15.9645 14.3512 26.2256 27.5384 15.974 14.0107 27.057 21.3975 17.838 18.6244 16.7175 16.3935
threshold=7.5000000000000009 3.0700000000000007 2.5000000000000004 4.5000000000000009 2.5000000000000004 1.5350000000000004 1.0000000180025095e-35 2.5000000000000004 6.5000000000000009 2.3650000000000007 0 2.5350000000000006 1 1.5000000000000002 2.5350000000000006 2 1.5000000000000002 1.5000000000000002 2.5000000000000004 1.5000000000000002 1.0000000180025095e-35 1.0000000180025095e-35 3.5000000000000004 1.0000000180025095e-35 3 4.5000000000000009 4 3.3650000000000007 6.5000000000000009 6.5000000000000009
decision_type=2 2 2 2 2 2 2 2 2 2 1 2 1 2 2 1 2 2 2 2 2 2 2 2 1 2 1 2 2 2
left_child=9 2 6 5 -5 -4 -2 8 -6 -1 11 12 16 -14 15 18 17 -11 -12 20 21 -15 -21 24 -13 26 -25 -28 -26 -27
right_child=1 -3 3 4 7 -7 -8 -9 -10 10 14 23 13 19 -16 -17 -18 -19 -20 22 -22 -23 -24 25 28 29 27 -29 -30 -31
leaf_value=-1.3507731684541761e-05 -0.030948079733744912 -0.023153448355599092 -7.4940729176714314e-05 0.01167071305348405 -0.036456719823181626 0.036754414060249416 0.00083130668652685075 0.0068783318357808253 -0.011221072974580306 0.0026394246146082879 -0.0019950314646121118 0.0072709510476199977 0.035029766034415884 0.012460592744702643 0.00048219509476635897 0.0011842899664770814 0.01608590967177103 0.050633312121799681 -0.020610958179390997 -0.018941806356021523 -0.0046068884613231532 0.078650574047457095 0.020803858177556145 0.010550906542097232 -0.01070283704478546 -0.017325912277723097 -0.0025232165199551588 0.0140943751986889 -0.04202362741157413 0.021300466696447987
leaf_weight=339721 23 26 21 42 20 29 38 21 54 24 160 222 46 55 4348 614 222 86 411 137 148 22 31 716 288 194 929 206 50 32
leaf_count=339721 23 26 21 42 20 29 38 21 54 24 160 222 46 55 4348 614 222 86 411 137 148 22 31 716 288 194 929 206 50 32
internal_value=-1.00291e-07 -0.00335168 -0.00127568 0.0019457 -0.00511283 0.0212861 -0.0111511 -0.0125329 -0.0180415 2.53358e-06 0.000612037 0.00334317 0.0121712 0.0031071 -0.00107428 -0.00679436 0.0233593 0.0401619 -0.0151296 -0.000550336 0.00770589 0.031372 -0.0116078 0.000774737 -0.00624417 0.00266717 0.00444048 0.000488535 -0.0148954 -0.0118567
internal_weight=348936 274 248 187 137 50 61 95 74 348662 8941 3408 771 439 5533 1185 332 110 571 393 225 77 168 2637 560 2077 1851 1135 338 226
internal_count=348936 274 248 187 137 50 61 95 74 348662 8941 3408 771 439 5533 1185 332 110 571 393 225 77 168 2637 560 2077 1851 1135 338 226
cat_boundaries=0 3 6 8 10 12
cat_threshold=696144564 596658464 2 148112 570443808 2 1115693315 3693424726 556548096 41961472 140251140 1048864
is_linear=0
shrinkage=0.05


Tree=189
num_leaves=31
num_cat=9
split_feature=6 0 6 0 8 9 0 8 9 9 3 8 9 0 9 3 0 0 5 8 0 7 6 8 9 9 9 5 0 0
split_gain=1.22714 7.57293 5.08874 7.08305 17.1711 19.7438 6.40238 10.0583 8.00922 6.24876 14.6193 7.73285 10.998 4.77271 4.5851 4.51686 24.2576 14.1889 10.5838 12.7743 8.53592 7.48272 13.0621 8.97504 10.3144 8.47338 7.46347 7.25701 18.5001 13.56
threshold=4.5000000000000009 0 5.5000000000000009 1 2.5000000000000004 2.5350000000000006 2 2.5000000000000004 2.5350000000000006 2.5350000000000006 1.5000000000000002 3.5000000000000004 2.4150000000000005 3 2.0700000000000007 2.5000000000000004 4 5 1.5000000000000002 1.5000000000000002 6 2.5000000000000004 7.5000000000000009 1.0000000180025095e-35 1.8450000000000004 3.5350000000000006 2.5350000000000006 4.5000000000000009 7 8
decision_type=2 1 2 1 2 2 1 2 2 2 2 2 2 1 2 2 1 1 2 2 1 2 2 2 2 2 2 2 1 1
left_child=-1 2 3 4 -2 -6 7 8 -4 11 -11 12 13 14 -8 16 -3 21 19 -19 26 22 25 -23 -25 -17 -18 28 -20 -29
right_child=1 15 6 -5 5 -7 9 -9 -10 10 -12 -13 -14 -15 -16 17 20 18 27 -21 -22 23 -24 24 -26 -27 -28 29 -30 -31
leaf_value=1.2779383026117716e-05 0.0040597589541741521 0.007463025593207594 -0.005262824419666739 0.00035443983296893245 0.0088679711187356399 0.055772108343001961 -0.0051674904926430169 0.037349217548966411 0.025996727768883662 0.020158627588877126 -0.015331357815349944 -0.028235957237041517 0.030712467955114942 0.0026318607038902401 -0.031868190281093126 -0.0049253602554225956 -0.011669299447651254 0.00027525906336597618 0.014640391058537051 -0.023218285701188602 -0.0047407713997148979 3.2239860262383119e-05 0.034900231496430935 -0.00105410136282444 -0.039473257098218494 -0.035943946096560229 -0.030297079231754384 0.0054133454448504377 -0.0013003653639208268 -0.0044793182360232699
leaf_weight=342506 506 309 85 779 57 37 82 25 27 34 198 23 30 289 20 515 257 148 331 95 572 44 20 25 58 23 68 621 394 758
leaf_count=342506 506 309 85 779 57 37 82 25 27 34 198 23 30 289 20 515 257 148 331 95 572 44 20 25 58 23 68 621 394 758
internal_value=-6.80427e-08 -0.00068441 0.00169791 0.00355543 0.00757915 0.0273302 -0.0014319 0.00808369 0.00227296 -0.00342921 -0.0101302 -5.01048e-06 0.0015373 -0.000701206 -0.00947409 -0.00191609 -0.00450882 -0.000891134 0.000966369 -0.00890946 -0.00862 -0.00716496 -0.00477646 -0.0182235 -0.0279012 -0.00625143 -0.0151021 0.00211156 0.00616141 -1.76182e-05
internal_weight=348936 6430 2192 1379 600 94 813 137 112 676 232 444 421 391 102 4238 1206 3032 2347 243 897 685 558 127 83 538 325 2104 725 1379
internal_count=348936 6430 2192 1379 600 94 813 137 112 676 232 444 421 391 102 4238 1206 3032 2347 243 897 685 558 127 83 538 325 2104 725 1379
cat_boundaries=0 3 5 7 9 12 15 18 21 23
cat_threshold=22384745 358679265 1 1085441 23134400 16777216 268435552 1052673 16777728 663570 9576468 4 664082 266244 4 2720025600 570441736 2 1207961988 2852667402 2 2518695936 3264266498
is_linear=0
shrinkage=0.05


Tree=190
num_leaves=31
num_cat=7
split_feature=6 3 5 9 9 8 0 7 5 0 0 9 8 0 6 6 5 0 0 9 9 0 8 3 6 9 7 9 9 9
split_gain=1.21467 2.58831 2.24505 2.12223 1.25577 6.48887 35.6875 14.741 14.5218 39.0557 25.3143 19.1721 12.8576 12.808 12.2136 12.0621 10.4053 18.395 15.8456 11.1793 19.5828 10.1446 12.2171 10.4045 9.66788 16.2203 26.0353 10.1048 9.211 9.99461
threshold=8.5000000000000018 5.5000000000000009 3.5000000000000004 3.2250000000000005 1.3650000000000002 2.5000000000000004 0 5.5000000000000009 5.5000000000000009 1 2 3.6900000000000004 6.5000000000000009 3 6.5000000000000009 7.5000000000000009 8.5000000000000018 4 5 1.9300000000000004 2.6900000000000004 6 4.5000000000000009 6.5000000000000009 2.5000000000000004 2.9300000000000002 1.5000000000000002 2.8450000000000002 2.9300000000000002 1.8450000000000004
decision_type=2 2 2 2 2 2 1 2 2 1 1 2 2 1 2 2 2 1 1 2 2 1 2 2 2 2 2 2 2 2
left_child=4 2 -2 -4 -1 13 7 8 10 12 -7 -12 -10 -6 21 16 18 19 24 -18 -21 22 23 -11 -8 27 -27 -26 29 -19
right_child=1 -3 3 -5 5 6 15 -9 9 14 11 -13 -14 -15 -16 -17 17 28 -20 20 -22 -23 -24 -25 25 26 -28 -29 -30 -31
leaf_value=-4.5565396819066797e-05 0.011157041788101197 -0.017782893677552543 0.0022102249272424597 -0.018383794785900551 0.00075395984803431303 0.0071433218928962684 0.0072795008653708613 -0.0098805411801570001 0.0015436689684954485 0.019847203869331989 -0.0015359136493656531 -0.044057527785534387 -0.02191233040404416 -0.00073987760478683531 0.049888502795841887 -0.04012053813785315 -0.017270722226113918 0.002834117894073201 -0.0020022349062854211 0.0079378580987096246 -0.022138496214892112 0.0090707748725799321 0.0020608726309525763 0.045519324789444607 -0.0036812748106023491 0.048344339103175281 -0.0077645091276446537 -0.037171723973006013 0.016646523338308791 -0.0078432703922217805
leaf_weight=279681 27 30 29 22 27481 1349 949 180 1013 321 1457 27 62 30005 22 20 362 502 3149 146 86 950 86 45 366 39 44 24 73 389
leaf_count=279681 27 30 29 22 27481 1349 949 180 1013 321 1457 27 62 30005 22 20 362 502 3149 146 86 950 86 45 366 39 44 24 73 389
internal_value=-3.60036e-08 -0.00530179 -0.00050137 -0.00667347 1.60546e-06 0.000192399 0.00126783 0.00418492 0.00466759 0.00744587 0.00221687 -0.0022941 0.000189099 -2.57509e-05 0.0128327 -0.00135168 -0.00122738 -0.00475616 -2.46097e-05 -0.0115844 -0.00321114 0.0123427 0.0186073 0.0230036 0.00433839 -0.00147078 0.0185999 -0.00574223 -0.000424136 -0.0018275
internal_weight=348936 108 78 51 348828 69147 11661 5512 5332 2499 2833 1484 1075 57486 1424 6149 6129 1558 4571 594 232 1402 452 366 1422 473 83 390 964 891
internal_count=348936 108 78 51 348828 69147 11661 5512 5332 2499 2833 1484 1075 57486 1424 6149 6129 1558 4571 594 232 1402 452 366 1422 473 83 390 964 891
cat_boundaries=0 3 5 7 10 12 14 16
cat_threshold=1121529419 1991880904 1 46139395 103293128 46137355 1378394248 958645172 2294423255 6 807403936 21368064 67375232 21368064 8776 536936448
is_linear=0
shrinkage=0.05


Tree=191
num_leaves=31
num_cat=10
split_feature=9 6 3 0 9 1 0 9 0 8 3 8 10 5 0 0 9 9 5 9 6 0 9 5 0 9 0 9 0 9
split_gain=1.21075 1.23362 1.22125 11.2582 14.3508 11.1557 21.5525 15.5184 14.6724 11.5961 10.9927 10.3833 10.2347 17.7231 19.4503 19.4222 18.7013 18.608 18.1669 14.9152 44.3008 14.0968 12.298 12.0591 21.4724 18.9667 11.9432 14.6809 15.5661 14.7396
threshold=4.785000000000001 9.5000000000000018 3.5000000000000004 0 4.3100000000000014 1 2 2.2700000000000005 3 8.5000000000000018 1.5000000000000002 4.5000000000000009 1.0000000180025095e-35 8.5000000000000018 4 5 2.4150000000000005 2.0700000000000007 5.5000000000000009 1.2700000000000002 1.0000000180025095e-35 6 0.84500000000000008 2.5000000000000004 7 1.4150000000000003 8 2.2250000000000005 9 3.4650000000000003
decision_type=2 2 2 1 2 1 1 2 1 2 2 2 2 2 1 1 2 2 2 2 2 1 2 2 1 2 1 2 1 2
left_child=1 2 3 10 5 6 -5 -8 -7 12 11 -1 23 14 17 -15 -17 18 21 -16 -21 22 -14 24 25 -10 -25 -28 -29 -30
right_child=-2 -3 -4 4 -6 8 7 -9 9 -11 -12 -13 13 15 19 16 -18 -19 -20 20 -22 -23 -24 26 -26 -27 27 28 29 -31
leaf_value=0.00015781100688180383 0.010587598787862119 -0.0092560422451545797 8.1140490197085193e-05 0.0011431952614143332 0.04245540753006935 0.0012963509673614461 -0.0013103642580354594 -0.015882224784202308 0.0020732845831864374 -0.033469746756152462 -0.0016805259292097187 0.012247096849553989 0.0036059507445709129 0.014148133692251257 -0.00019876223597482492 8.1987102052397714e-05 0.044994259408364698 0.033193754231823344 -0.0045781271277330199 -0.032919194058095125 -0.00090628446145590554 0.0052431636010868768 0.039334415001254799 -0.001646612311489858 -0.0010776030861639008 0.0098764436736029793 -0.00014360491377589653 -0.0043652879438013771 0.013467172292874877 -0.010882978358172944
leaf_weight=9490 27 36 199350 12036 20 30471 26012 184 3401 26 19341 181 37 555 1218 677 24 56 423 153 368 633 69 17086 4414 1010 20776 238 554 70
leaf_count=9490 27 36 199350 12036 20 30471 26012 184 3401 26 19341 181 37 555 1218 677 24 56 423 153 368 633 69 17086 4414 1010 20776 238 554 70
internal_value=-1.38219e-08 -8.33134e-07 1.21905e-07 -0.000107895 0.00010501 9.79888e-05 -0.00060762 -0.00141218 0.000425961 -8.63106e-05 -0.000991961 0.000384071 -6.95588e-05 0.00229242 0.000178867 0.00726836 0.00159686 0.00500094 0.00368529 -0.00320883 -0.0103074 0.00841522 0.0245474 -0.000278838 0.00138914 0.00385127 -0.000658961 0.000121622 0.00651556 0.0105663
internal_weight=348936 348909 348873 149523 120511 120491 38232 26196 82259 51788 29012 9671 51762 4213 2957 1256 701 1218 1162 1739 521 739 106 47549 8825 4411 38724 21638 862 624
internal_count=348936 348909 348873 149523 120511 120491 38232 26196 82259 51788 29012 9671 51762 4213 2957 1256 701 1218 1162 1739 521 739 106 47549 8825 4411 38724 21638 862 624
cat_boundaries=0 3 4 7 9 12 15 18 21 23 25
cat_threshold=131610 671940704 4 2 1388396832 335675659 1 757905408 1083355776 1074856032 375406849 2 2415936581 2466250766 2 65536 0 2 2415984992 2470448387 1 3489726752 2516583691 4195456 6307840
is_linear=0
shrinkage=0.05


Tree=192
num_leaves=31
num_cat=7
split_feature=6 0 6 0 7 0 8 9 9 9 8 5 5 0 3 7 9 0 5 5 9 8 0 6 9 8 5 5 9 0
split_gain=1.1944 3.64931 4.12382 7.68577 6.18597 29.6131 11.8838 11.571 8.90024 7.83956 18.8968 10.3267 7.78509 7.25782 8.82241 11.7946 21.6664 9.85491 9.60092 7.81498 7.67124 7.49579 6.68591 6.66966 13.7859 6.54232 13.2858 10.9242 14.0815 6.1312
threshold=1.0000000180025095e-35 0 1.5000000000000002 1 3.5000000000000004 2 5.5000000000000009 3.6900000000000004 4.3100000000000014 3.3650000000000007 2.5000000000000004 5.5000000000000009 11.500000000000002 3 2.5000000000000004 4.5000000000000009 2.0700000000000007 4 3.5000000000000004 1.5000000000000002 2.8450000000000002 4.5000000000000009 5 3.5000000000000004 2.0700000000000007 3.5000000000000004 4.5000000000000009 10.500000000000002 1.8450000000000004 6
decision_type=2 1 2 1 2 1 2 2 2 2 2 2 2 1 2 2 2 1 2 2 2 2 1 2 2 2 2 2 2 1
left_child=-1 -2 3 -3 8 6 9 12 -4 25 11 -11 13 21 17 20 18 -15 -17 -19 22 -7 -16 24 -14 29 -27 28 -28 -6
right_child=1 2 4 -5 5 7 -8 -9 -10 10 -12 -13 23 14 15 16 -18 19 -20 -21 -22 -23 -24 -25 -26 26 27 -29 -30 -31
leaf_value=9.6835720315137375e-05 -0.0003977500433817783 0.0013255577432473341 -9.726749590865644e-05 2.518067912224371e-05 -0.0064043340492534687 -0.0076751732320714181 0.028585801134968915 -0.035732381723143837 0.026279046303534417 0.013812793682639799 -0.021721417605876925 0.061238347281786537 -0.010004589711776474 0.015786643596146049 -0.011013320175021194 -0.018707970956053872 -0.030212448686149654 -0.028096223565248341 0.0044677555785755385 0.0018577755540053348 0.022827193928616388 -0.032054085386070338 0.0026385137904200214 0.0036626927883309478 -0.044093001058155841 -0.0050343068603736661 0.0095635697618126885 -0.0017324882855808193 0.065368462812442046 0.001847284172711427
leaf_weight=166508 62596 15611 58797 41698 266 708 43 33 32 24 20 22 91 117 119 65 110 26 143 134 35 33 287 34 44 60 20 22 26 1212
leaf_count=166508 62596 15611 58797 41698 266 708 43 33 32 24 20 22 91 117 119 65 110 26 143 134 35 33 287 34 44 60 20 22 26 1212
internal_value=7.98746e-09 -8.83699e-05 7.32665e-05 0.00037964 -0.000207546 -0.00219227 0.0026168 -0.00634099 -8.29201e-05 0.00196458 0.0188534 0.0364946 -0.00587516 -0.00489988 -0.00211786 -0.00492573 -0.0122657 0.00549944 -0.00277466 -0.00283271 0.000367057 -0.00864422 -0.00156916 -0.01613 -0.0211149 0.00127053 0.0121147 0.0272461 0.0411055 0.000331384
internal_weight=348936 182428 119832 57309 62523 3694 1715 1979 58829 1672 66 46 1946 1777 1036 759 318 277 208 160 441 741 406 169 135 1606 128 68 46 1478
internal_count=348936 182428 119832 57309 62523 3694 1715 1979 58829 1672 66 46 1946 1777 1036 759 318 277 208 160 441 741 406 169 135 1606 128 68 46 1478
cat_boundaries=0 3 5 8 11 13 15 18
cat_threshold=146837530 2261709057 4 17311876 1090520152 808199168 2014382682 1 2197882976 16777248 2 67109636 1152 67109632 1024 268435456 402653184 1
is_linear=0
shrinkage=0.05


Tree=193
num_leaves=31
num_cat=7
split_feature=9 6 0 9 3 0 0 3 0 0 3 7 9 6 9 0 8 6 9 8 9 9 5 9 6 5 5 9 3 0
split_gain=1.21369 5.06819 4.00832 2.48329 2.23963 2.71498 2.59032 1.55631 11.7159 10.4054 12.5118 14.6444 14.579 16.7687 21.7916 17.8272 16.7292 14.4565 20.4445 24.3631 11.7341 10.3646 31.2429 12.2222 14.9333 16.3744 10.5604 10.0672 14.2379 20.2383
threshold=0.31000000000000005 1.5000000000000002 0 0.15500000000000005 2.5000000000000004 1 2 3.5000000000000004 3 4 1.5000000000000002 2.5000000000000004 1.2700000000000002 2.5000000000000004 2.8450000000000002 5 4.5000000000000009 2.5000000000000004 1.2700000000000002 2.5000000000000004 2.0700000000000007 3.7900000000000005 5.5000000000000009 3.4650000000000003 3.5000000000000004 3.5000000000000004 10.500000000000002 1.4150000000000003 2.5000000000000004 6
decision_type=2 2 1 2 2 1 1 2 1 1 2 2 2 2 2 1 2 2 2 2 2 2 2 2 2 2 2 2 2 1
left_child=1 2 -1 -4 5 -5 -6 9 -9 10 11 12 -2 14 15 -14 -17 18 -13 -20 -21 23 -23 -10 26 -26 -25 -12 29 -29
right_child=7 -3 3 4 6 -7 -8 8 21 -11 27 17 13 -15 -16 16 -18 -19 19 20 -22 22 -24 24 25 -27 -28 28 -30 -31
leaf_value=-0.00086828518661739471 -6.3656166007508645e-05 -0.0046068764740015465 -0.00047151619243919268 1.4457891471647777e-07 -0.0009713266292895803 0.0032742175166221225 0.0010851909422179621 -0.00029464375706978081 0.00050271484994559841 0.00011424500603543723 -0.0011288006456409896 -0.0022091970887284412 -0.012664754406432622 -0.0028516705789183479 0.053532362472731625 0.0070042511853089517 0.038281933438371531 0.0089195063837838387 -0.024768280640786483 0.03323225145383428 -0.014236582758957925 -0.041700282563558885 0.012870313665446113 0.01918383185938001 -0.036762098671699113 0.018926450700470897 0.062173060588538644 0.0054494471324918175 -0.0071167541467022644 -0.004999588551795415
leaf_weight=12595 5577 671 5833 1019 2378 1690 4262 87558 95370 110660 13934 637 106 551 25 1506 44 162 244 30 23 54 51 50 22 33 20 740 1887 1204
leaf_count=12595 5577 671 5833 1019 2378 1690 4262 87558 95370 110660 13934 637 106 551 25 1506 44 162 244 30 23 54 51 50 22 33 20 740 1887 1204
internal_value=1.30451e-08 -0.000312977 -0.000209251 0.000337834 0.000843163 0.00205475 0.000348857 2.77955e-05 0.000123203 -9.94499e-05 -0.000985793 0.000543458 0.00130308 0.00471807 0.00719929 0.00649982 0.00784154 -0.00486883 -0.00726038 -0.0180941 0.0126326 0.000505877 -0.0151946 0.000523194 0.0161477 -0.00334897 0.0314665 -0.00175291 -0.0040229 -0.00101976
internal_weight=348936 28448 27777 15182 9349 2709 6640 320488 183158 137330 26670 8905 7809 2232 1681 1656 1550 1096 934 297 53 95600 105 95495 125 55 70 17765 3831 1944
internal_count=348936 28448 27777 15182 9349 2709 6640 320488 183158 137330 26670 8905 7809 2232 1681 1656 1550 1096 934 297 53 95600 105 95495 125 55 70 17765 3831 1944
cat_boundaries=0 3 6 8 11 14 16 19
cat_threshold=4171252522 365740413 2 5343236 2316315648 4 84288640 539170816 1862088833 3490896771 1 131674 671940640 4 0 524288 64 134545408 4
is_linear=0
shrinkage=0.05


Tree=194
num_leaves=31
num_cat=4
split_feature=9 6 0 8 5 0 9 6 5 9 3 9 7 9 7 5 9 3 9 5 5 0 0 7 8 6 3 9 6 8
split_gain=1.10688 1.13922 8.30137 6.43098 5.55287 7.30983 7.87344 11.6047 7.29375 7.20058 15.9163 11.807 7.07204 4.84406 7.04327 7.05999 4.68292 4.36183 6.99966 4.79996 4.29622 13.7607 8.65968 8.65688 10.7167 11.8918 8.96776 8.36847 7.90921 7.82575
threshold=4.785000000000001 3.5000000000000004 0 6.5000000000000009 10.500000000000002 1 1.8450000000000004 5.5000000000000009 11.500000000000002 3.6900000000000004 4.5000000000000009 3.5350000000000006 1.0000000180025095e-35 2.9300000000000002 1.5000000000000002 11.500000000000002 4.3100000000000014 6.5000000000000009 1.9300000000000004 11.500000000000002 3.5000000000000004 2 3 1.0000000180025095e-35 1.0000000180025095e-35 4.5000000000000009 5.5000000000000009 1.8450000000000004 4.5000000000000009 3.5000000000000004
decision_type=2 2 1 2 2 1 2 2 2 2 2 2 2 2 2 2 2 2 2 2 2 1 1 2 2 2 2 2 2 2
left_child=1 16 3 4 9 6 -6 12 -9 11 -11 20 -8 17 -15 -16 -1 18 -7 -19 21 23 -22 27 -25 -26 -27 -3 29 -23
right_child=-2 2 -4 -5 5 13 7 8 -10 10 -12 -13 -14 14 15 -17 -18 19 -20 -21 22 28 -24 24 25 26 -28 -29 -30 -31
leaf_value=1.7809432758485251e-05 0.010123304739870408 0.0030487062618854126 0.00029668715101343826 -0.02652670492728551 -0.0046079336941518166 -0.001883045002686485 -0.044062075876565868 0.023505764773913793 -0.01769057803533294 -0.010818665403695334 0.051505853384733208 -0.038870434498503095 -0.018435486892445219 -0.028350315522402525 0.021996476749579112 -0.018101731220098293 0.02257990419216778 -0.025234122069612626 0.013994109564193405 0.0036022040027159233 0.0042649385131572452 -0.015895401185914863 -0.0020537229351966792 0.0079709507467210765 -0.019305018343140027 0.012607787642627955 -0.020739970116743021 0.022813147337267727 -0.0025168179915984194 0.016317723407410084
leaf_weight=332344 27 218 11878 27 189 222 43 21 22 21 20 21 72 38 21 23 23 31 101 27 780 329 1719 129 140 72 28 71 259 20
leaf_count=332344 27 218 11878 27 189 222 43 21 22 21 20 21 72 38 21 23 23 31 101 27 780 329 1719 129 140 72 28 71 259 20
internal_value=-1.76069e-09 -7.85143e-07 -0.000405763 -0.00219066 -0.00205368 -0.00581463 -0.0111723 -0.0197316 0.00242857 -0.00125767 0.0195835 -0.00148336 -0.0280176 -0.00152506 -0.012582 0.00103605 1.93707e-05 0.000814622 0.00308164 -0.0118103 -0.00127483 -0.00364782 -7.26633e-05 0.00140261 -0.00365151 -0.00989859 0.00327042 0.00790433 -0.00898882 -0.0140494
internal_weight=348936 348909 16542 4664 4637 810 347 158 43 3827 41 3786 115 463 82 44 332367 381 323 58 3765 1266 2499 658 369 240 100 289 608 349
internal_count=348936 348909 16542 4664 4637 810 347 158 43 3827 41 3786 115 463 82 44 332367 381 323 58 3765 1266 2499 658 369 240 100 289 608 349
cat_boundaries=0 3 6 9 11
cat_threshold=1887994410 1140918465 6 1351090688 65600 2 33320 2241 6 1351090176 67174400
is_linear=0
shrinkage=0.05


Tree=195
num_leaves=31
num_cat=8
split_feature=9 0 9 0 7 0 7 3 7 0 7 6 9 9 9 7 9 0 3 1 0 3 0 9 9 8 7 3 5 9
split_gain=1.11659 5.12835 4.03683 8.02218 5.6758 3.67138 7.08456 10.5012 6.71665 15.9013 8.5331 8.68201 15.7656 6.40545 15.7952 12.5088 11.5868 6.75331 19.7095 6.12291 8.59817 11.3754 7.89674 20.5841 7.56655 7.67411 5.9303 5.1095 6.77569 4.80474
threshold=0.73000000000000009 0 0.69000000000000006 1 1.5000000000000002 2 7.5000000000000009 5.5000000000000009 4.5000000000000009 3 7.5000000000000009 2.5000000000000004 1.8450000000000004 2.8450000000000002 3.2250000000000005 5.5000000000000009 2.6900000000000004 4 2.5000000000000004 5 6 2.5000000000000004 7 1.5350000000000004 1.2700000000000002 1.0000000180025095e-35 8.5000000000000018 3.5000000000000004 4.5000000000000009 3.2250000000000005
decision_type=2 1 2 1 2 1 2 2 2 1 2 2 2 2 2 2 2 1 2 1 1 2 1 2 2 2 2 2 2 2
left_child=1 2 -1 4 -4 6 -2 26 -7 29 13 12 -12 16 27 -16 17 18 -11 20 21 -19 23 -21 -24 -26 -8 -15 -29 -10
right_child=5 -3 3 -5 -6 8 7 -9 9 10 11 -13 -14 14 15 -17 -18 19 -20 22 -22 -23 24 -25 25 -27 -28 28 -30 -31
leaf_value=-5.0660545654490341e-05 -0.00013191532068507564 -0.00040393613750766078 0.0012947668724740424 3.5668214640929851e-05 0.0044686290245117546 0.00032962777261873731 -0.033487980505046637 0.015463559925556184 0.0012892549666882003 0.035831720392323206 -0.0055415177717804912 -0.012055226229131223 0.054317419197071684 -0.050447026353615976 0.022499439930261086 -0.023390157217228855 0.029291557293871173 -0.0149074478337336 -0.0083089905740652125 -0.012043454239081746 -0.0093400620805759432 0.010935939422175533 -0.012368732672927065 -0.049891623028594519 0.020544760699073475 -0.011199711646997568 -0.0065994176409534507 -0.0031773843276111978 -0.040107941544718216 0.016440522294830194
leaf_weight=45729 101113 71537 5422 12583 1903 108113 46 25 1076 36 22 26 22 26 33 27 23 59 85 164 309 153 138 46 45 33 37 23 27 55
leaf_count=45729 101113 71537 5422 12583 1903 108113 46 25 1076 36 22 26 22 26 33 27 23 59 85 164 309 153 138 46 45 33 37 23 27 55
internal_value=1.92245e-09 -0.000111128 0.00020803 0.000802351 0.00211643 7.19891e-05 -0.000145572 -0.0129448 0.000271196 -0.00232953 -0.00608078 0.0108519 0.024388 -0.00709634 -0.0173285 0.00184912 -0.00582084 -0.00657701 0.00445556 -0.00794976 -0.00411642 0.00357504 -0.012436 -0.0194097 -0.00509717 0.00711441 -0.0215015 -0.0324686 -0.0231199 0.0020083
internal_weight=348936 137174 65637 19908 7325 211762 101221 108 110541 2428 1297 70 44 1227 136 60 1091 1068 121 947 521 212 426 210 216 78 83 76 50 1131
internal_count=348936 137174 65637 19908 7325 211762 101221 108 110541 2428 1297 70 44 1227 136 60 1091 1068 121 947 521 212 426 210 216 78 83 76 50 1131
cat_boundaries=0 3 6 9 11 12 13 16 19
cat_threshold=3977684552 3776783663 4 68420608 2684624909 4 2503388232 3843536141 4 680087558 275253888 4194560 9 528 134217778 2 33554449 134217840 2
is_linear=0
shrinkage=0.05


Tree=196
num_leaves=31
num_cat=4
split_feature=6 0 9 8 1 0 5 5 9 0 5 6 8 3 9 7 10 8 9 5 7 8 7 7 7 9 5 9 3 8
split_gain=1.10995 6.71847 5.58227 5.5159 4.6419 7.8227 5.49955 5.98603 4.61802 4.91175 7.81691 8.47002 10.3063 9.29212 5.83476 11.3463 5.77144 10.7926 6.53486 7.05336 11.6609 8.99858 7.29588 7.10222 5.70206 10.9425 5.68636 5.83411 5.4618 5.12996
threshold=4.5000000000000009 0 4.2700000000000005 6.5000000000000009 1 2 9.5000000000000018 3.5000000000000004 1.2700000000000002 3 10.500000000000002 6.5000000000000009 3.5000000000000004 2.5000000000000004 2.4650000000000003 1.0000000180025095e-35 1.0000000180025095e-35 1.5000000000000002 2.6900000000000004 4.5000000000000009 4.5000000000000009 1.5000000000000002 1.5000000000000002 1.5000000000000002 1.5000000000000002 3.2250000000000005 8.5000000000000018 3.3650000000000007 4.5000000000000009 2.5000000000000004
decision_type=2 1 2 2 1 1 2 2 2 1 2 2 2 2 2 2 2 2 2 2 2 2 2 2 2 2 2 2 2 2
left_child=-1 3 -3 4 5 6 7 -2 -6 10 11 12 26 -13 -12 -16 18 -18 29 24 21 23 -23 -21 -20 -26 27 -10 -28 -11
right_child=1 2 -4 -5 8 -7 -8 -9 9 16 14 13 -14 -15 15 -17 17 -19 19 20 -22 22 -24 -25 25 -27 28 -29 -30 -31
leaf_value=1.2206463440861763e-05 0.021110237773620723 -0.001733905352265778 -0.023749808684505269 -0.024685735665261749 -0.0042235911888356256 -0.0052244979516082911 0.034101641792804005 -0.0066727166717990925 0.0058983083231080521 0.00500687928065388 0.0051062027092392773 0.02282149472638317 0.031374104201483226 -0.013943086624802911 -0.040789533600211147 0.0010587778063895911 -0.00023199336555523753 0.042953031250964044 -0.0018342711652318639 -0.037493145446582089 0.035459738709032539 0.028313114091753962 -0.0059572557759721111 -0.0027928345774610838 -0.0092538458853960032 -0.053088253053526081 0.00871765276727577 0.031831383609982292 0.042450044987102351 -0.0087829865916054465
leaf_weight=342506 33 4022 29 20 202 443 20 47 380 461 99 23 60 68 25 46 39 23 36 29 20 25 41 30 35 24 24 23 24 79
leaf_count=342506 33 4022 29 20 202 443 20 47 380 461 99 23 60 68 25 46 39 23 36 29 20 25 41 30 35 24 24 23 24 79
internal_value=-1.20816e-08 -0.000650856 -0.00188685 0.00145563 0.00168344 -0.00235379 0.0096823 0.00478775 0.00288766 0.00379556 0.00664347 0.00940318 0.011906 -0.00465094 -0.00273836 -0.0136765 0.00109254 0.0157883 -6.15797e-05 -0.00692645 1.16475e-05 -0.00566005 0.00702394 -0.0198489 -0.0175162 -0.0270848 0.00931597 0.00737836 0.0255838 0.00298947
internal_weight=348936 6430 4051 2379 2359 543 100 80 1816 1614 772 602 511 91 170 71 842 62 780 240 145 125 66 59 95 59 451 403 48 540
internal_count=348936 6430 4051 2379 2359 543 100 80 1816 1614 772 602 511 91 170 71 842 62 780 240 145 125 66 59 95 59 451 403 48 540
cat_boundaries=0 3 4 6 8
cat_threshold=89493609 358679281 1 2 8 4194464 4489313 287375425
is_linear=0
shrinkage=0.05


Tree=197
num_leaves=31
num_cat=7
split_feature=9 6 8 0 0 5 9 9 0 6 9 3 5 9 0 3 7 9 5 9 0 9 7 3 0 0 5 9 9 6
split_gain=1.08437 1.09708 1.09542 10.0954 9.80929 5.52564 8.04339 8.47238 7.51823 13.7319 11.6809 13.2048 9.74145 8.91322 20.3837 8.66351 7.80444 6.78822 7.56626 6.62187 20.4071 12.728 9.52294 11.0289 17.3939 15.4247 9.36208 10.5868 10.0942 14.1172
threshold=4.785000000000001 9.5000000000000018 1.0000000180025095e-35 0 1 4.5000000000000009 3.3650000000000007 3.0700000000000007 2 6.5000000000000009 2.4650000000000003 2.5000000000000004 3.5000000000000004 2.0700000000000007 3 2.5000000000000004 1.0000000180025095e-35 2.2700000000000005 1.5000000000000002 1.7300000000000002 4 3.4650000000000003 2.5000000000000004 2.5000000000000004 5 6 8.5000000000000018 2.8450000000000002 1.9300000000000004 1.5000000000000002
decision_type=2 2 2 1 1 2 2 2 1 2 2 2 2 2 1 2 2 2 2 2 1 2 2 2 1 1 2 2 2 2
left_child=1 2 4 -4 5 6 7 8 -1 10 13 -12 16 -10 15 -15 -13 18 -16 -7 21 -21 23 25 -25 -22 27 -24 -28 -30
right_child=-2 -3 3 -5 -6 19 -8 -9 9 -11 11 12 -14 14 17 -17 -18 -19 -20 20 22 -23 26 24 -26 -27 28 -29 29 -31
leaf_value=0.0012315361941472168 0.010019799394326078 -0.0087288103195735153 0.00068078102361130691 -0.00014933114314551559 0.00021269164684795434 -0.0007724276240611064 -0.024279124571887009 0.025374620046579477 -0.00070523774360829467 0.037179764391233522 0.016063215624055136 -0.039408344301310461 -0.054400678594475206 0.016693322608313924 0.013232340297794768 -0.015469956155641972 -0.0016082995493585867 0.01335625724401325 0.051404168678666741 -0.011802886513981356 6.368551619631132e-05 0.020432649183931062 0.011683455571108083 0.0083560173742980338 -0.0056769042990570144 -0.020245197985855026 0.026418609175431942 0.049959993972019723 0.022807868085159312 -0.017780306028406613
leaf_weight=8424 27 36 51082 129351 102962 38697 34 33 15679 24 23 22 23 28 21 83 36 70 34 711 216 32 101 416 449 161 28 22 29 82
leaf_count=8424 27 36 51082 129351 102962 38697 34 33 15679 24 23 22 23 28 21 83 36 70 34 711 216 32 101 416 449 161 28 22 29 82
internal_value=-1.89615e-08 -7.94336e-07 1.06303e-07 8.57096e-05 -9.1592e-05 -0.000570013 2.32682e-05 5.6994e-05 2.28467e-05 -0.000612209 -0.000669212 -0.0173716 -0.0268654 -0.000560066 0.0090846 -0.00674871 -0.0159462 0.0219301 0.0368295 -0.000925652 -0.00356443 -0.0102762 -0.000179167 -0.00200771 0.00110285 -0.00914466 0.00848211 0.0185297 -0.000408891 -0.00717619
internal_weight=348936 348909 348873 180433 168440 65478 24534 24500 24467 16043 16019 104 81 15915 236 111 58 125 55 40944 2247 743 1504 1242 865 377 262 123 139 111
internal_count=348936 348909 348873 180433 168440 65478 24534 24500 24467 16043 16019 104 81 15915 236 111 58 125 55 40944 2247 743 1504 1242 865 377 262 123 139 111
cat_boundaries=0 3 6 9 11 14 16 19
cat_threshold=1346836749 136315429 2 1347885357 2552234917 3 1343293440 2550136832 1 4198433 420 1342312448 2281701636 1 327716 270533152 4196361 268435617 2
is_linear=0
shrinkage=0.05


Tree=198
num_leaves=31
num_cat=9
split_feature=9 0 7 9 7 7 0 1 3 3 0 0 7 6 5 7 8 3 0 0 9 3 9 10 7 7 8 7 1 0
split_gain=1.09619 5.76252 11.4985 9.9873 8.04243 6.85216 14.0779 10.8041 13.6612 10.71 22.0088 19.0002 9.20281 7.40275 16.8861 11.7511 8.1718 6.80522 18.9683 18.9505 22.1341 19.5122 50.8997 21.9818 17.4549 16.0244 15.1669 15.1623 21.5155 25.4709
threshold=1.3650000000000002 0 8.5000000000000018 1.5350000000000004 9.5000000000000018 2.5000000000000004 1 2 3.5000000000000004 3.5000000000000004 3 4 3.5000000000000004 1.5000000000000002 8.5000000000000018 1.0000000180025095e-35 1.5000000000000002 3.5000000000000004 5 6 3.6900000000000004 1.5000000000000002 2.6900000000000004 1.0000000180025095e-35 1.5000000000000002 1.0000000180025095e-35 1.5000000000000002 1.0000000180025095e-35 7 8
decision_type=2 1 2 2 2 2 1 1 2 2 1 1 2 2 2 2 2 2 1 1 2 2 2 2 2 2 2 2 1 1
left_child=-1 2 3 5 -3 9 -7 8 12 11 -11 13 -8 14 15 16 -2 19 -19 -5 21 22 23 25 -25 -21 -23 28 29 -20
right_child=1 4 -4 17 -6 6 7 -9 -10 10 -12 -13 -14 -15 -16 -17 -18 18 27 20 -22 26 -24 24 -26 -27 -28 -29 -30 -31
leaf_value=-4.413976979514958e-05 -0.0043884876864344882 0.00047933601065874637 0.030916042580943683 0.0043239568343469877 -0.029758355978199025 0.0078033331637234653 0.03497311215226849 -0.015772370456678238 -0.012146402024772279 0.0042974080278107719 -0.0045755886631223324 -0.0092814689446384501 -0.0045156886875629427 -0.0047526652806835238 0.0169764779613946 0.007809935803727611 -0.028029387403765451 0.002663880384753342 0.0043014884743440363 0.0017184286401727114 0.037218254109894905 -0.0020085184771126805 -0.040403908287855589 0.0048756260071592082 0.052946761749418716 -0.01177065145912304 0.0067546813387675255 -0.00031791105789188241 -0.0034977455105400465 -0.025545527594840679
leaf_weight=279681 178 49510 29 2862 22 119 36 348 86 1511 1283 1026 25 407 176 184 46 2604 102 388 37 1406 104 58 28 509 761 3243 1921 246
leaf_count=279681 178 49510 29 2862 22 119 36 348 86 1511 1283 1026 25 407 176 184 46 2604 102 388 37 1406 104 58 28 509 761 3243 1921 246
internal_value=-4.02677e-08 0.000178052 -0.000544582 -0.000591185 0.000465812 -0.00241728 -0.00739142 -0.0109801 0.00064681 -0.00178246 0.000221948 -0.00455902 0.0187892 0.000419631 0.00403148 -0.00155263 -0.00924332 0.000103088 -0.000847664 0.00135716 -0.0012323 -0.00167329 -0.00714004 -0.00362077 0.0205267 -0.00593591 0.00106891 -0.00250689 -0.00564656 -0.0169215
internal_weight=348936 69255 19723 19694 49532 5425 614 495 147 4811 2794 2017 61 991 584 408 224 14269 8116 6153 3291 3254 1087 983 86 897 2167 5512 2269 348
internal_count=348936 69255 19723 19694 49532 5425 614 495 147 4811 2794 2017 61 991 584 408 224 14269 8116 6153 3291 3254 1087 983 86 897 2167 5512 2269 348
cat_boundaries=0 3 5 6 9 11 13 16 17 19
cat_threshold=3659550726 1393574176 1 167772160 256 4 2415939590 34603040 1 1243611136 1342193952 2181038082 302006272 1344294916 17825792 1 8 402669568 1073741824
is_linear=0
shrinkage=0.05


Tree=199
num_leaves=31
num_cat=9
split_feature=6 1 10 5 0 9 0 9 3 8 5 5 0 9 0 9 9 9 3 9 10 0 8 0 9 8 0 7 3 0
split_gain=1.08547 3.5893 10.9988 49.8155 53.8311 37.3188 31.2824 28.7231 22.7595 19.9604 19.2398 18.8706 14.2897 19.5758 14.1835 13.6616 12.6628 11.6125 10.7385 34.1442 10.6768 28.8765 12.0223 28.1744 25.7229 29.7316 23.3214 12.0703 11.4973 21.9251
threshold=1.0000000180025095e-35 0 1.0000000180025095e-35 9.5000000000000018 1 1.4150000000000003 2 0.84500000000000008 1.5000000000000002 3.5000000000000004 5.5000000000000009 1.5000000000000002 3 2.2700000000000005 4 0.69000000000000006 1.6900000000000002 1.9300000000000004 3.5000000000000004 1.2700000000000002 1.0000000180025095e-35 5 1.0000000180025095e-35 6 1.4150000000000003 1.5000000000000002 7 3.5000000000000004 5.5000000000000009 8
decision_type=2 1 2 2 1 2 1 2 2 2 2 2 1 2 1 2 2 2 2 2 2 1 2 1 2 2 1 2 2 1
left_child=1 2 12 5 7 6 15 -5 -7 14 -10 -8 17 -14 -6 -4 -12 -1 19 -9 -3 -22 26 24 27 -26 -23 -24 -25 -30
right_child=-2 20 3 4 9 8 11 18 10 -11 16 -13 13 -15 -16 -17 -18 -19 -20 -21 21 22 23 28 25 -27 -28 -29 29 -31
leaf_value=0.00079067456197509135 -8.4340505035056969e-05 0.0001106680454497311 -0.0038290298601646941 0.0093883511782796303 -0.013769150924738773 0.0077812451934605315 -0.011722956938161092 0.02702242329049076 -0.017293024979246299 0.036461406364105643 -0.032622707800441228 0.00247227537119022 -0.00071878165757429443 -0.026298251438885929 0.0013706088935232683 -0.014294577114372712 -0.07092496646988776 0.011713932552261323 0.025947522068842474 0.10086937805880672 -0.0021788186115855794 -0.0039025072089046878 0.011564870616872586 0.00052878892475923575 0.062960976277882205 0.01300589436226908 0.0052386232838253326 -0.016596767429728061 0.017067610150243703 -0.0011447843186363151
leaf_weight=22265 182428 102913 540 243 228 57 275 49 188 32 71 1575 27477 75 443 738 31 246 114 23 2905 1161 780 1540 53 68 1720 40 337 321
leaf_count=22265 182428 102913 540 243 228 57 275 49 188 32 71 1575 27477 75 443 738 31 246 114 23 2905 1161 780 1540 53 68 1720 40 337 321
internal_value=-8.88104e-08 9.22183e-05 -0.000239791 -0.00257769 0.00653187 -0.00554518 -0.00381939 0.0202357 -0.0211021 -0.00208893 -0.0267792 0.000360226 -2.46956e-05 -0.000788126 -0.00395853 -0.00979586 -0.0442636 0.00090964 0.0354952 0.0506124 0.000254514 0.00191346 0.00388539 0.00603247 0.0132261 0.034887 0.00155952 0.0101911 0.00287947 0.00842483
internal_weight=348936 166508 54670 4607 1132 3475 3128 429 347 703 290 1850 50063 27552 671 1278 102 22511 186 72 111838 8925 6020 3139 941 121 2881 820 2198 658
internal_count=348936 166508 54670 4607 1132 3475 3128 429 347 703 290 1850 50063 27552 671 1278 102 22511 186 72 111838 8925 6020 3139 941 121 2881 820 2198 658
cat_boundaries=0 1 4 6 9 12 14 16 18 21
cat_threshold=4 2433130571 435324042 3 2211012974 1239422633 48263988 597504826 6 13655460 2064 4 1598341266 563628112 547364360 2281706656 546323468 1342575660 2147688516 373555465 1
is_linear=0
shrinkage=0.05


Tree=200
num_leaves=31
num_cat=5
split_feature=9 6 0 7 3 0 9 5 9 0 5 10 5 1 9 5 9 3 7 8 9 8 5 9 8 8 5 9 0 7
split_gain=1.06011 1.17298 3.58696 6.11297 5.11789 11.711 10.7464 10.0727 8.22689 15.0163 18.183 15.5459 21.0502 11.2975 19.004 16.3112 11.4896 10.4616 12.3221 9.78666 8.92825 8.33171 8.26728 15.6671 12.1655 7.07163 6.7956 12.7146 6.61681 7.92954
threshold=1.0000000180025095e-35 1.0000000180025095e-35 0 7.5000000000000009 5.5000000000000009 1 2.6900000000000004 5.5000000000000009 1.2700000000000002 2 3.5000000000000004 1.0000000180025095e-35 2.5000000000000004 3 1.6900000000000002 1.5000000000000002 1.8450000000000004 6.5000000000000009 1.0000000180025095e-35 1.5000000000000002 1.6900000000000002 2.5000000000000004 4.5000000000000009 1.5350000000000004 1.5000000000000002 2.5000000000000004 2.5000000000000004 1.4150000000000003 4 1.5000000000000002
decision_type=2 2 1 2 2 1 2 2 2 1 2 2 2 1 2 2 2 2 2 2 2 2 2 2 2 2 2 2 1 2
left_child=-1 2 3 -2 -4 -6 8 -8 -7 10 13 21 -13 14 15 -10 -15 22 19 20 -19 -11 -12 28 -25 -20 -17 -28 29 -24
right_child=1 -3 4 -5 5 6 7 -9 9 11 17 12 -14 16 -16 26 -18 18 25 -21 -22 -23 23 24 -26 -27 27 -29 -30 -31
leaf_value=-0.0010535146647923006 -0.00016545113904504948 -8.0123484026736313e-05 7.7560803671251601e-05 0.021040465364999632 -0.00023513830778763541 0.0014542264001197738 0.00030365797138074416 -0.040381313012591728 -0.012595889071623484 0.0082834408639590063 -0.01664781700819731 0.071285144168706169 0.015915342630382547 0.0078666737874348962 0.054775520646944645 0.0399865713257056 -0.029667891716651087 -0.022118657525806204 0.0020568368871297159 -0.0036332476981473963 -0.059290596619248397 -0.0052316151505206222 0.012872201290934585 0.026692329634213821 -0.011699009543428056 -0.025889323700147755 -0.01596855568614873 0.036149662561714653 -0.01191691960644933 -0.01776281696345125
leaf_weight=2372 73415 182428 64877 34 11977 11521 32 29 45 983 52 21 94 75 32 39 28 84 175 58 20 129 86 100 26 26 22 25 103 28
leaf_count=2372 73415 182428 64877 34 11977 11521 32 29 45 983 52 21 94 75 32 39 28 84 175 58 20 129 86 100 26 26 22 25 103 28
internal_value=-8.05312e-08 7.12952e-06 0.000104106 -0.000155614 0.000314441 0.000909993 0.00190028 -0.0190384 0.0019944 0.00475909 0.000243654 0.00845657 0.0260263 0.0114933 0.0190631 0.0117946 -0.00213009 -0.00370089 -0.00982833 -0.0200896 -0.0292671 0.0067156 0.00193015 0.00474664 0.0187703 -0.00155809 0.0245571 0.0117539 -0.00339614 0.00491654
internal_weight=348936 346564 164136 73449 90687 25810 13833 61 13772 2251 1024 1227 115 266 163 131 103 758 363 162 104 1112 395 343 126 201 86 47 217 114
internal_count=348936 346564 164136 73449 90687 25810 13833 61 13772 2251 1024 1227 115 266 163 131 103 758 363 162 104 1112 395 343 126 201 86 47 217 114
cat_boundaries=0 3 5 8 9 12
cat_threshold=925789793 1896875736 3 1074888836 13136167 142610432 69566464 4 6 134217728 67436544 4
is_linear=0
shrinkage=0.05


Tree=201
num_leaves=31
num_cat=2
split_feature=9 6 0 9 0 9 5 5 5 9 8 7 3 9 9 5 9 8 3 7 7 6 3 8 9 5 9 9 5 5
split_gain=1.02502 1.05961 19.7449 11.8867 8.14276 9.477 5.38763 5.33915 7.69881 8.09119 5.72679 5.15023 5.27482 4.97111 4.22753 4.15344 3.88679 3.78395 6.55768 4.06194 3.52545 4.297 3.4989 3.23224 2.31975 2.12948 1.89296 1.6422 1.44101 1.39733
threshold=4.785000000000001 6.5000000000000009 0 3.0700000000000007 1 1.8450000000000004 10.500000000000002 1.5000000000000002 5.5000000000000009 2.9300000000000002 1.5000000000000002 1.0000000180025095e-35 5.5000000000000009 2.5350000000000006 2.5350000000000006 2.5000000000000004 3.3650000000000007 1.5000000000000002 5.5000000000000009 2.5000000000000004 1.5000000000000002 7.5000000000000009 5.5000000000000009 1.5000000000000002 2.2700000000000005 3.5000000000000004 2.6900000000000004 2.2700000000000005 8.5000000000000018 9.5000000000000018
decision_type=2 2 1 2 1 2 2 2 2 2 2 2 2 2 2 2 2 2 2 2 2 2 2 2 2 2 2 2 2 2
left_child=1 -1 3 11 5 -4 15 10 9 13 -6 28 14 22 -13 -7 -5 20 19 -19 27 -22 24 -11 -9 -25 -17 29 -3 -10
right_child=-2 2 4 16 7 6 -8 8 17 23 -12 12 -14 -15 -16 26 -18 18 -20 -21 21 -23 -24 25 -26 -27 -28 -29 -30 -31
leaf_value=3.4986232920374715e-06 0.0097416490247404144 -0.013449324868820809 -0.014571527950465679 -0.050247361843028797 0.0024649431820337971 0.012123080343008042 0.0011608435213565826 -0.0026775920297950509 -0.019110841192305092 0.034041274609626269 -0.027507048998685446 -0.0017533890937920663 -0.016815368932756512 -0.013175036977045237 0.025534372649748217 0.050953212156891831 -0.024072996788733717 -0.012948921890702189 0.029480010620318353 0.012314712034108548 0.0098300456134385854 -0.016578836040571334 0.021968501408894857 0.02343045499013818 0.016143243167210709 0.0011223984090611339 0.029920476290356851 -0.025549517288804054 -0.029608421328223569 -0.0051798095968034535
leaf_weight=348043 27 37 20 23 30 20 20 64 30 32 34 40 33 40 22 20 37 41 20 26 43 24 30 23 22 20 23 25 22 45
leaf_count=348043 27 37 20 23 30 20 20 64 30 32 34 40 33 40 22 20 37 41 20 26 43 24 30 23 22 20 23 25 22 45
internal_value=-9.39111e-08 -8.47767e-07 -0.00174765 -0.0145477 0.00263629 0.0148804 0.02377 0.000114023 0.00190728 0.00851302 -0.0134577 -0.00787206 -0.000666174 0.00202461 0.00792937 0.0309476 -0.0341065 -0.00410031 0.00435491 -0.00314512 -0.00850512 0.000370148 0.00726587 0.0220089 0.00213704 0.0130546 0.0397031 -0.0144515 -0.0194748 -0.0107522
internal_weight=348936 348909 866 214 652 103 83 549 485 231 64 154 95 156 62 63 60 254 87 67 167 67 116 75 86 43 43 100 59 75
internal_count=348936 348909 866 214 652 103 83 549 485 231 64 154 95 156 62 63 60 254 87 67 167 67 116 75 86 43 43 100 59 75
cat_boundaries=0 3 6
cat_threshold=1208025424 2149813888 2 11010048 1350565888 4
is_linear=0
shrinkage=0.05


Tree=202
num_leaves=31
num_cat=12
split_feature=9 6 0 9 3 0 1 5 0 5 5 0 0 3 9 9 0 0 10 0 9 0 5 0 7 0 9 7 5 3
split_gain=1.02616 4.54886 3.69168 1.88941 1.35223 10.4738 10.4722 24.96 35.1998 27.0721 27.9743 60.7905 27.8593 25.7041 37.4099 27.8042 23.5324 20.6545 18.5095 21.1054 17.0533 20.1331 17.0434 16.9799 15.5937 14.8287 14.7418 16.8157 14.6844 23.9692
threshold=0.31000000000000005 1.5000000000000002 0 0.22500000000000003 3.5000000000000004 1 2 10.500000000000002 3 9.5000000000000018 8.5000000000000018 4 5 1.5000000000000002 2.3650000000000007 3.1550000000000007 6 7 1.0000000180025095e-35 8 1.6900000000000002 9 4.5000000000000009 10 7.5000000000000009 11 1.5350000000000004 1.0000000180025095e-35 11.500000000000002 2.5000000000000004
decision_type=2 2 1 2 2 1 1 2 1 2 2 1 1 2 2 2 1 1 2 1 2 1 2 1 2 1 2 2 2 2
left_child=1 2 3 -1 6 -6 7 9 20 10 12 -12 24 23 17 28 -11 -15 25 -20 -9 -22 -14 -10 -2 -8 -18 -28 29 -16
right_child=4 -3 -4 -5 5 -7 18 8 13 16 11 -13 22 14 15 -17 26 -19 19 -21 21 -23 -24 -25 -26 -27 27 -29 -30 -31
leaf_value=-0.00031110537092440133 0.0015405653785170144 -0.0043558475822376872 -0.00067292590462065529 0.0010067648264121618 0.00060474310949268839 -0.00017713356248567533 -0.0013789573353097154 0.00095755661466633804 0.0070782700573033611 3.3666237802946957e-05 -0.0027733496838366835 0.011287721622943966 8.0313579599339499e-05 0.010933575382005668 0.020995376555012109 -0.00052133497227443743 -0.0070109075976228803 0.0025521624971235916 -0.0011950962551093506 0.0043211028068638685 -0.016008498122714262 0.00019352932879924598 -0.0028909588138968851 -0.0034009658611861776 -0.030112837582157978 -1.0545845664277723e-05 -0.0057278635539114477 -0.039484763977070077 0.02098437532631707 0.065953295314241031
leaf_weight=4431 16655 671 16304 7042 68285 114873 36905 2376 605 1608 1404 1686 10231 1339 56 89 1569 1661 2978 4137 360 407 9136 1031 39 42705 70 78 142 63
leaf_count=4431 16655 671 16304 7042 68285 114873 36905 2376 605 1608 1404 1686 10231 1339 56 89 1569 1661 2978 4137 360 407 9136 1031 39 42705 70 78 142 63
internal_value=-8.92181e-08 -0.000287885 -0.000189617 0.000497355 2.54569e-05 0.000114389 -9.31528e-05 0.000478383 0.00301681 -7.30625e-06 0.000360554 0.00492636 -3.06812e-05 0.00562269 0.00814276 0.0236119 -0.00433877 0.00633802 -0.000426656 0.00201668 -0.00113139 -0.00761727 -0.00132064 0.000496779 0.00146574 -0.000645078 -0.00838499 -0.0235187 0.0318413 0.0447966
internal_weight=348936 28448 27777 11473 320488 183158 137330 50605 8129 42476 39151 3090 36061 4986 3350 350 3325 3000 86725 7115 3143 767 19367 1636 16694 79610 1717 148 261 119
internal_count=348936 28448 27777 11473 320488 183158 137330 50605 8129 42476 39151 3090 36061 4986 3350 350 3325 3000 86725 7115 3143 767 19367 1636 16694 79610 1717 148 261 119
cat_boundaries=0 3 6 7 10 13 16 19 22 25 27 29 32
cat_threshold=123575505 3926920834 1 16958302 690816120 6 12 3232727082 652513928 6 1833711864 551178513 7 2766743616 1943461760 3 899850858 1284954950 5 151008453 1342204962 1 2830404140 1133144816 1 9076776 106959488 240127488 1342324820 17483602 3152374818 7
is_linear=0
shrinkage=0.05


Tree=203
num_leaves=31
num_cat=12
split_feature=3 10 0 9 0 9 0 7 5 9 1 1 0 5 0 5 0 5 5 0 0 9 6 9 5 0 9 5 0 7
split_gain=1.09375 26.1304 42.0021 32.7268 21.4037 18.4555 43.4872 21.5817 22.9726 30.8293 18.3705 15.6619 19.7292 14.8341 14.7338 13.919 20.786 18.2997 21.4415 25.5336 23.9739 16.9988 15.8143 15.6739 12.7393 12.4457 18.1477 12.2667 14.3699 13.0694
threshold=1.5000000000000002 1.0000000180025095e-35 0 1.6900000000000002 1 1.5350000000000004 2 1.0000000180025095e-35 1.5000000000000002 1.8450000000000004 3 4 5 6.5000000000000009 6 2.5000000000000004 7 11.500000000000002 9.5000000000000018 8 9 1.9300000000000004 3.5000000000000004 2.8450000000000002 11.500000000000002 10 1.2700000000000002 6.5000000000000009 11 3.5000000000000004
decision_type=2 2 1 2 1 2 1 2 2 2 1 1 1 2 1 2 1 2 2 1 1 2 2 2 2 1 2 2 1 2
left_child=1 4 27 -4 -1 25 7 8 9 -7 -10 14 24 -12 -9 16 -8 18 20 -20 21 -17 -21 -23 -13 26 -6 28 -3 -29
right_child=-2 2 3 -5 5 6 15 11 10 -11 13 12 -14 -15 -16 17 -18 -19 19 22 -22 23 -24 -25 -26 -27 -28 29 -30 -31
leaf_value=0.0011143493848659997 -3.6207867847666947e-05 -0.0128082164070985 0.0064564211950210006 0.025119842902394465 -0.0011259001146373417 -0.0024639934119654867 0.025585798795763698 -0.02082958416449401 0.00070056574118212078 0.067982851222157484 -0.02775771237076672 -0.036836571772603709 -0.011119128192091779 -0.002566419849076222 0.00017696451728365251 -0.017107633097663884 0.00098603691866274118 0.012573305214454787 0.0050777717823146194 -0.033590015073460121 0.0049368994527092015 0.0098438238276155315 0.0044662537899884313 -0.031160561141691041 -0.0031011467333883049 0.00032631527593015626 -0.0078856684715913426 0.0041364044904792082 -0.00035918155993388987 -0.026256985509315052
leaf_weight=19836 299088 384 1953 267 6466 41 116 118 349 25 147 223 294 97 249 286 285 201 103 158 750 139 33 28 32 14679 1173 803 576 37
leaf_count=19836 299088 384 1953 267 6466 41 116 118 349 25 147 223 294 97 249 286 285 201 103 158 750 139 33 28 32 14679 1173 803 576 37
internal_value=-6.84402e-08 0.000216768 0.00408196 0.00866206 -0.000122284 -0.00106605 -0.00435022 -0.0105954 -0.00376218 0.0242204 -0.0068766 -0.015627 -0.0209195 -0.0170446 -0.00695054 0.000384511 0.00876482 -0.00159232 -0.00349432 -0.0155988 -0.000536113 -0.00949673 -0.0256708 0.00296884 -0.0313728 -0.000525886 -0.00216106 -0.00160602 -0.00547596 0.00279765
internal_weight=348936 49848 4020 2220 45828 25992 3674 1575 659 66 593 916 549 244 367 2099 401 1698 1497 294 1203 453 191 167 255 22318 7639 1800 960 840
internal_count=348936 49848 4020 2220 45828 25992 3674 1575 659 66 593 916 549 244 367 2099 401 1698 1497 294 1203 453 191 167 255 22318 7639 1800 960 840
cat_boundaries=0 3 6 9 10 11 13 15 17 19 21 23 25
cat_threshold=458498757 1399483696 5 1151619197 677563313 6 2332131712 1107829832 1 3 5 184582144 1107305472 33554688 532488 268959744 2164523010 538059264 17039362 537010688 2147745798 269551616 93327438 51380292 17442864
is_linear=0
shrinkage=0.05


Tree=204
num_leaves=31
num_cat=11
split_feature=9 8 0 9 8 0 9 0 9 5 8 5 7 8 0 7 0 9 9 0 7 0 8 0 0 9 0 7 3 0
split_gain=1.06654 5.48393 32.0635 17.699 19.0345 24.013 17.2386 16.2549 18.398 15.8783 12.546 11.9906 17.2489 14.8551 11.8533 11.2995 19.1722 29.2157 30.0308 14.4811 17.2518 10.3858 10.0175 19.8281 16.623 13.4049 27.4153 13.3943 12.302 11.3983
threshold=1.3650000000000002 2.5000000000000004 0 3.7900000000000005 3.5000000000000004 1 3.5350000000000006 2 3.2250000000000005 3.5000000000000004 3.5000000000000004 5.5000000000000009 4.5000000000000009 6.5000000000000009 3 1.5000000000000002 4 2.0700000000000007 2.4150000000000005 5 1.0000000180025095e-35 6 3.5000000000000004 7 8 2.0700000000000007 9 2.5000000000000004 5.5000000000000009 10
decision_type=2 2 1 2 2 1 2 1 2 2 2 2 2 2 1 2 1 2 2 1 2 1 2 1 1 2 1 2 2 1
left_child=-1 14 22 4 7 6 11 8 -4 -10 -5 15 13 21 -2 19 17 -17 -19 20 -6 -13 24 -24 25 29 27 -27 -28 -3
right_child=1 2 3 10 5 -7 -8 -9 9 -11 -12 12 -14 -15 -16 16 -18 18 -20 -21 -22 -23 23 -25 -26 26 28 -29 -30 -31
leaf_value=-4.357287500267643e-05 0.00074688459429366849 -0.0077529996355571729 0.0094513981381654372 -0.048013025178359106 -0.0020755815800161115 -0.0025373375943924083 -0.034298519942909479 0.0031121273300329646 0.0051290334964340387 0.059337104106588025 -0.0061010531198821575 0.0053231395308269572 -0.01577251790719026 -0.0093769979402422918 -0.00069180911680324887 0.004451109818182886 7.4733767983023872e-05 0.10294724911451342 0.024361748741038386 0.0047537551310636045 -0.042103642100428648 0.024437558765269138 0.0050255685041268316 -0.0036286549690405742 -0.0069446228889591018 0.0037914837590594802 0.013657758654163077 -0.021488153857070133 0.040582564712296855 0.0030532361073870758
leaf_weight=279681 26674 524 1440 26 63 1763 25 1542 22 35 57 121 46 50 30880 64 221 20 31 178 47 287 1318 1310 1616 164 151 77 59 444
leaf_count=279681 26674 524 1440 26 63 1763 25 1542 22 35 57 121 46 50 30880 64 221 20 31 178 47 287 1318 1310 1616 164 151 77 59 444
internal_value=-7.39177e-08 0.000175593 0.00116236 0.00369356 0.00401927 0.00113344 0.00671006 0.00678831 0.0104842 0.0384147 -0.0192301 0.00767843 0.0134145 0.0163459 -2.5022e-05 0.00304546 0.00927468 0.0247922 0.0551796 -0.00422197 -0.0175803 0.0194983 -0.00154025 0.000716945 -0.00349983 0.000468842 0.00759181 -0.00411468 0.0202577 -0.00284497
internal_weight=348936 69255 11701 6038 5955 2916 1153 3039 1497 57 83 1128 504 458 57554 624 336 115 51 288 110 408 5663 2628 3035 1419 451 241 210 968
internal_count=348936 69255 11701 6038 5955 2916 1153 3039 1497 57 83 1128 504 458 57554 624 336 115 51 288 110 408 5663 2628 3035 1419 451 241 210 968
cat_boundaries=0 3 5 8 11 13 15 17 20 23 25 28
cat_threshold=3173437748 2302823991 6 4718664 1956151488 1120931465 372736 1 958628788 2294681303 6 4194368 805306496 72 269484096 524296 67108992 335859984 155205684 4 2703360004 16928262 2 2149580800 16908806 537001988 16796672 2
is_linear=0
shrinkage=0.05


Tree=205
num_leaves=31
num_cat=11
split_feature=5 3 0 9 3 0 0 9 9 0 9 5 3 1 0 9 5 3 0 0 9 9 9 0 3 7 9 7 1 0
split_gain=1.02856 12.7555 45.055 16.4148 14.62 54.1071 31.4117 48.8395 29.5502 27.809 22.7258 19.9806 19.3386 19.13 24.132 23.5424 18.277 19.3111 31.3546 26.4281 23.0607 22.5382 16.8611 16.5029 16.0326 15.3758 13.9351 13.383 13.1169 18.3126
threshold=2.5000000000000004 6.5000000000000009 0 3.2250000000000005 3.5000000000000004 1 2 1.3650000000000002 1.0700000000000001 3 3.0700000000000007 1.5000000000000002 4.5000000000000009 4 5 3.0700000000000007 1.5000000000000002 4.5000000000000009 6 7 2.2700000000000005 1.5350000000000004 2.8450000000000002 8 5.5000000000000009 1.5000000000000002 0.69000000000000006 1.0000000180025095e-35 9 10
decision_type=2 2 1 2 2 1 1 2 2 1 2 2 2 1 1 2 2 2 1 1 2 2 2 1 2 2 2 2 1 1
left_child=1 4 3 28 6 10 7 -1 -7 12 16 -12 23 -14 24 -16 -6 19 26 20 -18 -21 -9 -10 -15 -26 -19 -25 29 -3
right_child=-2 2 -4 -5 5 8 -8 22 9 -11 11 -13 13 14 15 -17 17 18 -20 21 -22 -23 -24 27 25 -27 -28 -29 -30 -31
leaf_value=0.00063971914939190929 4.0435280079096602e-05 -0.0059351190639289975 0.0046530640746032205 -0.044610314071178436 0.0029570068173906563 -0.0015602506335338118 -0.0011794373648134589 0.0073220629902473224 0.0055808306629972597 -0.0025867767648634359 0.045561971142025731 -0.0017618493176996708 -0.020845599897293423 -0.0098515592437326827 -0.013716523545885671 -0.06737568829031218 0.00041840033617155346 -0.00081523447926913411 -0.0030393216561505239 -0.0073015578124313507 0.048293838965205046 -0.028475089981091314 0.022824314506356851 -0.016603532697714814 -0.002116454736283547 0.021375249436561456 0.0092177598998850526 -0.00206656112649073 -0.0060282945581928236 0.0031414869735002914
leaf_weight=9677 285487 840 5092 23 6123 9780 14985 2283 311 2880 54 38 511 292 768 21 772 492 2028 988 26 144 190 282 187 111 1167 361 1428 1595
leaf_count=9677 285487 840 5092 23 6123 9780 14985 2283 311 2880 54 38 511 292 768 21 772 492 2028 988 26 144 190 282 187 111 1167 361 1428 1595
internal_value=-3.44405e-08 -0.000182127 0.00156409 -0.00248909 -0.000469942 -0.00128607 0.000352231 0.00224042 -0.00322814 -0.00608352 0.00126037 0.0260152 -0.00958174 -0.0125447 -0.00925051 -0.0149552 0.00106746 -0.000992312 0.0011288 -0.00504441 0.00195377 -0.00990749 0.0085131 -0.00381214 -0.00149963 0.00663381 0.00620493 -0.00831275 -0.00224475 -1.13072e-06
internal_weight=348936 63449 8978 3886 54471 27336 27135 12150 15504 5724 11832 92 2844 1890 1379 789 11740 5617 3687 1930 798 1132 2473 954 590 298 1659 643 3863 2435
internal_count=348936 63449 8978 3886 54471 27336 27135 12150 15504 5724 11832 92 2844 1890 1379 789 11740 5617 3687 1930 798 1132 2473 954 590 298 1659 643 3863 2435
cat_boundaries=0 3 6 9 11 12 14 16 19 21 22 24
cat_threshold=3493092439 3102278726 1 2995967511 746914532 6 3507038564 2481601817 1 151068936 57304337 4 151060488 147728 806391827 671154244 2457879556 67371040 6 73728 34079745 6 268437573 402718788
is_linear=0
shrinkage=0.05


Tree=206
num_leaves=31
num_cat=6
split_feature=6 0 5 8 3 3 6 8 0 8 5 0 5 3 6 9 7 9 6 8 6 9 6 7 0 0 9 0 9 5
split_gain=1.09573 6.3684 5.83391 10.4322 10.3518 8.58865 10.8007 8.24192 6.93611 9.25428 10.8005 6.87371 7.51627 8.80095 7.29323 7.39939 7.1437 12.0757 24.5568 18.3534 8.33493 5.73963 5.34307 6.51555 32.9625 20.6004 15.7475 16.5682 14.3197 11.4234
threshold=4.5000000000000009 0 4.5000000000000009 3.5000000000000004 1.5000000000000002 3.5000000000000004 5.5000000000000009 1.5000000000000002 1 2.5000000000000004 5.5000000000000009 2 3.5000000000000004 5.5000000000000009 5.5000000000000009 3.0700000000000007 1.5000000000000002 1.9300000000000004 5.5000000000000009 1.5000000000000002 6.5000000000000009 1.9300000000000004 8.5000000000000018 1.5000000000000002 3 4 2.5350000000000006 5 2.4150000000000005 4.5000000000000009
decision_type=2 1 2 2 2 2 2 2 1 2 2 1 2 2 2 2 2 2 2 2 2 2 2 2 1 1 2 1 2 2
left_child=-1 2 4 8 7 -5 -7 -2 -4 -10 -11 12 14 21 -6 -16 17 -13 19 -19 -20 -14 23 25 -25 28 -26 -28 -3 -29
right_child=1 22 3 5 11 6 -8 -9 9 10 -12 16 13 -15 15 -17 -18 18 20 -21 -22 -23 -24 24 26 -27 27 29 -30 -31
leaf_value=1.2069703449039246e-05 -0.003769299954708134 -0.0026745124053484926 -0.0081968540028901776 -0.036209466034391277 -0.014932026804667221 -0.024071590097414122 0.014659552092974384 -0.032220561818685385 -0.0022476348179856836 -0.014226487539708616 0.029248574814759194 0.0032849689412732331 0.0065288721037835909 -0.017706211395561694 -0.0050599075578363012 0.027571729570627215 -0.0016722680377433742 0.022316918481846113 -0.024679974498956102 0.077773532018065458 0.01702690001949668 0.039975378314114136 -0.013482836237761068 -0.0037907166549150206 0.0054943555191230139 0.0037796080868649109 0.0034300452104220405 0.017782868653535844 -0.016046298012280694 0.044555267743245863
leaf_weight=342506 70 1057 470 45 146 45 30 40 694 20 50 201 29 20 71 23 193 37 23 25 25 23 67 788 473 1251 107 75 247 85
leaf_count=342506 70 1057 470 45 146 45 30 40 694 20 50 201 29 20 71 23 193 37 23 25 25 23 67 788 473 1251 107 75 247 85
internal_value=-7.03151e-08 -0.000646731 -0.00276283 -0.00486655 0.000283393 -0.0189405 -0.00857913 -0.0141152 -0.00349793 -0.000493488 0.0168271 0.00222438 -0.00357308 0.0104812 -0.00793825 0.00292443 0.00576971 0.0105736 0.0238918 0.0446785 -0.00295764 0.0213225 0.000521252 0.000752328 0.00333512 -0.000792293 0.0108281 0.0206825 -0.00516773 0.030123
internal_weight=348936 6430 2280 1354 926 120 75 110 1234 764 70 816 312 72 240 94 504 311 110 62 48 52 4150 4083 1528 2555 740 267 1304 160
internal_count=348936 6430 2280 1354 926 120 75 110 1234 764 70 816 312 72 240 94 504 311 110 62 48 52 4150 4083 1528 2555 740 267 1304 160
cat_boundaries=0 3 6 8 11 13 15
cat_threshold=548031108 168590350 6 2097664 134482952 6 537542784 274434 420819227 878739984 1 3321922672 3767730673 37781536 3221356545
is_linear=0
shrinkage=0.05


Tree=207
num_leaves=31
num_cat=9
split_feature=9 0 8 0 3 0 9 5 8 0 0 7 0 9 6 9 0 9 7 0 6 7 6 0 9 7 5 9 3 3
split_gain=1.03363 3.60362 7.37112 16.0142 12.368 10.0533 18.7512 12.0158 8.53751 22.5396 9.50039 8.39109 20.3684 19.8705 12.5908 10.789 37.8721 27.7126 12.0615 18.2182 19.139 16.8282 15.885 14.2121 14.185 13.9743 11.3855 11.2813 26.0423 17.9993
threshold=1.0700000000000001 0 1.5000000000000002 1 1.5000000000000002 2 2.8450000000000002 3.5000000000000004 1.0000000180025095e-35 3 4 3.5000000000000004 5 1.2700000000000002 3.5000000000000004 1.8450000000000004 6 3.2250000000000005 1.5000000000000002 7 1.0000000180025095e-35 2.5000000000000004 2.5000000000000004 8 2.8450000000000002 2.5000000000000004 3.5000000000000004 2.0700000000000007 3.5000000000000004 4.5000000000000009
decision_type=2 1 2 1 2 1 2 2 2 1 1 2 1 2 2 2 1 2 2 1 2 2 2 1 2 2 2 2 2 2
left_child=-1 2 8 4 5 6 -4 -7 10 -10 -2 15 -13 -14 -15 -11 -17 18 23 20 -20 26 -22 27 -25 -24 -21 28 -18 -29
right_child=1 -3 3 -5 -6 7 -8 -9 9 11 -12 12 13 14 -16 16 17 -19 19 21 22 -23 25 24 -26 -27 -28 29 -30 -31
leaf_value=-6.5922052478871424e-05 0.0019664645533990339 -0.00010411137659840529 1.4623435701997509e-05 -0.0017964965683799261 0.0024137574586233085 0.0028026297874225495 0.048811245461304983 -0.012843792548969011 -0.0017850694543403358 0.0026642546625081122 -0.00032375099801556714 -0.013910070498703851 0.035174157364720786 -0.00494119951623344 0.023892292939126494 -0.002306361031809057 -0.014688607593998313 -0.023710988152851453 0.0011017261897601808 -0.0023025245120834371 0.072369073695786629 -0.0091912699574153989 0.010583232954565076 0.0042086573757185806 0.040393428009902616 0.062688397264785395 0.032745176438696774 0.070315802072485292 0.039937512293302765 0.014043821449632999
leaf_weight=220079 6087 77143 315 9247 5291 178 21 395 3148 7342 17593 229 48 214 46 628 40 47 24 32 46 62 31 410 29 22 84 30 48 27
leaf_count=220079 6087 77143 315 9247 5291 178 21 395 3148 7342 17593 229 48 214 46 628 40 47 24 32 46 62 31 410 29 22 84 30 48 27
internal_value=-7.36458e-08 0.000112391 0.000435289 -0.000479301 0.00148573 -0.00389966 0.00297585 -0.00784636 0.000824955 0.00187718 0.000265648 0.00309719 -0.00296931 0.00544021 0.000160111 0.00346662 0.00724288 0.0135566 0.015689 0.0238196 0.038065 0.0112077 0.0508707 0.0114984 0.00645202 0.0322118 0.0230768 0.024633 0.0151075 0.0436607
internal_weight=348936 128857 51714 15447 6200 909 336 573 36267 12587 23680 9439 537 308 260 8902 1560 932 885 301 123 178 99 584 439 53 116 145 88 57
internal_count=348936 128857 51714 15447 6200 909 336 573 36267 12587 23680 9439 537 308 260 8902 1560 932 885 301 123 178 99 584 439 53 116 145 88 57
cat_boundaries=0 3 6 8 11 13 16 18 20 22
cat_threshold=2990742567 2492027184 5 2957049859 276824320 1 65539 8388608 2717908994 268959744 1 2717908992 2215182336 198692 86016 4 272761860 75513856 4128 2147483936 65536 65552
is_linear=0
shrinkage=0.05


Tree=208
num_leaves=31
num_cat=4
split_feature=6 0 6 9 0 7 9 7 8 9 5 5 3 5 3 7 8 9 9 8 5 9 3 0 0 5 8 9 8 5
split_gain=1.02765 5.76494 7.4202 7.64979 6.91446 9.9836 9.60992 14.3285 8.9137 12.4167 7.31169 6.48988 11.0241 12.48 9.31865 11.0631 9.21772 10.0734 8.05989 6.37326 6.0442 6.04234 5.69358 21.4051 12.8366 9.86132 8.5057 7.20071 17.5885 19.2624
threshold=4.5000000000000009 0 5.5000000000000009 1.5350000000000004 1 4.5000000000000009 2.8450000000000002 1.0000000180025095e-35 2.5000000000000004 2.5350000000000006 9.5000000000000018 5.5000000000000009 3.5000000000000004 3.5000000000000004 6.5000000000000009 1.5000000000000002 1.0000000180025095e-35 1.6900000000000002 3.0700000000000007 1.5000000000000002 8.5000000000000018 3.0700000000000007 2.5000000000000004 2 3 1.5000000000000002 1.5000000000000002 2.6900000000000004 2.5000000000000004 2.5000000000000004
decision_type=2 1 2 2 1 2 2 2 2 2 2 2 2 2 2 2 2 2 2 2 2 2 2 1 1 2 2 2 2 2
left_child=-1 2 3 -2 5 6 10 -8 19 -10 -5 12 16 18 -13 -16 17 -4 -14 -6 -21 -18 23 -3 -24 26 -26 -27 -29 -30
right_child=1 22 11 4 8 -7 7 -9 9 -11 -12 14 13 -15 15 -17 21 -19 -20 20 -22 -23 24 -25 25 27 -28 28 29 -31
leaf_value=1.1660730603411895e-05 -0.00084664037320621762 0.0029641093179120421 0.0031165547695798943 -0.00093885007586966209 0.011119593330953163 0.031925122153770649 0.015629377730545544 -0.034757415323279972 0.010459897627376698 0.048555877421583453 0.019592022198167715 -0.011040075479886644 -0.010000437038966963 0.0086278041418483293 -0.0055520850042693123 0.038791466792198748 -0.0031266646356218394 0.043959414301854044 -0.044413209632039069 -0.014392950122227084 0.017303280687580507 0.024659597419202331 -0.0064877321159908701 -0.010207941487520598 -0.00099923310212371571 0.00079646396765601149 -0.020220855619477972 0.016117839703413971 0.03217112612459929 -0.010958282305437257
leaf_weight=342506 528 542 26 205 277 25 21 43 55 35 55 293 114 94 39 22 90 36 20 53 21 25 689 701 151 1722 93 267 31 157
leaf_count=342506 528 542 26 205 277 25 21 43 55 35 55 293 114 94 39 22 90 36 20 53 21 25 689 701 151 1722 93 267 31 157
internal_value=-9.61289e-08 -0.000626347 0.0015375 0.0038128 0.00692695 0.00143976 -0.000868071 -0.0182242 0.0109876 0.025275 0.00340422 -0.00239328 0.00192928 -0.00533904 -0.00733859 0.0104407 0.0112919 0.0268318 -0.0151367 0.00763724 -0.00539807 0.00291383 -0.00165853 -0.00452265 -0.000519138 0.00120132 -0.00832551 0.00227461 0.00786883 -0.00384652
internal_weight=348936 6430 2077 1318 790 349 324 64 441 90 260 759 405 228 354 61 177 62 134 351 74 115 4353 1243 3110 2421 244 2177 455 188
internal_count=348936 6430 2077 1318 790 349 324 64 441 90 260 759 405 228 354 61 177 62 134 351 74 115 4353 1243 3110 2421 244 2177 455 188
cat_boundaries=0 3 6 9 12
cat_threshold=22319225 90243809 1 21266456 67109408 1 1082860290 10399764 4 664066 134483972 4
is_linear=0
shrinkage=0.05


Tree=209
num_leaves=31
num_cat=9
split_feature=3 10 0 9 0 5 0 0 1 0 8 9 0 5 9 9 8 9 5 5 9 1 9 7 9 5 9 0 8 6
split_gain=1.01643 23.5381 37.8785 22.845 29.6678 20.201 28.7079 17.24 21.0791 51.1485 22.3174 59.6898 16.8059 15.9982 15.9616 15.5068 17.2341 15.0928 22.1928 12.7698 12.6098 12.8898 12.0027 11.7616 13.8947 13.3287 11.1925 25.9024 19.5719 21.7866
threshold=1.5000000000000002 1.0000000180025095e-35 0 1.2700000000000002 1 9.5000000000000018 2 3 4 5 1.5000000000000002 2.0700000000000007 6 11.500000000000002 2.4150000000000005 2.2700000000000005 2.5000000000000004 2.8450000000000002 3.5000000000000004 3.5000000000000004 2.5350000000000006 7 1.6900000000000002 1.0000000180025095e-35 1.6900000000000002 7.5000000000000009 1.2700000000000002 8 1.0000000180025095e-35 2.5000000000000004
decision_type=2 2 1 2 1 2 1 1 1 1 2 2 1 2 2 2 2 2 2 2 2 1 2 2 2 2 2 1 2 2
left_child=1 5 -3 12 13 7 15 8 9 19 11 -11 -4 -5 -10 -7 -17 -9 -19 -1 21 23 -21 24 25 -6 -8 28 -28 -30
right_child=-2 2 3 4 20 6 26 17 14 10 -12 -13 -14 -15 -16 16 -18 18 -20 22 -22 -23 -24 -25 -26 -27 27 -29 29 -31
leaf_value=-0.014541009542558138 -3.4949535611660737e-05 -0.001859904832630997 0.011022363106658304 3.4820434612025617e-05 0.015566659938130115 0.0017363390122256798 -0.0029133753393987454 0.0011629127676906304 -0.00063839749349061162 -0.022845222659247079 -0.0057730790805250697 0.050269504463378814 0.00059619757947823343 0.033738367573241702 0.028868161822142809 -0.024744613972480123 0.017032764188479634 0.029731444496530715 -0.0010128789150333111 0.00097700915765017268 0.050824776482443483 0.0064989307421068265 -0.040507578656112909 0.019832654555169187 0.079086466390816942 0.057402392123670633 -0.0062765335584516512 -0.0018834839960307473 -0.02894568174143022 -0.0029437477740628477
leaf_weight=144 299088 1680 630 294 45 3964 4360 22109 12629 46 208 71 992 40 46 108 32 114 121 20 43 119 136 123 21 33 383 926 301 110
leaf_count=144 299088 1680 630 294 45 3964 4360 22109 12629 46 208 71 992 40 46 108 32 114 121 20 43 119 136 123 21 33 383 926 301 110
internal_value=-1.10998e-07 0.00020892 0.00387738 0.00797035 0.0154298 -0.000112875 -0.0020768 0.000448248 -0.000976734 -0.00986762 0.0039327 0.0215235 0.00471745 0.00395283 -0.000530894 0.00115593 -0.0151955 0.00129631 0.0139014 -0.0244626 0.0246671 0.022092 -0.035189 0.0288578 0.0429858 0.0332664 -0.0042538 -0.00767635 -0.0142293 -0.0219865
internal_weight=348936 49848 4020 2340 718 45828 10184 35644 13300 625 325 117 1622 334 12675 4104 140 22344 235 300 384 341 156 222 99 78 6080 1720 794 411
internal_count=348936 49848 4020 2340 718 45828 10184 35644 13300 625 325 117 1622 334 12675 4104 140 22344 235 300 384 341 156 222 99 78 6080 1720 794 411
cat_boundaries=0 3 6 9 12 13 15 18 19 21
cat_threshold=457450180 1399483696 5 538483713 746652230 2 237163804 1613153185 6 2852360066 1117007950 1 8 2315354112 1107304526 1181704 2348815054 2 5 3514828832 2479427596
is_linear=0
shrinkage=0.05


Tree=210
num_leaves=31
num_cat=7
split_feature=9 6 0 8 5 0 7 9 6 8 9 9 3 3 0 0 6 9 6 5 0 9 8 0 3 5 0 5 8 9
split_gain=1.00999 0.985706 7.78894 5.58384 4.73888 8.39578 9.57157 11.3366 7.45391 4.87894 7.98418 5.59556 6.093 4.48066 20.9267 18.6919 9.0072 8.91461 17.0069 18.2954 12.6278 12.9703 14.2751 10.3202 8.8266 17.7412 8.44997 9.40664 8.41623 9.52873
threshold=4.785000000000001 3.5000000000000004 0 6.5000000000000009 10.500000000000002 1 4.5000000000000009 1.4150000000000003 5.5000000000000009 1.0000000180025095e-35 3.3650000000000007 3.3650000000000007 5.5000000000000009 3.5000000000000004 2 3 8.5000000000000018 1.6900000000000002 4.5000000000000009 2.5000000000000004 4 2.2700000000000005 1.5000000000000002 5 2.5000000000000004 1.5000000000000002 6 6.5000000000000009 5.5000000000000009 3.7900000000000005
decision_type=2 2 1 2 2 1 2 2 2 2 2 2 2 2 1 1 2 2 2 2 1 2 2 1 2 2 1 2 2 2
left_child=1 -1 3 4 -3 6 7 -6 -9 10 -7 12 -11 14 17 28 -17 26 19 24 -21 22 -22 -20 25 -19 -4 -28 29 -15
right_child=-2 2 13 -5 5 9 -8 8 -10 11 -12 -13 -14 15 -16 16 -18 18 23 20 21 -23 -24 -25 -26 -27 27 -29 -30 -31
leaf_value=1.7915608778944119e-05 0.0096699836594914962 -0.0011687177613201574 0.0047419435325974446 -0.023149221075037796 -0.0018260047360159019 -0.003188130018745803 0.021666360398133598 -0.024981452167746339 -0.0014590996361914137 0.0058246157282302461 -0.034148987350256552 0.025680979498876978 -0.012274569884363202 -0.0018333636331596848 -0.0039235939521209467 0.003741560702617398 -0.027645585977512863 0.013882639737461101 0.012917661689350319 0.021271368801719003 -0.001322830206682456 -0.0122068197811286 0.026782670541590937 -0.0039220537387289253 0.011570375810842963 0.063695178620326212 0.00113729177229159 -0.010196667442244525 0.01984523689289662 -0.025829955496426138
leaf_weight=332367 27 4234 514 31 136 220 21 170 42 186 23 26 62 2754 2538 3686 23 33 106 109 116 106 74 412 40 39 443 312 44 42
leaf_count=332367 27 4234 514 31 136 220 21 170 42 186 23 26 62 2754 2538 3686 23 33 106 109 116 106 74 412 40 39 443 312 44 42
internal_value=-8.48502e-08 -8.33159e-07 -0.000377539 -0.0019888 -0.00186457 -0.00518987 -0.0108218 -0.0130933 -0.0203214 -0.000942608 -0.00611858 0.00361336 0.00129982 0.000352509 -0.000800463 0.0012055 0.00353739 0.00264541 0.00610071 0.0125162 0.00756997 0.00174688 0.00962352 -0.000302428 0.0304023 0.0408644 -0.0001519 -0.00350005 -0.00184588 -0.00219383
internal_weight=348936 348909 16542 5151 5120 886 369 348 212 517 243 274 248 11391 4842 6549 3709 2304 1035 517 405 296 190 518 112 72 1269 755 2840 2796
internal_count=348936 348909 16542 5151 5120 886 369 348 212 517 243 274 248 11391 4842 6549 3709 2304 1035 517 405 296 190 518 112 72 1269 755 2840 2796
cat_boundaries=0 3 6 9 12 14 16 19
cat_threshold=1888059946 1157695681 6 1351090688 16842816 4 2240708 178180374 1 2241732 43831318 1 4288 134234370 8256 524294 2228420 8650756 1
is_linear=0
shrinkage=0.05


Tree=211
num_leaves=31
num_cat=11
split_feature=5 3 0 1 0 3 0 0 9 9 9 0 5 9 3 0 0 9 9 3 6 9 9 0 1 0 9 6 6 5
split_gain=1.01428 11.6468 40.7893 15.8619 17.0328 12.916 49.0315 28.3925 43.8141 27.3263 24.5552 22.902 20.7026 32.3758 17.8134 29.5852 24.4604 26.0011 22.1387 17.2745 17.8109 29.7927 18.1648 16.498 15.9774 17.1047 15.7617 14.4846 13.8143 13.5445
threshold=2.5000000000000004 6.5000000000000009 0 1 2 3.5000000000000004 3 4 1.3650000000000002 1.0700000000000001 2.9300000000000002 5 1.5000000000000002 3.0700000000000007 4.5000000000000009 6 7 2.2700000000000005 1.5350000000000004 4.5000000000000009 4.5000000000000009 2.9300000000000002 2.2700000000000005 8 9 10 0.69000000000000006 3.5000000000000004 2.5000000000000004 1.5000000000000002
decision_type=2 2 1 1 1 2 1 1 2 2 2 1 2 2 2 1 1 2 2 2 2 2 2 1 1 1 2 2 2 2
left_child=1 5 3 4 -3 7 12 8 -1 -8 -10 -11 13 -7 16 26 17 -14 -18 23 21 24 -22 27 28 -26 -16 -13 -21 -25
right_child=-2 2 -4 -5 -6 6 9 -9 10 11 -12 19 14 -15 15 -17 18 -19 -20 20 22 -23 -24 29 25 -27 -28 -29 -30 -31
leaf_value=0.00071517614120577785 4.0151729117707279e-05 -0.0056420635295637437 0.0043385721499486635 -0.00668447860296781 0.0031938928372882008 0.0025840854666929394 -0.001566624020619997 -0.00097106480336422388 0.0074000024565484893 -0.0015966029796008051 0.03040814084962495 0.0080640049681968088 -0.00096786127722843615 0.040758972205886888 -0.0014334037677774458 -0.0022329995012719955 -0.0073925588107874064 0.039166856202341262 -0.02878178000724841 -0.021533389343411681 -0.0082949374363107502 -0.046407547519832365 0.037002795885660147 -0.0016139749687290484 -0.0019374987392106479 -0.012692422397882342 0.010161591145148828 -0.019465493967925962 -0.00074410078654948042 -0.015155664449925983
leaf_weight=8380 285487 840 5226 1400 1512 6760 8973 16605 2027 1867 123 364 1030 56 416 2688 933 42 139 503 53 61 38 386 663 868 992 55 95 354
leaf_count=8380 285487 840 5226 1400 1512 6760 8973 16605 2027 1867 123 364 1030 56 416 2688 933 42 139 503 53 61 38 386 663 868 992 55 95 354
internal_value=-3.60684e-08 -0.00018086 0.00148775 -0.00248798 2.76676e-05 -0.000455883 -0.00122298 0.000316895 0.0023466 -0.00324645 0.00871628 -0.0060928 0.000991924 0.00289773 -0.00108821 0.000844573 -0.0047807 0.000598993 -0.010072 -0.00850367 -0.011054 -0.0119547 0.0106206 -0.00355773 -0.0109675 -0.0080778 0.0066883 0.00434661 -0.0179309 -0.00798413
internal_weight=348936 63449 8978 3752 2352 54471 27336 27135 10530 14280 2150 5307 13056 6816 6240 4096 2144 1072 1072 3440 2281 2190 91 1159 2129 1531 1408 419 598 740
internal_count=348936 63449 8978 3752 2352 54471 27336 27135 10530 14280 2150 5307 13056 6816 6240 4096 2144 1072 1072 3440 2281 2190 91 1159 2129 1531 1408 419 598 740
cat_boundaries=0 3 4 6 9 12 15 17 20 22 23 25
cat_threshold=3493076055 3102278726 1 6 268437573 402718788 2995969559 747963110 6 3507038528 2473082137 1 1145831488 3489699840 1 536907795 671154244 2457882116 67371554 6 18948096 34079745 4 16842920 147736
is_linear=0
shrinkage=0.05


Tree=212
num_leaves=31
num_cat=10
split_feature=3 1 5 0 0 3 9 0 10 5 0 6 6 7 0 9 9 10 0 6 9 9 0 10 9 0 5 5 0 3
split_gain=1.00807 9.085 23.0809 30.3318 24.4581 24.2391 31.4763 41.7589 32.2107 24.8111 16.9504 16.1827 14.3901 14.3561 13.9241 14.2553 14.6253 13.3851 17.1747 13.0374 13.0124 12.7365 14.1335 12.6489 28.5621 12.3223 11.9053 11.5541 31.4451 10.9711
threshold=3.5000000000000004 0 10.500000000000002 1 2 1.5000000000000002 2.3650000000000007 3 1.0000000180025095e-35 11.500000000000002 4 1.5000000000000002 3.5000000000000004 7.5000000000000009 5 2.4150000000000005 3.3100000000000005 1.0000000180025095e-35 6 2.5000000000000004 2.6900000000000004 1.4650000000000001 7 1.0000000180025095e-35 0.93000000000000005 8 9.5000000000000018 8.5000000000000018 9 2.5000000000000004
decision_type=2 1 2 1 1 2 2 1 2 2 1 2 2 2 1 2 2 2 1 2 2 2 1 2 2 1 2 2 1 2
left_child=1 2 4 21 13 14 10 11 9 29 -7 -8 20 -1 23 -16 19 25 -19 -17 -11 -4 -23 -5 -25 -3 27 -6 -29 -9
right_child=-2 17 3 5 26 6 7 8 -10 12 -12 -13 -14 -15 15 16 -18 18 -20 -21 -22 22 -24 24 -26 -27 -28 28 -30 -31
leaf_value=0.0012245199505668252 7.353034975262539e-05 -0.0012520821171508017 0.00073240409507879692 0.00432235022490689 -0.0011511517944520272 0.009837590657329115 0.022428645519539714 0.026406826985786197 0.087231439724564555 0.018108473181286278 0.0026727111500100308 -0.020305071923778291 0.031678191689855383 -0.030823515875797187 -0.0011401099315116211 -0.046211914197076112 0.012767006392176782 -0.00086613101696939683 0.0038361573885732345 -0.007914232508046553 -0.02474027804879321 0.0016643254286335671 -0.011637948456200321 -0.012728988341987133 0.067436319321393975 -5.1795626124780659e-05 -0.0049466852889757818 -0.0061009793080735002 0.0078018640945210164 0.055715665417990938
leaf_weight=21885 199392 37700 2312 600 20300 1447 32 61 24 34 1964 72 46 35 1087 50 27 3712 4060 40 37 330 502 20 25 49400 1890 612 1173 67
leaf_count=21885 199392 37700 2312 600 20300 1447 32 61 24 34 1964 72 46 35 1087 50 27 3712 4060 40 37 330 502 20 25 49400 1890 612 1173 67
internal_value=-6.89759e-08 -9.82014e-05 0.000415135 0.00276443 -3.40565e-05 0.00495532 0.00725684 0.0210471 0.0308058 0.0265358 0.00574884 -0.0065285 0.00989312 0.00117281 0.00027203 -0.00290095 -0.0195082 -0.000394024 0.00159411 -0.0291907 -0.00422116 -0.00117294 -0.00648168 0.00614464 0.0318073 -0.000571472 -0.0011375 -0.000812026 0.0030447 0.0417482
internal_weight=348936 149544 54672 8777 45895 5633 3784 373 269 245 3411 104 117 21920 1849 1204 117 94872 7772 90 71 3144 832 645 45 87100 23975 22085 1785 128
internal_count=348936 149544 54672 8777 45895 5633 3784 373 269 245 3411 104 117 21920 1849 1204 117 94872 7772 90 71 3144 832 645 45 87100 23975 22085 1785 128
cat_boundaries=0 1 4 7 9 12 14 17 20 23 25
cat_threshold=12 3232727082 644121224 6 2762582082 3556178560 3 68159492 8394818 151010501 1342196770 1 235933184 1342333012 2830404142 3280661232 5 1074069506 537165824 6 17434450 3152374818 7 1094975664 536871189
is_linear=0
shrinkage=0.05


Tree=213
num_leaves=31
num_cat=14
split_feature=3 10 0 9 0 0 5 9 0 9 7 5 9 1 1 0 0 5 5 0 5 5 0 0 0 0 0 5 9 9
split_gain=1.02205 20.456 34.3658 21.8646 25.6408 18.0425 16.7844 15.9789 38.7593 20.8998 21.2376 21.1289 27.3795 19.2761 18.0365 14.7563 14.3117 14.2285 14.1094 24.3908 17.8649 18.5097 21.9254 21.5688 13.0668 12.8497 12.6719 12.1409 12.0841 11.6661
threshold=1.5000000000000002 1.0000000180025095e-35 0 1.2700000000000002 1 2 9.5000000000000018 1.5350000000000004 3 3.5850000000000004 1.0000000180025095e-35 1.5000000000000002 1.8450000000000004 4 5 6 7 6.5000000000000009 2.5000000000000004 8 11.500000000000002 8.5000000000000018 9 10 11 12 13 11.500000000000002 1.6900000000000002 2.5350000000000006
decision_type=2 2 1 2 1 1 2 2 1 2 2 2 2 1 1 1 1 2 2 1 2 2 1 1 1 1 1 2 2 2
left_child=1 5 -3 15 6 -1 25 -7 9 10 11 12 -9 16 26 -4 -12 -16 19 -10 21 23 -23 -20 27 -5 -13 -15 -8 -6
right_child=-2 2 3 4 29 7 28 8 18 -11 13 14 -14 24 17 -17 -18 -19 20 -21 -22 22 -24 -25 -26 -27 -28 -29 -30 -31
leaf_value=0.0011167744709204453 -3.499183290564674e-05 -0.0018347647604973405 0.010252424847944894 -0.014904546292985347 0.020932110808475651 -0.00041614266318943565 0.0078936049698809675 -0.0032720090527283518 -0.0041769184333421451 0.038095225834033714 -0.019942362529400272 0.013696238957345487 0.064101830191910278 -0.036458031903234649 -0.028644209037086477 0.00048443299326432238 0.0010166431219944397 -0.0031464342878240606 -0.0076795495444824009 0.018626643261203783 0.011541579876447449 0.0069435285503563829 -0.018358039614015623 0.0054305061583198207 -0.012770106881974714 0.0070660717963815459 -0.0063253794175883137 -0.0030164666714206818 0.048275120489415714 0.048568818874137352
leaf_weight=18468 299088 1680 630 101 341 23502 44 38 221 22 118 111 25 218 135 992 229 92 556 238 222 112 335 694 243 157 218 31 32 43
leaf_count=18468 299088 1680 630 101 341 23502 44 38 221 22 118 111 25 218 135 992 229 92 556 238 222 112 335 694 243 157 218 31 32 43
internal_value=-5.70698e-08 0.000209552 0.00362942 0.00752809 0.0148246 -9.04368e-05 0.00412137 -0.000905382 -0.00388805 -0.010206 -0.0110048 -0.00397928 0.0234636 -0.0161881 -0.00708882 0.00434461 -0.00646959 -0.0175377 8.66031e-05 0.00796196 -0.00179663 -0.00354152 -0.0122739 -0.000418839 -0.0224546 -0.00183865 0.000634391 -0.0310477 0.0248963 0.023417
internal_weight=348936 49848 4020 2340 718 45828 334 27360 3858 1480 1458 619 63 839 556 1622 347 227 2378 459 1919 1697 447 1250 492 258 329 249 76 384
internal_count=348936 49848 4020 2340 718 45828 334 27360 3858 1480 1458 619 63 839 556 1622 347 227 2378 459 1919 1697 447 1250 492 258 329 249 76 384
cat_boundaries=0 3 6 9 12 13 14 17 19 21 23 25 27 30 33
cat_threshold=458498756 1399483440 5 537435137 746652486 2 1151619133 677563297 6 2332131712 1107829768 1 5 3 537004040 2348814798 2 33554688 532488 541207554 277876752 537928192 20 537535040 2147745862 184582144 1107305472 536872960 65798 2 167772160 524296 1
is_linear=0
shrinkage=0.05


Tree=214
num_leaves=31
num_cat=8
split_feature=9 0 8 0 3 9 5 9 0 5 6 9 9 8 5 0 9 8 0 3 7 7 3 6 6 0 1 0 7 5
split_gain=1.00178 3.36383 7.04584 14.0419 12.1001 10.1206 11.294 9.83274 10.5383 7.95011 25.0375 14.3791 12.5257 9.97751 17.5692 14.432 10.2317 9.75994 9.74711 9.08702 12.2667 18.1824 15.5308 8.94437 15.2645 7.4489 8.97084 9.85442 16.7086 11.8658
threshold=1.0700000000000001 0 1.5000000000000002 1 1.5000000000000002 3.0700000000000007 3.5000000000000004 1.5350000000000004 2 3.5000000000000004 1.0000000180025095e-35 1.2700000000000002 1.5350000000000004 4.5000000000000009 1.5000000000000002 3 1.9300000000000004 2.5000000000000004 4 2.5000000000000004 1.0000000180025095e-35 1.5000000000000002 5.5000000000000009 2.5000000000000004 1.5000000000000002 5 6 7 3.5000000000000004 5.5000000000000009
decision_type=2 1 2 1 2 2 2 2 1 2 2 2 2 2 2 1 2 2 1 2 2 2 2 2 2 1 1 1 2 2
left_child=-1 2 25 4 5 6 -4 8 -8 10 12 -12 18 15 -15 17 -17 -13 -6 -14 -21 -22 -23 24 -18 26 27 -2 -29 -30
right_child=1 -3 3 -5 9 -7 7 -9 -10 -11 11 13 19 14 -16 16 23 -19 -20 20 21 22 -24 -25 -26 -27 -28 28 29 -31
leaf_value=-6.4910545266742945e-05 0.001690377383300465 -0.00011211743270239243 0.0037070026723887979 -0.0015017825053829901 0.013889454814613376 0.026685294910119131 0.0079272854877145676 -0.016693246982866474 -0.010336104157437204 0.0038277353003922758 0.0083923102457033986 -0.0042936659423557259 0.047175661586867326 -0.050040870284040778 -0.0070577350777706925 -0.016617539508011321 -0.014638968733035856 0.014133938265591861 -0.0056871091605911793 -0.011569319559882085 0.061313325867056845 0.034543408236155912 -0.018254162539513067 -0.012487627634122461 0.028060681909322739 0.00023475054886148056 0.0013118270049000352 0.016811899828761283 0.0075508101558340581 -0.026346828681527681
leaf_weight=220079 595 73205 254 10965 107 26 123 238 188 3417 176 169 29 36 70 290 36 125 132 30 25 30 26 88 50 24369 13586 363 67 42
leaf_count=220079 595 73205 254 10965 107 26 123 238 188 3417 176 169 29 36 70 290 36 125 132 30 25 30 26 88 50 24369 13586 363 67 42
internal_value=-8.4817e-08 0.000110633 0.000403588 -0.000458135 0.00156181 -0.00401667 -0.00501075 -0.0090441 -0.00319042 0.00252132 -0.000624582 -0.00463396 0.0103774 -0.00728746 -0.0216558 -0.00527817 -0.0106371 0.00342471 0.00342049 0.0222539 0.0157428 0.0258584 0.0100303 -0.00128092 0.0101864 0.000770932 0.00166135 0.00605825 0.0114151 -0.00551067
internal_weight=348936 128857 55652 16630 5665 829 803 549 311 4836 1419 1040 379 864 106 758 464 294 239 140 111 81 56 174 86 39022 14653 1067 472 109
internal_count=348936 128857 55652 16630 5665 829 803 549 311 4836 1419 1040 379 864 106 758 464 294 239 140 111 81 56 174 86 39022 14653 1067 472 109
cat_boundaries=0 3 6 7 9 10 12 13 15
cat_threshold=3124960423 378097968 5 2957049859 268435712 1 4259843 2688548864 256 2956984321 33557536 101257264 8 33555456 101253120
is_linear=0
shrinkage=0.05


Tree=215
num_leaves=31
num_cat=8
split_feature=3 10 0 9 5 0 9 8 7 0 1 0 9 9 5 8 9 6 5 0 0 9 6 6 7 9 5 5 0 5
split_gain=0.964008 18.4464 31.2927 27.7688 17.6736 25.6084 17.1453 21.8252 15.5691 14.5762 26.8879 50.9205 16.0233 15.2174 16.8847 13.8864 34.8561 16.0283 12.6877 17.5087 17.0561 29.6572 18.7654 11.4677 11.3277 11.3099 11.2541 17.5471 21.397 10.5053
threshold=1.5000000000000002 1.0000000180025095e-35 0 2.0700000000000007 9.5000000000000018 1 2.2700000000000005 2.5000000000000004 4.5000000000000009 2 3 4 2.5350000000000006 2.8450000000000002 3.5000000000000004 1.5000000000000002 2.0700000000000007 2.5000000000000004 7.5000000000000009 5 6 1.2700000000000002 1.0000000180025095e-35 4.5000000000000009 1.5000000000000002 3.0700000000000007 7.5000000000000009 8.5000000000000018 7 2.5000000000000004
decision_type=2 2 1 2 2 1 2 2 2 1 1 1 2 2 2 2 2 2 2 1 1 2 2 2 2 2 2 2 1 2
left_child=1 4 3 8 9 6 -6 24 26 10 11 15 29 -11 -15 16 -1 -18 19 -4 -20 -22 -23 -16 -8 -17 -3 -28 -29 -13
right_child=-2 2 18 -5 5 -7 7 -9 -10 13 -12 12 -14 14 23 25 17 -19 20 -21 21 22 -24 -25 -26 -27 27 28 -30 -31
leaf_value=-0.023516663503559198 -3.3998221311018253e-05 0.0045699855885463709 -0.0089022996764957524 0.034939362426337446 0.0023354917894272179 -0.0036683044176780062 -0.014640514962375166 0.022437821142375469 -0.028568828944116831 0.0010438970291332861 -0.00042950885135283805 -0.0014267719242100916 -0.043321207888862671 0.027187595244445764 -0.0068238503173924979 3.8053530870991599e-05 0.015925693924765331 0.064249573729466644 -0.0023975953586503037 0.0019491930501659442 0.0033375359790059865 0.059212426291128932 0.01816543186189536 0.030450264285676754 -0.051728294896227982 -0.034797730848745066 0.034499052311626394 -0.0026432735409690155 0.018502707369516685 -0.027313770250359599
leaf_weight=34 299088 987 684 95 3233 6840 50 26 30 23164 11661 60 102 118 100 170 37 32 440 798 296 43 79 26 35 27 84 208 276 113
leaf_count=34 299088 987 684 95 3233 6840 50 26 30 23164 11661 60 102 118 100 170 37 32 440 798 296 43 79 26 35 27 84 208 276 113
internal_value=-6.99472e-08 0.0002035 0.00345103 0.00863089 -8.13718e-05 -0.00191834 0.00166712 -0.0176498 0.0071085 0.000443476 -0.000954681 -0.0114158 -0.0266345 0.00117424 0.0135961 0.00294387 0.0179191 0.0383368 -0.000303426 -0.00310611 0.00453403 0.0116101 0.0326328 0.000867634 -0.029912 -0.00473639 0.00779681 0.013404 0.00974285 -0.0183356
internal_weight=348936 49848 4020 1680 45828 10184 3344 111 1585 35644 12236 575 275 23408 244 300 103 69 2340 1482 858 418 122 126 85 197 1555 568 484 173
internal_count=348936 49848 4020 1680 45828 10184 3344 111 1585 35644 12236 575 275 23408 244 300 103 69 2340 1482 858 418 122 126 85 197 1555 568 484 173
cat_boundaries=0 3 6 8 9 11 14 16 18
cat_threshold=3299558442 2895220942 2 167957780 1613022113 4 2852359298 1117024334 8 537005186 9711618 184557652 17459489 5 406893505 1113597488 69206050 2290188484
is_linear=0
shrinkage=0.05


Tree=216
num_leaves=31
num_cat=6
split_feature=3 0 3 7 6 9 0 9 7 0 8 6 5 5 8 5 5 5 9 7 0 5 9 0 3 9 7 9 0 5
split_gain=0.983559 8.63359 9.30003 14.1117 12.0121 18.8327 15.9034 9.57689 16.0431 16.5145 15.3488 14.4221 13.6755 11.4573 13.3877 8.85063 19.5237 8.82873 15.3026 8.74292 8.48308 8.85406 8.80782 36.7289 25.2744 14.916 14.2785 13.567 28.4525 20.1911
threshold=3.5000000000000004 0 1.5000000000000002 2.5000000000000004 2.5000000000000004 1.6900000000000002 1 1.2700000000000002 1.5000000000000002 2 4.5000000000000009 2.5000000000000004 2.5000000000000004 4.5000000000000009 2.5000000000000004 6.5000000000000009 5.5000000000000009 3.5000000000000004 2.2700000000000005 3.5000000000000004 3 5.5000000000000009 2.6900000000000004 4 4.5000000000000009 2.9300000000000002 1.5000000000000002 1.6350000000000002 5 3.5000000000000004
decision_type=2 1 2 2 2 2 1 2 2 1 2 2 2 2 2 2 2 2 2 2 1 2 2 1 2 2 2 2 1 2
left_child=1 2 3 7 5 6 -5 -1 10 12 11 -9 -10 -14 -15 16 19 -6 -19 -7 21 22 27 -24 25 26 -25 -2 -29 -30
right_child=20 -3 -4 4 17 15 -8 8 9 -11 -12 -13 13 14 -16 -17 -18 18 -20 -21 -22 -23 23 24 -26 -27 -28 28 29 -31
leaf_value=0.00010220379079016135 -0.00059813064196699919 9.8286111397970832e-05 -0.0014462430375575125 0.0033915994944873178 0.025578315633976341 -0.0066962812934070835 -0.0096670028430202778 0.0035571210289136279 0.048597037737689371 0.002173839735127438 0.028350674537590371 -0.0065795112753997964 -0.0055844936736817053 0.015683619324929603 0.053908804026914059 -0.039564365356300889 0.028731116900841399 0.010306683011973898 -0.030604429616359997 -0.040016121264133189 0.00038445665868872914 0.0001810586897364339 0.013833552638243419 0.02323667225630387 0.00076882017893421762 -0.042111297152363336 -0.02951668168835599 0.00081764175721311017 -0.0032749790021068775 -0.01283260042130548
leaf_weight=6760 39150 118296 20832 417 49 35 512 1430 41 228 53 465 44 109 29 52 21 96 30 45 104160 50944 462 23 343 65 29 1969 1267 980
leaf_count=6760 39150 118296 20832 417 49 35 512 1430 41 228 53 465 44 109 29 52 21 96 30 45 104160 50944 462 23 343 65 29 1969 1267 980
internal_value=-6.29975e-08 -9.69949e-05 -0.000836037 0.000383573 -0.00458425 -0.00654996 -0.00387294 0.00106537 0.00377941 0.0122772 0.00181201 0.00106977 0.0215435 0.0166327 0.0237164 -0.0228045 -0.0141757 0.00756941 0.000565942 -0.0254387 7.26359e-05 -0.00026843 -0.000785533 0.00405029 -0.00594696 -0.0261434 -0.00618347 -0.000888347 -0.00358331 -0.00741043
internal_weight=348936 149544 31248 10416 1257 1082 929 9159 2399 451 1948 1895 223 182 138 153 101 175 126 80 199392 95232 44288 922 460 117 52 43366 4216 2247
internal_count=348936 149544 31248 10416 1257 1082 929 9159 2399 451 1948 1895 223 182 138 153 101 175 126 80 199392 95232 44288 922 460 117 52 43366 4216 2247
cat_boundaries=0 3 5 8 11 13 15
cat_threshold=131674 2819424288 4 536 536936480 131098 134217760 4 4269631489 3566377857 1 2118139904 1150419457 2724022273 268599424
is_linear=0
shrinkage=0.05


Tree=217
num_leaves=31
num_cat=10
split_feature=6 0 9 6 0 0 9 8 0 9 9 9 5 9 1 5 3 3 0 9 9 8 0 5 7 9 0 0 5 0
split_gain=0.979847 5.19998 7.12373 5.80262 9.99426 9.19275 8.82144 7.28177 7.27509 12.3754 12.1216 6.7477 6.18144 6.126 6.12165 4.9842 6.38342 4.87023 10.1568 9.93499 6.35221 22.432 23.6954 18.0295 14.1847 14.8056 5.27234 5.00864 7.52983 11.1588
threshold=4.5000000000000009 0 4.2700000000000005 5.5000000000000009 1 2 3.5350000000000006 2.5000000000000004 3 2.4150000000000005 3.0700000000000007 2.0700000000000007 11.500000000000002 1.2700000000000002 4 1.5000000000000002 4.5000000000000009 1.5000000000000002 5 2.3100000000000005 2.8450000000000002 1.0000000180025095e-35 6 6.5000000000000009 3.5000000000000004 3.2250000000000005 7 8 6.5000000000000009 9
decision_type=2 1 2 2 1 1 2 2 1 2 2 2 2 2 1 2 2 2 1 2 2 2 1 2 2 2 1 1 2 1
left_child=-1 2 17 5 14 6 13 8 9 11 -11 -7 -6 -3 -5 16 -10 18 19 -2 27 23 24 -22 25 -23 -20 -19 -29 -30
right_child=1 3 -4 4 12 7 -8 -9 15 10 -12 -13 -14 -15 -16 -17 -18 20 26 -21 21 22 -24 -25 -26 -27 -28 28 29 -31
leaf_value=1.1436117699545225e-05 -0.013309826342815377 -0.0029912826689806851 -0.030460878901860933 0.007385944202612015 -0.0045234739291080874 -0.0031613476009369488 0.03623476993778478 -0.0096738333425007133 0.0029502652675056692 -0.043723727307385871 0.0015965874344110488 0.020562719991978479 -0.021308712459479771 0.0067699535766704948 -0.0033512635980215339 0.0031733052525079897 0.039111571985742326 -0.0057346338202984518 -0.0099722713903814073 -0.050446559529265633 0.052773786658489821 0.030027734365706382 -0.0092956079209969896 0.0043806839930383788 0.048786850652347009 -0.01440688840843536 0.0033017341489428465 0.0023523017243738445 -0.013493511036985779 0.00035072085470435959
leaf_weight=342506 83 198 22 324 639 253 23 197 26 36 25 34 60 854 215 474 23 680 112 23 39 38 247 38 30 37 186 894 222 398
leaf_count=342506 83 198 22 324 639 253 23 197 26 36 25 34 60 854 215 474 23 680 112 23 39 38 247 38 30 37 186 894 222 398
internal_value=-4.40366e-08 -0.000611556 -0.00210483 0.000739122 -0.00198397 0.00231568 0.00555084 -0.000983445 0.000970829 -0.00456656 -0.0251498 -0.000350831 -0.00588014 0.00493276 0.00311998 0.0046537 0.0199239 -0.00190569 -0.007016 -0.0195257 -0.00111859 0.00444587 -0.00090161 0.0288915 0.018014 0.00810665 -0.00184895 -0.00220663 -0.000580343 -0.00481839
internal_weight=348936 6430 3049 3381 1238 2143 1075 1068 871 348 61 287 699 1052 539 523 49 3027 404 106 2623 429 352 77 105 75 298 2194 1514 620
internal_count=348936 6430 3049 3381 1238 2143 1075 1068 871 348 61 287 699 1052 539 523 49 3027 404 106 2623 429 352 77 105 75 298 2194 1514 620
cat_boundaries=0 3 6 8 10 11 13 16 19 22 25
cat_threshold=3769257604 715029774 6 17145888 1342210673 1 202412121 2237726913 17104896 268468272 12 2149597184 168837128 2097156 42076416 4 545262084 536871936 2 131588 42209538 4 1024 537404428 2
is_linear=0
shrinkage=0.05


Tree=218
num_leaves=31
num_cat=7
split_feature=9 6 1 8 9 10 5 0 9 0 8 9 3 3 5 5 9 0 9 9 0 5 5 0 0 9 9 5 3 9
split_gain=0.96154 0.946525 3.66771 10.8672 17.0685 10.654 42.2673 49.028 35.1901 28.0941 19.7638 18.8932 19.131 18.4815 17.1968 16.9397 14.5389 13.5728 24.7786 13.5092 29.6187 17.2935 17.3608 14.2638 12.166 11.4443 11.2966 10.3309 14.7096 9.79674
threshold=4.785000000000001 1.0000000180025095e-35 0 5.5000000000000009 1.4150000000000003 1.0000000180025095e-35 9.5000000000000018 1 1.4150000000000003 2 3.5000000000000004 1.2700000000000002 3.5000000000000004 1.5000000000000002 5.5000000000000009 1.5000000000000002 0.69000000000000006 3 2.2700000000000005 1.5850000000000002 4 11.500000000000002 4.5000000000000009 5 6 1.6900000000000002 1.9300000000000004 10.500000000000002 5.5000000000000009 0.53500000000000003
decision_type=2 2 1 2 2 2 2 1 2 1 2 2 2 2 2 2 2 1 2 2 1 2 2 1 1 2 2 2 2 2
left_child=1 2 3 5 -5 17 8 11 9 16 24 27 -13 -10 -15 -11 -7 18 -1 -19 -21 22 -22 -24 29 -16 -25 28 -8 -9
right_child=-2 -3 -4 4 -6 6 7 10 13 15 -12 12 -14 14 25 -17 -18 19 -20 20 21 -23 23 26 -26 -27 -28 -29 -30 -31
leaf_value=-0.00091350324310944205 0.0094351988630714256 -7.9494700970224785e-05 0.00024945116283135417 0.0062970841573962173 0.053637751014459702 -0.0034112187776380505 -0.0018673490351650936 0.0033586394515466586 0.0055930712672865451 -0.010976287552666721 0.039551785022572235 0.082348549730059784 0.024551440284746449 -0.016581976330502235 -0.031013801924779386 0.0017699878121126005 -0.015099617939699026 0.00045495786001505415 -0.032566709886680568 0.018028327248966657 -0.0095261174162181161 -0.028614385692402725 0.023992071803341706 -0.0062144937240803735 0.00063776623535774762 -0.067426604092601802 0.018431680446134552 0.022377469749031681 0.038772028236201517 -0.020688653651885925
leaf_weight=22203 27 182412 111829 204 21 460 127 58 57 307 27 22 41 188 71 1727 631 26679 62 341 195 50 100 147 461 31 68 206 27 157
leaf_count=22203 27 182412 111829 204 21 460 127 58 57 307 27 22 41 188 71 1727 631 26679 62 341 195 50 100 147 461 31 68 206 27 157
internal_value=-8.59817e-08 -8.16122e-07 8.53831e-05 -0.000250235 0.0107155 -0.0002956 -0.00259854 0.00581945 -0.00532857 -0.00365119 -0.0023633 0.0190248 0.0447346 -0.0204346 -0.0255504 -0.000153107 -0.010079 -8.31627e-05 -0.0010012 0.000658079 0.00667989 -0.000542738 0.00219874 0.00945699 -0.00407238 -0.0420804 0.00151033 0.015054 0.00525774 -0.0135703
internal_weight=348936 348909 166497 54668 225 54443 4598 1126 3472 3125 703 423 63 347 290 2034 1091 49845 22265 27580 901 560 510 315 676 102 215 360 154 215
internal_count=348936 348909 166497 54668 225 54443 4598 1126 3472 3125 703 423 63 347 290 2034 1091 49845 22265 27580 901 560 510 315 676 102 215 360 154 215
cat_boundaries=0 1 4 6 9 12 14 17
cat_threshold=4 2567340107 418563211 2 2211012970 1222641320 4179069003 2623718469 1 8394628 1620056096 2 67641392 16777216 13655460 16 4
is_linear=0
shrinkage=0.05


Tree=219
num_leaves=31
num_cat=11
split_feature=9 0 0 7 1 0 9 5 5 9 0 6 6 3 3 8 9 8 0 1 5 0 0 8 10 8 0 7 10 0
split_gain=0.957159 4.91028 3.36953 10.9991 8.34904 19.4561 12.0876 11.5365 13.0479 10.8991 10.3847 6.58451 6.31668 6.08918 4.59497 9.45266 8.80226 7.95299 24.7842 13.5149 18.9628 21.9168 13.2953 13.1104 12.729 11.5749 10.3628 10.738 8.69007 17.0998
threshold=0.73000000000000009 0 1 4.5000000000000009 2 3 1.2700000000000002 4.5000000000000009 7.5000000000000009 1.2700000000000002 4 1.0000000180025095e-35 1.0000000180025095e-35 2.5000000000000004 3.5000000000000004 1.0000000180025095e-35 0.93000000000000005 2.5000000000000004 5 6 5.5000000000000009 7 8 3.5000000000000004 1.0000000180025095e-35 5.5000000000000009 9 1.5000000000000002 1.0000000180025095e-35 10
decision_type=2 1 1 2 1 1 2 2 2 2 1 2 2 2 2 2 2 2 1 1 2 1 1 2 2 2 1 2 2 1
left_child=1 -1 3 14 10 7 -7 -6 9 -9 -5 -8 -10 -14 15 16 -2 28 -19 20 23 -22 24 26 25 -21 27 -20 -16 -30
right_child=2 -3 -4 4 5 6 11 8 12 -11 -12 -13 13 -15 17 -17 -18 18 19 22 21 -23 -24 -25 -26 -27 -28 -29 29 -31
leaf_value=0.00021880787736694841 0.0013434178960078911 -0.00038103532538018189 -8.7225770024050564e-05 -0.005718559275781649 -0.012467781068491085 -0.0088908811573581627 -0.049161798929174744 0.007274635675584235 -0.018550501902225531 0.04134049720298022 0.0041823810782488664 -0.022628718614578248 -0.017931447887704486 0.013639763446657786 0.0012221923648616916 0.00077900567625425207 -0.0015251387226544132 -0.0050991473940379646 -0.024184399577012908 -0.005307726193922788 0.013343484781444204 -0.0067250136135716945 0.0063773247410420873 -0.023767499658161897 0.018012425635320444 0.020621460864861982 0.004545120707535673 0.016319025756092741 -0.0056917056129579743 0.0017290317623264405
leaf_weight=63605 3402 73569 132763 525 112 187 30 59 45 39 515 106 21 56 35535 17224 12502 2220 90 669 246 282 1573 144 75 46 137 20 1370 1769
leaf_count=63605 3402 73569 132763 525 112 187 30 59 45 39 515 106 21 56 35535 17224 12502 2220 90 669 246 282 1573 144 75 46 137 20 1370 1769
internal_value=-2.02054e-08 -0.000102911 6.66299e-05 0.000325164 -0.00365911 -0.00802783 -0.0166249 0.000577734 0.00724535 0.0208315 -0.000822552 -0.0284816 -0.00366808 0.00502943 0.000412567 -3.25822e-05 -0.00091153 0.000746389 -0.00103226 0.00172891 -0.0033933 0.00275043 0.00372691 -0.0117765 -0.00156419 -0.00363955 -0.00478576 -0.0154185 0.000999431 -0.00152233
internal_weight=348936 137174 211762 78999 1695 655 323 332 220 98 1040 136 122 77 77304 33128 15904 44176 5502 3282 919 528 2363 391 790 715 247 110 38674 3139
internal_count=348936 137174 211762 78999 1695 655 323 332 220 98 1040 136 122 77 77304 33128 15904 44176 5502 3282 919 528 2363 391 790 715 247 110 38674 3139
cat_boundaries=0 3 6 7 10 13 15 16 19 22 25 28
cat_threshold=3910575688 3776783663 4 1242059701 443039856 3 9 1208488356 274743296 1 1074270641 33570880 1 134234660 4210800 2 33554449 301989888 3 272 301989888 1 34082817 134217728 3 134742416 274726992 2
is_linear=0
shrinkage=0.05


Tree=220
num_leaves=31
num_cat=7
split_feature=9 0 8 3 0 1 0 10 3 9 8 8 0 8 1 0 7 9 10 8 8 9 3 5 7 8 10 5 3 6
split_gain=0.924147 3.17793 7.87823 6.93389 18.3355 10.8944 24.5197 29.5492 16.3449 17.4785 14.2539 11.6386 10.5142 9.61684 12.6203 24.0018 14.9553 11.8472 11.0571 10.189 9.71824 9.58033 9.05409 13.2651 16.4373 8.66611 8.44435 8.70345 8.75871 9.37364
threshold=1.0700000000000001 0 7.5000000000000009 5.5000000000000009 1 2 3 1.0000000180025095e-35 6.5000000000000009 1.4150000000000003 4.5000000000000009 4.5000000000000009 4 4.5000000000000009 5 6 3.5000000000000004 2.0700000000000007 1.0000000180025095e-35 2.5000000000000004 2.5000000000000004 1.5350000000000004 6.5000000000000009 2.5000000000000004 1.0000000180025095e-35 1.5000000000000002 1.0000000180025095e-35 6.5000000000000009 6.5000000000000009 2.5000000000000004
decision_type=2 1 2 2 1 1 1 2 2 2 2 2 1 2 1 1 2 2 2 2 2 2 2 2 2 2 2 2 2 2
left_child=-1 -2 3 -3 13 6 26 11 -9 -10 12 -8 -7 14 15 -5 17 -16 19 25 22 -18 23 -19 -25 -17 27 28 -6 -30
right_child=1 2 -4 4 5 10 7 8 9 -11 -12 -13 -14 -15 16 18 21 20 -20 -21 -22 -23 -24 24 -26 -27 -28 -29 29 -31
leaf_value=-6.2272939704133764e-05 -0.00015252366480300575 4.4654276272450422e-05 -0.012731105079469474 -0.011770089837013491 0.00040395809737587608 0.0012299985783725059 0.0038148605968621133 0.038640312275246669 -0.014738517776131631 0.033284299598178933 -0.012326121753236901 0.040397310256958009 -0.0021754107698876957 0.01581799519108304 0.0040328852054411033 0.0047510839088250011 -0.015821409048759286 -0.0059733459937640213 0.037238053485218969 0.019179881102754735 0.049205381566259476 0.0076573245946821751 0.0017623263916157813 0.065641202701122642 0.0062923256773501635 -0.018819979754361241 -0.013503573675423045 0.0027656678525565998 -0.014001024581479813 0.0052150847006123512
leaf_weight=220079 61749 47800 115 367 419 4523 1852 102 40 36 261 22 4525 153 4881 134 151 22 28 80 21 61 83 28 20 55 146 796 307 80
leaf_count=220079 61749 47800 115 367 419 4523 1852 102 40 36 261 22 4525 153 4881 134 151 22 28 80 21 61 83 28 20 55 146 796 307 80
internal_value=-9.60006e-09 0.000106332 0.000344488 0.000366985 0.00116975 0.000115477 0.00236797 0.00606395 0.0255618 0.00800913 -0.000805561 0.00424432 -0.000474127 0.00343551 0.00312187 -0.00335122 0.00393681 0.00448991 0.00709642 0.00422281 0.0173102 -0.00906574 0.0129324 0.026177 0.0409125 -0.00210822 -0.0019806 -0.000942808 -0.00460527 -0.0100287
internal_weight=348936 128857 67108 66993 19193 13109 3800 2052 178 76 9309 1874 9048 6084 5931 664 5267 5055 297 269 174 212 153 70 48 189 1748 1602 806 387
internal_count=348936 128857 67108 66993 19193 13109 3800 2052 178 76 9309 1874 9048 6084 5931 664 5267 5055 297 269 174 212 153 70 48 189 1748 1602 806 387
cat_boundaries=0 3 5 6 8 10 11 13
cat_threshold=1169474384 1768337039 2 541597833 1065008 1 134356006 69888 2315389986 2155876608 8 541589632 1048592
is_linear=0
shrinkage=0.05


Tree=221
num_leaves=31
num_cat=7
split_feature=6 0 9 3 0 9 9 0 3 0 9 9 7 5 1 8 8 3 0 3 9 5 7 8 9 9 8 0 5 8
split_gain=0.898407 4.76411 6.41142 5.08819 14.9885 13.3762 13.1231 12.3749 10.988 14.3491 27.684 10.628 9.45978 12.9101 8.47738 7.72766 5.69409 5.74577 5.57032 5.32575 5.85538 19.6685 8.40108 5.45575 5.1726 4.97565 6.43387 6.12169 6.07188 4.73981
threshold=4.5000000000000009 0 4.2700000000000005 3.5000000000000004 1 3.2250000000000005 3.5850000000000004 2 5.5000000000000009 3 3.3650000000000007 2.2700000000000005 3.5000000000000004 2.5000000000000004 4 3.5000000000000004 1.5000000000000002 6.5000000000000009 5 4.5000000000000009 2.8450000000000002 2.5000000000000004 1.5000000000000002 2.5000000000000004 2.5350000000000006 2.9300000000000002 1.5000000000000002 6 1.5000000000000002 6.5000000000000009
decision_type=2 1 2 2 1 2 2 1 2 1 2 2 2 2 1 2 2 2 1 2 2 2 2 2 2 2 2 1 2 2
left_child=-1 2 3 4 -2 25 -7 14 11 12 -11 -9 13 -10 18 -13 17 -15 -5 24 22 -22 -21 -23 -16 26 27 -6 -28 -3
right_child=1 29 -4 7 5 6 -8 8 9 10 -12 15 -14 16 19 -17 -18 -19 -20 20 21 23 -24 -25 -26 -27 28 -29 -30 -31
leaf_value=1.0965158473406455e-05 -0.0097269599947811397 0.00082461823939156901 -0.028957047177986667 0.0089168350705329108 0.0051166478398732328 0.041094436439184041 -0.0047647165421109937 0.0027084112102244745 -0.025946696102619172 -0.0048024370358986058 -0.060741497141619527 0.021386789311898528 0.036879947274923323 0.015316087905145987 -0.014171351194381716 -0.003801689583908867 0.024876563557320173 -0.0068517848197370765 -0.0046717795482339357 -0.0046848132375481672 0.041672374470078433 -0.0017317514061122329 -0.027373397773515214 -0.034144718414172534 -0.044355489787730303 -0.022590537197314776 0.033196100175735502 -0.0083803470154115677 0.0043643589118229492 -0.021472493456288554
leaf_weight=342506 617 3454 22 109 121 39 26 354 30 282 24 172 25 57 40 37 45 60 196 102 23 37 68 20 22 26 21 237 140 24
leaf_count=342506 617 3454 22 109 121 39 26 354 30 282 24 172 25 57 40 37 45 60 196 102 23 37 68 20 22 26 21 237 140 24
internal_value=-2.75603e-08 -0.000585575 -0.00205879 -0.00186385 -0.00431858 0.00129018 0.0227508 -9.52389e-05 0.00311087 -0.00207864 -0.008899 0.00798693 0.00759891 0.00418205 -0.0056965 0.0169276 0.00976145 0.00394795 0.000313387 -0.0113988 -0.00851099 0.00264369 -0.0137602 -0.0131047 -0.0248819 -0.00124567 -0.000176371 -0.00390968 0.00812502 0.000668834
internal_weight=348936 6430 2952 2930 1227 610 65 1703 1086 523 306 563 217 192 617 209 162 117 305 312 250 80 170 57 62 545 519 358 161 3478
internal_count=348936 6430 2952 2930 1227 610 65 1703 1086 523 306 563 217 192 617 209 162 117 305 312 250 80 170 57 62 545 519 358 161 3478
cat_boundaries=0 3 6 9 11 12 14 17
cat_threshold=3836365444 178158862 6 3825224324 176162824 2 655360 939014 4 1140869248 34605056 5 655360 524290 131072 147460 4
is_linear=0
shrinkage=0.05


Tree=222
num_leaves=31
num_cat=4
split_feature=9 6 0 8 8 0 9 9 5 9 7 9 9 9 0 3 0 9 8 3 9 5 3 5 3 7 5 5 5 5
split_gain=0.899019 1.0466 3.43181 5.78196 5.15651 15.9719 11.9144 12.1144 7.95142 22.3679 8.11264 6.56388 14.3946 6.18193 15.4211 11.8737 13.4588 10.7898 8.80322 11.0675 9.79041 8.72279 8.23625 12.46 9.7302 9.52665 14.7157 7.99427 15.7662 7.94984
threshold=1.0000000180025095e-35 1.0000000180025095e-35 0 7.5000000000000009 1.5000000000000002 1 3.0700000000000007 2.6900000000000004 11.500000000000002 1.4150000000000003 5.5000000000000009 3.0700000000000007 2.5350000000000006 1.2700000000000002 2 4.5000000000000009 3 1.5350000000000004 2.5000000000000004 6.5000000000000009 1.5350000000000004 5.5000000000000009 5.5000000000000009 1.5000000000000002 2.5000000000000004 1.0000000180025095e-35 4.5000000000000009 6.5000000000000009 2.5000000000000004 10.500000000000002
decision_type=2 2 1 2 2 1 2 2 2 2 2 2 2 2 1 2 1 2 2 2 2 2 2 2 2 2 2 2 2 2
left_child=-1 2 3 4 -2 6 7 8 10 -10 -6 12 13 -7 15 17 -17 29 19 21 -20 -18 23 -16 25 26 -25 28 -19 -15
right_child=1 -3 -4 -5 5 11 -8 -9 9 -11 -12 -13 -14 14 22 16 18 27 20 -21 -22 -23 -24 24 -26 -27 -28 -29 -30 -31
leaf_value=-0.00097013748444843388 -0.00041836812064803059 -7.5817548495989644e-05 0.00029180312267278511 -0.022117609050280106 0.0023710450073889944 -0.0014316911106173906 -0.035531469585285302 0.029628493117925248 0.00040173683865547496 -0.026537695735316266 0.025230724230790754 0.026358212462880393 -0.026723229459107475 0.025005405113756003 0.017659249205004286 0.010359446875446914 0.014870735593140125 0.023626544803846627 -0.015605707233771682 -0.052532205439132201 0.026640116640677055 -0.02836315537736352 0.0054938078689750064 -0.017204715542752168 -0.012724342596019357 -0.0081173759121867944 0.025429655004070323 0.016553574736769262 -0.019246783617597362 -0.0045514765840310323
leaf_weight=2372 50799 182428 95585 30 8035 7327 21 40 574 89 39 22 54 182 54 137 20 32 32 23 24 28 245 29 348 133 67 76 65 26
leaf_count=2372 50799 182428 95585 30 8035 7327 21 40 574 89 39 22 54 182 54 137 20 32 32 23 24 28 245 29 348 133 67 76 65 26
internal_value=-3.87153e-08 6.60097e-06 9.82045e-05 -0.00017176 -0.000162176 0.000572181 0.00208255 0.00217491 0.00204923 -0.00321457 0.00248146 -0.000918164 -0.000986605 -0.000829532 0.0020712 0.00786802 -0.000159756 0.0136371 -0.0114235 -0.024014 0.00249965 -0.010349 -0.002261 -0.00530782 -0.00745725 0.000546896 0.0125505 0.00441087 -0.00510301 0.0213108
internal_weight=348936 346564 164136 68551 68521 17722 8798 8777 8737 663 8074 8924 8902 8848 1521 645 264 381 127 71 56 48 876 631 577 229 96 173 97 208
internal_count=348936 346564 164136 68551 68521 17722 8798 8777 8737 663 8074 8924 8902 8848 1521 645 264 381 127 71 56 48 876 631 577 229 96 173 97 208
cat_boundaries=0 3 6 8 10
cat_threshold=3073273377 1880098520 2 2485144609 269484552 2 270848 1610612800 270336 536870912
is_linear=0
shrinkage=0.05


Tree=223
num_leaves=31
num_cat=4
split_feature=9 6 0 8 9 6 9 5 0 9 9 7 7 9 9 9 3 7 0 5 7 8 7 9 9 8 7 0 3 9
split_gain=0.8896 0.882846 7.27791 6.0362 5.93017 4.526 6.02115 4.65625 14.7504 8.11491 7.92181 7.67944 9.32946 6.67521 7.09802 9.62693 9.57628 7.02897 5.08774 6.86803 4.9664 4.48766 15.4451 13.3878 4.3676 4.13371 4.07179 20.3616 8.55324 7.59696
threshold=4.785000000000001 3.5000000000000004 0 5.5000000000000009 2.4150000000000005 4.5000000000000009 3.6900000000000004 3.5000000000000004 1 2.4150000000000005 2.8450000000000002 2.5000000000000004 3.5000000000000004 2.5850000000000004 2.5350000000000006 2.0700000000000007 3.5000000000000004 2.5000000000000004 2 5.5000000000000009 3.5000000000000004 1.5000000000000002 2.5000000000000004 3.0700000000000007 4.3100000000000014 2.5000000000000004 1.5000000000000002 3 6.5000000000000009 3.3650000000000007
decision_type=2 2 1 2 2 2 2 2 1 2 2 2 2 2 2 2 2 2 1 2 2 2 2 2 2 2 2 1 2 2
left_child=1 24 3 5 -5 6 7 8 9 20 13 -10 -13 14 15 18 -17 25 19 -9 -3 23 -23 -12 -1 -18 -7 29 -29 -28
right_child=-2 2 -4 4 -6 26 -8 10 11 -11 21 12 -14 -15 -16 16 17 -19 -20 -21 -22 22 -24 -25 -26 -27 27 28 -30 -31
leaf_value=1.551194635202864e-05 0.009075438893503613 -0.013007244597360863 0.00029742222182678382 -0.001396780942256252 -0.035863211872772527 -0.001782309668812131 -0.027535846441984174 0.0040089457660548757 0.0031223866791339518 -0.033996404730714858 0.053067255179796907 -0.036627574939409206 0.0022445348458308163 -0.02800490154325962 0.019685669112447148 -0.026948921152047424 -0.018188590631943266 0.020896308755745059 0.00064115864633153133 -0.0088143765033091587 0.0094400386153547858 -0.022467061209267586 0.032399013152588967 0.00025511892246348519 0.021804771280807 0.008023886981287174 -0.0080992449923562772 0.014774881760929835 -0.0079367913616200294 0.018254958931356671
leaf_weight=332344 27 282 11909 24 26 1095 25 143 358 44 21 29 33 25 37 76 53 23 1133 387 27 29 23 28 23 21 309 304 48 30
leaf_count=332344 27 282 11909 24 26 1095 25 143 358 44 21 29 33 25 37 76 53 23 1133 387 27 29 23 28 23 21 309 304 48 30
internal_value=-2.15158e-08 -7.23812e-07 -0.000357233 -0.00203626 -0.0193193 -0.00185214 -0.00310773 -0.00288742 -0.00618282 -0.0135234 -0.00161311 0.000301592 -0.0159376 -0.00233919 -0.00199662 -0.00243357 -0.0136589 -0.00324617 -0.00126581 -0.00525534 -0.0110458 0.0120316 0.00180063 0.0228889 1.70198e-05 -0.0107499 0.000114194 0.00311951 0.0113552 -0.00560177
internal_weight=348936 348909 16542 4633 50 4583 2797 2772 773 353 1999 420 62 1898 1873 1836 173 97 1663 530 309 101 52 49 332367 74 1786 691 352 339
internal_count=348936 348909 16542 4633 50 4583 2797 2772 773 353 1999 420 62 1898 1873 1836 173 97 1663 530 309 101 52 49 332367 74 1786 691 352 339
cat_boundaries=0 3 5 8 11
cat_threshold=1887470122 1157695681 6 1887469570 1140916224 554 65536 2 805306890 67110912 6
is_linear=0
shrinkage=0.05


Tree=224
num_leaves=31
num_cat=9
split_feature=3 10 0 9 5 0 5 9 0 9 6 9 0 5 0 1 0 9 8 8 9 9 5 5 7 9 1 0 6 7
split_gain=0.888357 16.7985 28.6293 25.7403 15.8288 23.6608 15.5734 15.3071 14.1751 30.2303 15.901 13.5113 15.9994 13.364 13.211 24.9315 54.3448 16.7215 40.2646 19.7949 16.5754 13.0294 15.3579 12.939 12.4988 11.9193 15.2741 23.5942 22.7357 11.8555
threshold=1.5000000000000002 1.0000000180025095e-35 0 2.0700000000000007 9.5000000000000018 1 7.5000000000000009 2.3100000000000005 2 1.2700000000000002 1.0000000180025095e-35 1.8450000000000004 3 5.5000000000000009 4 5 6 2.0700000000000007 1.5000000000000002 2.5000000000000004 2.4150000000000005 2.8450000000000002 3.5000000000000004 3.5000000000000004 4.5000000000000009 1.2700000000000002 7 8 1.5000000000000002 1.0000000180025095e-35
decision_type=2 2 1 2 2 1 2 2 1 2 2 2 1 2 1 1 1 2 2 2 2 2 2 2 2 2 1 1 2 2
left_child=1 4 3 24 14 -6 11 -7 -8 -10 -11 12 -4 -13 15 16 23 19 -19 -18 -17 -16 -23 -1 25 -3 27 28 -27 -22
right_child=-2 2 6 -5 5 7 8 -9 9 10 -12 13 -14 -15 21 20 17 18 -20 -21 29 22 -24 -25 -26 26 -28 -29 -30 -31
leaf_value=-0.015692549014865009 -3.2588915514009554e-05 0.0044196432324234295 0.0037783670221272457 0.031556277809159781 -0.0043305383099092815 0.00093578420283916327 -0.0029782026166674984 -0.015761293892730902 0.0025776310847585751 0.055399392137510911 0.018329743124878058 -0.033421903139161359 -0.0076446751191156515 0.0038886729834808247 0.0011316899161364926 -0.00033228476243497948 -0.025897522679651563 0.034706156499683859 -0.0054109105695329032 0.009987166190915036 0.047596786195232027 0.027430742085703369 0.00032020718397277205 -0.036476926263182975 -0.0237105718224912 -0.020027852241031218 0.00051875944861189225 0.02979976958355858 0.025708064252548679 -0.0010597037417548044
leaf_weight=144 299088 1303 550 107 4864 5179 330 141 314 45 81 72 672 36 20007 14651 92 100 167 66 31 103 106 156 34 61 162 204 49 21
leaf_count=144 299088 1303 550 107 4864 5179 330 141 314 45 81 72 672 36 20007 14651 92 100 167 66 31 103 106 156 34 61 162 204 49 21
internal_value=-1.90953e-08 0.0001954 0.00329449 0.00768577 -7.64498e-05 -0.0018149 -0.000753412 0.000492323 0.00490191 0.0106379 0.0315689 -0.00403321 -0.00253501 -0.020985 0.000420251 -0.00068154 -0.00966878 0.00193925 0.00961421 -0.0109077 -0.000232112 0.0012608 0.0136809 -0.0256456 0.00631937 0.00689329 0.0136647 0.0197998 0.000316635 0.027947
internal_weight=348936 49848 4020 1920 45828 10184 2100 5320 770 440 126 1330 1222 108 35644 15428 725 425 267 158 14703 20216 209 300 1813 1779 476 314 110 52
internal_count=348936 49848 4020 1920 45828 10184 2100 5320 770 440 126 1330 1222 108 35644 15428 725 425 267 158 14703 20216 209 300 1813 1779 476 314 110 52
cat_boundaries=0 3 6 8 10 13 14 16 17 20
cat_threshold=3299595562 2895221454 2 4036569793 2547596314 1 406856385 1113596960 810814081 1113719056 2856554370 1119121487 1 8 2315354112 1109409868 5 524288 545329804 2
is_linear=0
shrinkage=0.05


Tree=225
num_leaves=31
num_cat=13
split_feature=5 3 0 9 0 3 0 0 9 9 0 1 9 5 9 0 3 0 0 9 1 0 7 1 9 9 6 0 9 3
split_gain=0.887419 10.631 37.5376 13.8068 13.0634 11.5593 44.2414 25.8315 40.3381 22.1083 21.5629 18.5372 17.6621 17.5421 18.5579 13.3853 13.0401 28.3237 25.5273 25.2656 18.5891 17.6344 20.5882 13.8753 13.8136 19.2896 12.8921 15.9148 12.5238 15.9853
threshold=2.5000000000000004 6.5000000000000009 0 3.3650000000000007 1 3.5000000000000004 2 3 1.3650000000000002 1.0700000000000001 4 5 2.9300000000000002 1.5000000000000002 3.0700000000000007 6 4.5000000000000009 7 8 1.2700000000000002 9 10 1.5000000000000002 11 1.5350000000000004 2.4150000000000005 1.5000000000000002 12 1.9300000000000004 4.5000000000000009
decision_type=2 2 1 2 1 2 1 1 2 2 1 1 2 2 2 1 2 1 1 2 1 1 2 1 2 2 2 1 2 2
left_child=1 5 -3 4 -4 7 9 8 -1 -7 28 26 15 14 -8 -10 18 -18 19 -15 -20 -21 -23 -19 -22 -26 27 -12 -11 -30
right_child=-2 2 3 -5 -6 6 13 -9 12 10 11 -13 -14 16 -16 -17 17 23 20 21 24 22 -24 -25 25 -27 -28 -29 29 -31
leaf_value=0.00063590915963987785 3.7600021893540169e-05 0.0047997273477722599 -0.0056397368207918982 -0.040314839197241742 0.00020099410115494783 -0.0016807766904566115 0.0022059570999932933 -0.00096823117958368208 0.016625271996202333 -0.0033041915645424659 -0.0087663297593179677 -0.005916786798730536 0.02576066777249103 -0.0024849218001025252 0.028639628575183453 0.0052957031539142994 0.0056683409148543112 -0.015755510893875675 0.00036195715429038124 0.031018094192461477 -0.0091475669477141235 -0.011592276586242111 0.030406747290657628 -0.0016017936654026479 -0.03384005750479703 0.0066219607937933987 -0.0070944474273992161 -0.02733615555124588 -0.0089962397429493041 0.015596211649793782
leaf_weight=8694 285487 4288 1334 23 3333 8207 7388 16200 305 1274 242 2395 134 571 67 1802 1664 176 483 105 889 83 45 2640 131 38 341 289 96 212
leaf_count=8694 285487 4288 1334 23 3333 8207 7388 16200 305 1274 242 2395 134 571 67 1802 1664 176 483 105 889 83 45 2640 131 38 341 289 96 212
internal_value=9.29126e-09 -0.000169129 0.00142505 -0.00166705 -0.00148015 -0.000431884 -0.00115757 0.000299181 0.00217572 -0.00325981 -0.00593906 -0.00824892 0.00815917 0.000766212 0.00244352 0.00703976 -0.00106481 0.000516412 -0.00408564 0.003138 -0.00782408 0.0170525 0.00294308 -0.00253902 -0.0115296 -0.0247421 -0.0145145 -0.019553 -0.00110979 0.00793103
internal_weight=348936 63449 8978 4690 4667 54471 27336 27135 10935 13056 4849 3267 2241 14280 7455 2107 6825 4480 2345 804 1541 233 128 2816 1058 169 872 531 1582 308
internal_count=348936 63449 8978 4690 4667 54471 27336 27135 10935 13056 4849 3267 2241 14280 7455 2107 6825 4480 2345 804 1541 233 128 2816 1058 169 872 531 1582 308
cat_boundaries=0 3 5 8 11 14 15 17 19 22 23 24 25 27
cat_threshold=801276840 1175910809 6 270534661 402718788 223158760 3547004177 1 3507038532 2473082137 1 71565376 3489699840 1 4 73728 16785408 806391827 671154244 3265283076 262176 6 1 1075856388 8 168 6817041
is_linear=0
shrinkage=0.05


Tree=226
num_leaves=31
num_cat=8
split_feature=6 0 6 0 0 9 5 9 8 7 5 3 0 0 5 8 0 3 9 9 5 0 9 0 7 5 9 9 3 9
split_gain=0.896472 4.39184 6.11726 6.83536 6.68564 10.2884 5.79175 5.61853 7.39307 18.8652 4.97306 4.52211 14.5938 9.30435 9.70213 9.34803 7.96475 6.30397 5.91537 5.89214 5.84864 17.1732 12.7984 12.613 10.6973 16.4128 11.6361 9.41528 10.3506 21.6193
threshold=4.5000000000000009 0 5.5000000000000009 1 2 2.4150000000000005 2.5000000000000004 2.6900000000000004 2.5000000000000004 1.5000000000000002 6.5000000000000009 2.5000000000000004 3 4 1.5000000000000002 1.5000000000000002 5 5.5000000000000009 1.9300000000000004 2.5350000000000006 4.5000000000000009 6 1.5350000000000004 7 2.5000000000000004 2.5000000000000004 2.4150000000000005 2.0700000000000007 4.5000000000000009 2.6900000000000004
decision_type=2 1 2 1 1 2 2 2 2 2 2 2 1 1 2 2 1 2 2 2 2 1 2 1 2 2 2 2 2 2
left_child=-1 2 4 -4 5 -2 -7 -5 10 -10 -9 12 18 -13 15 -15 19 -17 -3 -14 21 -16 -23 -22 25 -24 -27 -25 29 -29
right_child=1 11 3 7 -6 6 -8 8 9 -11 -12 13 16 14 20 17 -18 -19 -20 -21 23 22 24 27 -26 26 -28 28 -30 -31
leaf_value=1.0986811833566588e-05 0.0039122614173071561 0.0032816233264433372 0.0020851338385925199 -0.0031721091299497205 0.00036938344535410281 0.044181743592378642 0.015246593594855194 -0.017199281796135685 0.03384260427291421 -0.029067974809843761 -0.045327015077187255 -0.0074632093460352813 -0.0096120272705998225 -0.0010524019525828174 -0.00318376893616504 -0.012290149729754498 -0.0030837920675223034 -0.039868276485552391 0.025543966483324767 -0.026163136972087053 -0.0047170872936158851 -0.0017867035118111392 0.0035449030920880024 0.00046451610639569878 0.0015997180557885283 0.022950248262350217 0.052696328410878783 -0.0022372295707464222 0.0044351264940662273 0.046261190877002839
leaf_weight=342506 475 74 466 327 974 21 98 55 22 26 22 406 257 156 329 67 672 30 50 68 729 114 69 460 74 96 50 40 149 54
leaf_count=342506 475 74 466 327 974 21 98 55 22 26 22 406 257 156 329 67 672 30 50 68 729 114 69 460 74 96 50 40 149 54
internal_value=5.94066e-09 -0.000584911 0.00105955 -0.00217771 0.00296159 0.0070866 0.0203528 -0.00647546 -0.0156351 -0.000233959 -0.0252358 -0.00162003 -0.00431088 -0.000557252 0.000631055 -0.00863108 -0.00630837 -0.0208195 0.0113436 -0.0126847 0.00171684 0.00535251 0.0121001 -0.000141621 0.0179966 0.0236402 0.0331373 0.00460467 0.0126315 0.0256236
internal_weight=348936 6430 2486 918 1568 594 119 452 125 48 77 3944 1121 2823 2417 253 997 97 124 325 2164 732 403 1432 289 215 146 703 243 94
internal_count=348936 6430 2486 918 1568 594 119 452 125 48 77 3944 1121 2823 2417 253 997 97 124 325 2164 732 403 1432 289 215 146 703 243 94
cat_boundaries=0 3 6 8 11 14 17 19 22
cat_threshold=425037947 358679137 1 17137704 335544929 1 135303185 23134208 663552 4 4 663552 262148 4 2720025600 570441736 2 2793422848 1083353488 1082133380 671759384 2
is_linear=0
shrinkage=0.05


Tree=227
num_leaves=31
num_cat=10
split_feature=9 6 0 9 3 0 3 0 5 5 0 0 8 5 0 6 0 6 6 8 3 10 0 6 0 3 5 9 0 9
split_gain=0.883 4.08224 3.51701 1.94517 2.16814 3.12679 4.53669 3.06137 2.20336 2.42994 3.42753 2.6458 2.57547 2.09559 2.0625 1.85424 1.84144 1.73207 1.48352 1.46798 1.92641 1.40408 1.39152 1.28083 1.25103 3.488 6.05735 11.2022 22.0097 20.9172
threshold=0.31000000000000005 1.5000000000000002 0 0.27000000000000007 4.5000000000000009 1 3.5000000000000004 2 5.5000000000000009 8.5000000000000018 3 4 1.5000000000000002 11.500000000000002 5 1.0000000180025095e-35 6 1.0000000180025095e-35 1.0000000180025095e-35 5.5000000000000009 4.5000000000000009 1.0000000180025095e-35 7 1.0000000180025095e-35 8 3.5000000000000004 2.5000000000000004 1.6350000000000002 9 3.0700000000000007
decision_type=2 2 1 2 2 1 2 1 2 2 1 1 2 2 1 2 1 2 2 2 2 2 1 2 1 2 2 2 1 2
left_child=1 2 19 18 5 6 14 13 16 11 21 12 23 -6 17 -8 -7 -5 22 -1 -21 -11 -4 -10 25 -2 27 -27 29 -29
right_child=24 -3 3 4 7 8 15 -9 9 10 -12 -13 -14 -15 -16 -17 -18 -19 -20 20 -22 -23 -24 -25 -26 26 -28 28 -30 -31
leaf_value=-0.00089073893199676847 -0.00015430556527476177 -0.004120657154971015 0.0010238517510343618 0.0070301377967399662 -0.0029411117500874268 0.00074424743363000817 0.008630271061769404 0.00064998131520333825 0.0074476488397039221 -0.004040147289633751 0.0024962479947869334 0.0018438576264235809 0.017200189511306953 0.0072547109200144719 0.00054366584248551216 0.00072086351913410232 -0.0023803574343522391 -0.0017777571585816398 -0.0024972090154993134 0.016486683913639614 -0.0022315294395580335 0.006119967473519815 -0.00065669598118974978 -0.0029747078950340686 -5.9906939441569958e-05 -4.1704176336914491e-05 0.0005715176367349753 -0.010091035116653019 -0.0004448897349780621 -0.049496133617746338
leaf_weight=11295 57337 671 1810 261 1026 1020 399 3201 145 420 624 645 61 53 1122 91 863 71 739 28 27 37 3802 37 186770 12119 62501 522 1203 36
leaf_count=11295 57337 671 1810 261 1026 1020 399 3201 145 420 624 645 61 53 1122 91 863 71 739 28 27 37 3802 37 186770 12119 62501 522 1203 36
internal_value=-1.72715e-08 -0.000266984 -0.000173892 0.000293807 0.000725949 0.00135622 0.00298524 -0.000127568 0.000524988 0.00169578 0.000103791 0.00363376 0.00798046 -0.00241789 0.0015984 0.00716138 -0.000696483 0.00499604 -0.000391332 -0.00085031 0.00729774 -0.00314866 -0.000114026 0.00532882 2.368e-05 0.000140424 0.000361687 -0.000583173 -0.0043095 -0.0124109
internal_weight=348936 28448 27777 16427 10076 5796 1944 4280 3852 1969 1081 888 243 1079 1454 490 1883 332 6351 11350 55 457 5612 182 320488 133718 76381 13880 1761 558
internal_count=348936 28448 27777 16427 10076 5796 1944 4280 3852 1969 1081 888 243 1079 1454 490 1883 332 6351 11350 55 457 5612 182 320488 133718 76381 13880 1761 558
cat_boundaries=0 3 5 7 9 12 14 17 19 22 25
cat_threshold=4171252490 365740393 2 1577989 78470 795653 77828 83919008 2821851136 117473408 134217728 4 524288 4224 17205328 3893364736 1 327857 1644235778 4179624620 149513325 6 1073741856 6824961 4
is_linear=0
shrinkage=0.05


Tree=228
num_leaves=31
num_cat=3
split_feature=9 0 8 0 5 7 8 8 7 5 5 5 3 8 7 8 3 9 7 9 7 7 6 3 8 0 9 6 5 7
split_gain=0.888563 3.04641 6.5634 29.6756 13.6952 15.8253 17.1525 16.3749 8.74189 6.96422 17.1385 6.30097 6.19197 5.59318 5.28078 5.13848 9.61977 4.69464 14.3578 22.7806 19.3363 12.4394 9.06378 6.60224 4.96515 36.3638 14.8605 11.5364 18.8331 13.2973
threshold=1.0700000000000001 0 5.5000000000000009 1 6.5000000000000009 1.0000000180025095e-35 6.5000000000000009 6.5000000000000009 1.0000000180025095e-35 2.5000000000000004 4.5000000000000009 4.5000000000000009 4.5000000000000009 6.5000000000000009 2.5000000000000004 6.5000000000000009 3.5000000000000004 3.7300000000000004 2.5000000000000004 4.0700000000000012 1.5000000000000002 1.0000000180025095e-35 3.5000000000000004 5.5000000000000009 5.5000000000000009 2 2.0700000000000007 1.5000000000000002 2.5000000000000004 1.5000000000000002
decision_type=2 1 2 1 2 2 2 2 2 2 2 2 2 2 2 2 2 2 2 2 2 2 2 2 2 1 2 2 2 2
left_child=-1 2 -2 11 5 6 -5 9 13 -7 14 -4 -9 -6 -11 16 -13 24 20 -20 21 23 -23 -19 -3 26 -26 28 -27 -30
right_child=1 17 3 4 8 7 -8 12 -10 10 -12 15 -14 -15 -16 -17 -18 18 19 -21 -22 22 -24 -25 25 27 -28 -29 29 -31
leaf_value=-6.1063878617017854e-05 0.00045115886109936407 -0.00016668354976091541 -0.030789544293264533 0.011035122107281241 -0.0059443558692666041 -0.014332596675464602 -0.037310327417799272 0.023968223958777693 -0.019473918731981781 0.052887075990438459 -0.013407031895921512 -0.026706894539782533 0.052493454404175278 0.027201695572584866 0.01775739030993503 -0.023285644237638722 0.01568617606535554 0.035247712688786646 0.015941843858343505 -0.036451355604136863 0.044808148960804657 -0.033842837959527972 0.0060699156062169511 0.00029284092174334961 0.021429019083283381 -0.027774593606591225 0.0027407177969638406 -0.015616902242839823 -0.0024665716631584859 0.028737286829935583
leaf_weight=220079 53090 74088 89 43 35 33 32 52 85 20 34 23 30 20 23 59 32 35 42 41 42 25 33 22 258 42 181 207 83 58
leaf_count=220079 53090 74088 89 43 35 33 32 52 85 20 34 23 30 20 23 59 32 35 42 41 42 25 33 22 258 42 181 207 83 58
internal_value=-1.1023e-08 0.000104263 0.000391833 -0.004765 0.00316493 0.00988419 -0.00959227 0.0174922 -0.00942358 0.00488497 0.0131211 -0.0198424 0.0344043 0.00610875 0.0340968 -0.0130364 -0.00204184 -0.000101246 0.0068806 -0.00993913 0.0157726 0.00516825 -0.0111339 0.0217564 -0.000123626 0.00372444 0.0134182 -0.00734299 0.00161478 0.0103691
internal_weight=348936 128857 53700 610 407 267 75 192 140 110 77 203 82 55 43 114 55 75157 240 83 157 115 58 57 74917 829 439 390 183 141
internal_count=348936 128857 53700 610 407 267 75 192 140 110 77 203 82 55 43 114 55 75157 240 83 157 115 58 57 74917 829 439 390 183 141
cat_boundaries=0 3 6 9
cat_threshold=2588089383 378098032 5 2319516704 67108928 1 1688740432 694585344 2
is_linear=0
shrinkage=0.05


Tree=229
num_leaves=31
num_cat=8
split_feature=3 1 0 0 9 0 7 9 8 8 5 9 9 9 0 9 8 9 10 9 0 5 0 9 0 7 5 5 8 8
split_gain=0.826925 15.4357 38.73 27.208 17.7015 28.1569 19.2595 17.1047 16.4342 16.3432 15.9759 16.8525 16.6659 12.1551 19.9281 15.579 10.9638 10.4414 10.006 17.607 17.3474 16.4095 9.57231 13.9146 25.5153 11.7685 9.08324 25.6897 25.1722 9.29047
threshold=1.5000000000000002 0 1 2 1.4150000000000003 3 4.5000000000000009 2.2700000000000005 1.5000000000000002 1.0000000180025095e-35 1.5000000000000002 2.2700000000000005 3.3650000000000007 2.8450000000000002 4 3.5350000000000006 3.5000000000000004 1.8450000000000004 1.0000000180025095e-35 1.2700000000000002 5 7.5000000000000009 6 1.6900000000000002 7 1.5000000000000002 11.500000000000002 6.5000000000000009 2.5000000000000004 1.0000000180025095e-35
decision_type=2 1 1 1 2 1 2 2 2 2 2 2 2 2 1 2 2 2 2 2 1 2 1 2 1 2 2 2 2 2
left_child=1 3 4 7 -3 10 -7 18 9 -9 17 16 -13 -4 15 -15 -12 -6 22 20 -20 -21 23 -1 25 -25 27 29 -28 -16
right_child=-2 2 13 -5 5 6 -8 8 -10 -11 11 12 -14 14 26 -17 -18 -19 19 21 -22 -23 -24 24 -26 -27 28 -29 -30 -31
leaf_value=0.0032039666146808964 -3.1433975077792511e-05 -0.0028007504494941288 0.00024960357126442779 -0.00054602937706908869 0.033860593151463114 -0.001399233401585242 -0.032524840521432882 -0.026112563867826722 -0.050249828051390326 0.02561495349957393 -0.017296104610629255 -0.041274602044409574 0.0067309261255321055 -0.001376359060012885 0.044197662186343224 -0.050653242096304896 0.014681705125960813 -0.011984076482002382 0.011938859031777778 0.008444775580661373 -0.0022757347236359005 0.032213990733419594 0.0011183877609478731 -0.017018770767792471 0.023870636180034394 0.02314349049702287 0.0044736891564342287 -0.018711614839932219 0.073510852115957634 0.014947485627200684
leaf_weight=4871 299088 4005 12362 16520 23 798 53 37 29 26 354 130 21 81 32 20 29 27 342 200 547 114 8637 76 201 24 31 56 23 179
leaf_count=4871 299088 4005 12362 16520 23 798 53 37 29 26 354 130 21 81 32 20 29 27 342 200 547 114 8637 76 201 24 31 56 23 179
internal_value=-1.04734e-08 0.000188531 -0.000970222 0.000856322 -0.00449974 -0.00927288 -0.00329896 0.00238949 -0.0191024 -0.0047647 -0.0176198 -0.0204521 -0.0345983 0.000534044 0.00887905 -0.0101311 -0.0148748 0.00910447 0.00252279 0.0068963 0.00330134 0.0170744 0.00214179 0.00384123 0.0142815 -0.00670893 0.0147175 0.0113935 0.0338784 0.0193835
internal_weight=348936 49848 18224 31624 5440 1435 851 15104 92 63 584 534 151 12784 422 101 383 50 15012 1203 889 314 13809 5172 301 100 321 267 54 211
internal_count=348936 49848 18224 31624 5440 1435 851 15104 92 63 584 534 151 12784 422 101 383 50 15012 1203 889 314 13809 5172 301 100 321 267 54 211
cat_boundaries=0 1 3 6 8 11 14 16 18
cat_threshold=5 689219600 3272286726 1832179773 3775644578 2 152043520 1107435524 38273024 546574336 1 1611663392 2164326786 2 135581712 1073889920 32768 147968
is_linear=0
shrinkage=0.05


Tree=230
num_leaves=31
num_cat=4
split_feature=6 3 5 9 9 7 8 5 9 9 0 9 9 6 5 5 7 6 3 6 8 5 5 5 9 0 3 7 0 1
split_gain=0.819143 2.94825 4.1392 5.08646 3.38923 3.28873 7.4399 3.2209 1.0591 0.865882 5.66136 6.87294 10.6573 19.2132 9.23068 13.8456 7.93914 8.93554 10.8075 7.38426 7.34864 9.98687 10.1678 6.89116 6.35873 10.2014 7.85987 12.6934 12.8897 10.1721
threshold=7.5000000000000009 6.5000000000000009 11.500000000000002 2.6900000000000004 2.9300000000000002 1.5000000000000002 1.5000000000000002 3.5000000000000004 4.785000000000001 1.3650000000000002 0 3.3650000000000007 3.4650000000000003 1.5000000000000002 10.500000000000002 11.500000000000002 1.0000000180025095e-35 2.5000000000000004 5.5000000000000009 1.5000000000000002 6.5000000000000009 5.5000000000000009 2.5000000000000004 4.5000000000000009 1.5350000000000004 1 4.5000000000000009 2.5000000000000004 2 3
decision_type=2 2 2 2 2 2 2 2 2 2 1 2 2 2 2 2 2 2 2 2 2 2 2 2 2 1 2 2 1 1
left_child=8 2 3 -2 -3 7 -7 -5 9 -1 11 20 13 -13 16 -16 -14 19 -19 -18 24 22 -22 -15 25 -11 29 28 -28 -27
right_child=1 4 -4 5 -6 6 -8 -9 -10 10 -12 12 14 23 15 -17 17 18 -20 -21 21 -23 -24 -25 -26 26 27 -29 -30 -31
leaf_value=-3.7639548640181405e-05 -0.0059151380599200068 -0.0018189778615688456 -0.016037790003631796 0.034007357695901935 -0.027220158581621946 0.02351233840150678 -0.014020008086076669 0.0077756752669811248 0.010505299642682077 0.0010174265344849822 0.00049650953578999778 -0.059931597988242692 -0.02839174704291882 0.0051121827700863721 0.025953610070416185 -0.0095389910768717539 -0.0078225909524397667 -0.024427513366467077 0.016829491652209649 0.031709753775417258 0.0011185245567877941 -0.0028882597386837008 0.036558939147857017 -0.019945176460725422 0.00010339388340757221 -0.0095207909574376529 -0.0037328952206166291 -0.011931791589198626 0.0048268382605182979 -0.002713590081744864
leaf_weight=279677 91 29 35 22 24 23 31 25 24 2293 44450 23 39 46 61 50 21 57 22 27 34 75 50 68 17105 807 834 223 909 1761
leaf_count=279677 91 29 35 22 24 23 31 25 24 2293 44450 23 39 46 61 50 21 57 22 27 34 75 50 68 17105 807 834 223 909 1761
internal_value=3.89232e-08 -0.00270328 -0.000224154 0.00265854 -0.0133214 0.0103833 0.00196599 0.0200543 2.20991e-06 1.48687e-06 0.000160181 -0.000449909 -0.00683774 -0.0182448 -0.00119599 0.00996595 -0.00865969 -0.00260024 -0.0129382 0.0144144 -0.000340322 0.0103733 0.022214 -0.00983431 -0.000411502 -0.00170157 -0.00307213 -0.000699638 0.000737407 -0.00490041
internal_weight=348936 280 227 192 53 101 54 47 348656 348632 68955 24505 414 137 277 111 166 127 79 48 24091 159 84 114 23932 6827 4534 1966 1743 2568
internal_count=348936 280 227 192 53 101 54 47 348656 348632 68955 24505 414 137 277 111 166 127 79 48 24091 159 84 114 23932 6827 4534 1966 1743 2568
cat_boundaries=0 3 5 8 9
cat_threshold=3592969238 319897889 1 268962832 289 3256877056 285278208 1 1
is_linear=0
shrinkage=0.05


Tree=231
num_leaves=31
num_cat=5
split_feature=6 5 0 7 7 0 5 0 3 0 9 9 6 9 3 9 9 9 8 7 8 9 9 5 3 9 8 5 0 9
split_gain=0.817208 4.24133 25.1084 19.1786 17.0501 10.9661 9.6066 9.43721 9.04331 7.97462 7.9706 7.7625 7.5757 11.4462 16.3693 5.20139 11.5433 5.03296 7.24655 6.17661 4.90043 11.7598 10.4241 4.97345 4.47457 4.42601 7.99262 13.2367 10.5704 10.4686
threshold=4.5000000000000009 10.500000000000002 0 1.5000000000000002 2.5000000000000004 1 11.500000000000002 2 1.5000000000000002 3 2.5350000000000006 3.3650000000000007 5.5000000000000009 3.0700000000000007 3.5000000000000004 2.0700000000000007 2.6900000000000004 2.4650000000000003 1.5000000000000002 1.5000000000000002 3.5000000000000004 2.9300000000000002 2.0700000000000007 11.500000000000002 4.5000000000000009 1.5350000000000004 1.0000000180025095e-35 6.5000000000000009 4 2.2700000000000005
decision_type=2 2 1 2 2 1 2 1 2 1 2 2 2 2 2 2 2 2 2 2 2 2 2 2 2 2 2 2 1 2
left_child=-1 5 3 7 10 12 -6 15 -9 11 -5 -4 13 25 -15 -3 -17 -11 -19 -20 21 22 23 -10 -8 -2 27 -27 -28 -30
right_child=1 2 9 4 6 -7 24 8 20 17 -12 -13 -14 14 -16 16 -18 18 19 -21 -22 -23 -24 -25 -26 26 28 -29 29 -31
leaf_value=1.0507374545910223e-05 0.0010262123380800911 0.00074135572864459114 -0.0014516161668370097 0.019452604505100422 0.017716588519635749 -0.0014553709861638584 0.00068750125356018552 -0.036109175174324597 -0.010659841838891486 -0.011069923319103839 0.048267026666906625 -0.027337369685847081 -0.00096422006925694697 0.0025188561092363672 0.054384087356899327 0.049672654554957438 -0.002153465553948825 -0.035321498029525319 0.0071289288381544448 -0.027335697127721062 -0.028612781155388803 0.029995117623669406 -0.031133500341739919 0.010508416457609698 -0.027184264361858369 0.0073976483920382132 -0.0089166047757674692 0.035957646501603824 0.00041918345024717635 0.022970930997575269
leaf_weight=342506 422 65 305 56 61 3620 36 27 56 226 42 32 588 32 29 21 22 63 26 26 20 24 36 55 24 135 112 58 122 89
leaf_count=342506 422 65 305 56 61 3620 36 27 56 226 42 32 588 32 29 21 22 63 26 26 20 24 36 55 24 135 112 58 122 89
internal_value=2.31831e-08 -0.000558437 -0.00320813 0.00476833 0.0162995 6.39138e-05 0.00374413 -0.00283183 -0.0086277 -0.00954938 0.0318016 -0.00379694 0.00351647 0.00618895 0.0271761 0.00884693 0.023157 -0.0149642 -0.0239185 -0.0101034 -0.00519459 -0.00245562 -0.0077537 -0.000171065 -0.0104612 0.00482411 0.00793014 0.0159804 0.0031199 0.00948214
internal_weight=348936 6430 1223 545 219 5207 121 326 218 678 98 337 1587 999 61 108 43 341 115 52 191 171 147 111 60 938 516 193 323 211
internal_count=348936 6430 1223 545 219 5207 121 326 218 678 98 337 1587 999 61 108 43 341 115 52 191 171 147 111 60 938 516 193 323 211
cat_boundaries=0 3 5 7 9 11
cat_threshold=1201035264 1429378528 7 409043307 558432833 399360 2134048 2818680400 2189451290 402718986 4194304
is_linear=0
shrinkage=0.05


Tree=232
num_leaves=31
num_cat=7
split_feature=6 1 10 5 0 9 0 9 8 3 5 5 8 9 9 3 0 9 9 3 0 9 9 3 0 0 5 8 7 9
split_gain=0.789036 3.33676 10.0011 39.8338 45.0677 32.3738 25.6307 15.7456 21.9211 15.5224 15.5039 14.8667 12.8044 11.9064 11.9051 33.7103 11.8117 13.8936 10.3134 10.1192 22.4642 22.2253 15.5979 16.096 14.5666 13.8879 10.5906 11.8577 9.98977 9.79669
threshold=1.0000000180025095e-35 0 1.0000000180025095e-35 9.5000000000000018 1 1.4150000000000003 2 0.69000000000000006 2.5000000000000004 1.5000000000000002 5.5000000000000009 1.5000000000000002 3.5000000000000004 0.69000000000000006 1.2700000000000002 3.5000000000000004 3 2.2700000000000005 1.6900000000000002 3.5000000000000004 4 1.0700000000000001 1.5850000000000002 1.5000000000000002 5 6 10.500000000000002 1.0000000180025095e-35 1.0000000180025095e-35 1.9300000000000004
decision_type=2 1 2 2 1 2 1 2 2 2 2 2 2 2 2 2 1 2 2 2 1 2 2 2 1 1 2 2 2 2
left_child=1 2 16 5 7 6 13 -5 14 -7 -11 -8 -6 -4 -9 -16 29 19 -12 20 22 -22 -18 -24 28 -21 27 -25 -23 -1
right_child=-2 -3 3 4 12 9 11 8 -10 10 18 -13 -14 -15 15 -17 17 -19 -20 25 21 24 23 26 -26 -27 -28 -29 -30 -31
leaf_value=0.00072721556859912495 -7.1824723785007103e-05 0.00023518955681527278 -0.0032356286253046027 0.0061737240112017637 -0.0051100442829252017 0.0042392300140100389 -0.010525407721154179 0.013243992924068224 0.063757231002373085 -0.015786823386603848 -0.02949205886730006 0.0024287341238667915 0.031425954043865209 -0.012657691232489797 0.083802646987140184 0.011940784229243056 0.0021728599194729185 -0.021920467711162645 -0.06405905897038118 0.00034205213545456138 -1.7784382826504415e-05 0.0064929086489428304 -0.0030439605544982616 0.017703412452881987 -0.011201721262605218 -0.0026468024160016079 -0.0030909957208981116 0.051346738222986459 -0.0069637945990224555 0.01090624311307609
leaf_weight=21546 182428 111838 582 212 588 57 260 204 31 188 71 1495 25 791 25 47 5692 77 31 6433 4649 256 69 55 858 9816 24 50 299 239
leaf_count=21546 182428 111838 582 212 588 57 260 204 31 188 71 1495 25 791 25 47 5692 77 31 6433 4649 256 69 55 858 9816 24 50 299 239
internal_value=7.16362e-09 7.8707e-05 -0.000241407 -0.00247075 0.00567518 -0.00512434 -0.00351695 0.0163391 0.023891 -0.019614 -0.0243024 0.000506715 -0.00356189 -0.00860113 0.0194133 0.0368928 -3.63017e-05 -0.000710285 -0.0399977 -0.000652625 0.00045172 -0.00168408 0.00264826 0.0164485 -0.0071784 -0.00146493 0.0268747 0.033724 -0.000743345 0.000838503
internal_weight=348936 166508 54670 4607 1132 3475 3128 519 307 347 290 1755 613 1373 276 72 50063 28278 102 28201 11952 6062 5890 198 1413 16249 129 105 555 21785
internal_count=348936 166508 54670 4607 1132 3475 3128 519 307 347 290 1755 613 1373 276 72 50063 28278 102 28201 11952 6062 5890 198 1413 16249 129 105 555 21785
cat_boundaries=0 1 4 6 9 12 14 16
cat_threshold=4 2567348315 435406475 3 2211144174 1239422633 48263988 596456250 6 2634581185 1343244420 1 538249216 201457664 1612056704 2355102785
is_linear=0
shrinkage=0.05


Tree=233
num_leaves=31
num_cat=4
split_feature=9 0 8 0 8 9 9 0 7 7 7 6 7 9 9 7 8 5 5 5 7 3 6 9 7 5 5 3 5 0
split_gain=0.84587 2.82848 6.02098 12.4425 7.49363 7.02008 7.36963 14.3552 18.2183 62.6093 14.6971 16.5023 14.282 11.0882 11.936 9.00682 11.214 9.01552 7.90625 7.27051 16.9353 13.0012 13.3755 8.61588 10.3063 7.9862 7.83724 7.05745 6.47214 19.1911
threshold=1.0700000000000001 0 1.5000000000000002 1 8.5000000000000018 3.7900000000000005 2.2700000000000005 2 3.5000000000000004 4.5000000000000009 1.0000000180025095e-35 2.5000000000000004 5.5000000000000009 2.4150000000000005 3.5350000000000006 2.5000000000000004 2.5000000000000004 5.5000000000000009 4.5000000000000009 5.5000000000000009 1.5000000000000002 6.5000000000000009 1.5000000000000002 2.5350000000000006 2.5000000000000004 9.5000000000000018 3.5000000000000004 5.5000000000000009 11.500000000000002 3
decision_type=2 1 2 1 2 2 2 1 2 2 2 2 2 2 2 2 2 2 2 2 2 2 2 2 2 2 2 2 2 1
left_child=-1 2 -2 -4 5 6 28 8 15 -10 11 -9 18 -12 19 -8 -17 -18 -11 20 27 22 26 -21 25 -25 -22 -15 -5 -30
right_child=1 -3 3 4 -6 -7 7 10 9 12 13 -13 -14 14 -16 16 17 -19 -20 23 21 -23 -24 24 -26 -27 -28 -29 29 -31
leaf_value=-5.9580301580088182e-05 0.00080686555016738098 -6.7365872141503144e-05 -0.0025738991866721722 0.00070585951936517389 -0.027246314163009329 -0.018335923789224277 0.0084596666514478395 0.030258286357598585 0.065989617076947504 -0.043938977022965751 0.012123175670044969 -0.0042200675595607329 0.02138862252673682 0.0052648077010918337 0.024418827669729512 0.019703970784726351 -0.038712547313083302 0.0010938037110026927 -0.0015055567350076595 -0.043208637274801731 -0.047892943368508273 -0.047863082603915884 0.0026493099610800448 -0.00099172401039496704 0.0015666734144994705 -0.036375576383971535 -0.0073445072482255375 0.038838434899630757 0.0065724281869971981 -0.010578293884167828
leaf_weight=220079 30981 84722 4571 6548 24 48 396 72 57 21 83 67 34 49 27 23 33 25 23 28 26 23 103 23 66 52 22 23 250 437
leaf_count=220079 30981 84722 4571 6548 24 48 396 72 57 21 83 67 34 49 27 23 33 25 23 28 26 23 103 23 66 52 22 23 250 437
internal_value=-1.22152e-08 0.000101726 0.000426235 -0.000469921 0.00065282 0.000731814 0.000839352 0.00434281 0.00978187 0.0261576 -0.000805497 0.0136392 -0.00295043 -0.00464525 -0.00779407 0.00535231 -0.00983923 -0.0215546 -0.0217579 -0.00988985 -0.0044045 -0.0128435 -0.00750938 -0.0178744 -0.0128435 -0.0255245 -0.0293082 0.0159897 0.000221465 -0.00439544
internal_weight=348936 128857 44135 13154 8583 8559 8511 1276 612 135 664 139 78 525 442 477 81 58 44 415 246 174 151 169 141 75 48 72 7235 687
internal_count=348936 128857 44135 13154 8583 8559 8511 1276 612 135 664 139 78 525 442 477 81 58 44 415 246 174 151 169 141 75 48 72 7235 687
cat_boundaries=0 3 5 8 11
cat_threshold=2588083235 378097712 5 1056 101253168 406978561 8404992 1 37748738 16384 5
is_linear=0
shrinkage=0.05


Tree=234
num_leaves=31
num_cat=10
split_feature=3 1 5 0 3 9 0 10 0 5 0 8 9 3 7 0 6 9 9 8 5 5 5 0 5 0 0 9 0 9
split_gain=0.828356 8.18671 21.7623 27.6275 23.3214 25.2435 34.4828 30.8965 22.192 19.9283 16.1163 15.0697 26.6624 33.3146 14.9442 13.7333 12.4686 18.9832 11.6511 16.2717 30.0152 11.2696 15.3138 23.0044 13.1995 17.6353 17.1742 36.0827 16.4227 22.5617
threshold=3.5000000000000004 0 10.500000000000002 1 1.5000000000000002 2.3650000000000007 2 1.0000000180025095e-35 3 11.500000000000002 4 1.0000000180025095e-35 3.0700000000000007 2.5000000000000004 7.5000000000000009 5 2.5000000000000004 2.6900000000000004 2.4150000000000005 1.0000000180025095e-35 11.500000000000002 9.5000000000000018 8.5000000000000018 6 4.5000000000000009 7 8 1.9300000000000004 9 3.2250000000000005
decision_type=2 1 2 1 2 2 1 2 1 2 1 2 2 2 2 1 2 2 2 2 2 2 2 1 2 1 1 2 1 2
left_child=1 2 8 -4 15 10 11 9 -1 -8 -6 -7 13 -13 21 -5 17 -11 -17 -20 -21 22 24 -24 26 -26 27 -10 29 -29
right_child=-2 -3 3 4 5 6 7 -9 14 16 -12 12 -14 -15 -16 18 -18 -19 19 20 -22 -23 23 -25 25 -27 -28 28 -30 -31
leaf_value=-0.0011874223855927605 6.6695829156887407e-05 -0.00036979500026892325 -0.00120310017348574 0.00524259238274161 0.0092632503720684999 -0.035112240351736546 0.036891562490265317 0.083028125964726016 0.0027116032742091419 0.018399404889593522 0.0024145424855236798 -0.018701394037766893 -0.038284836579924042 0.064186726227678639 -0.029522414840757849 -0.001717153404168794 0.02139749990625156 -0.046695389901842216 0.0070923603015193631 -0.074607991647941102 -0.0076408228858120056 -0.0026406651495761244 0.0126950197775042 0.0011112848353192252 0.001977962109126338 -0.0023481139743472533 0.00035315679789646144 0.020963304892818377 0.0085898224894198592 0.067388391668597863
leaf_weight=21920 199392 94872 3013 774 1607 32 134 24 4285 24 1884 22 23 27 40 1008 74 21 39 27 44 1890 714 1071 4331 5142 5860 205 407 30
leaf_count=21920 199392 94872 3013 774 1607 32 134 24 4285 24 1884 22 23 27 40 1008 74 21 39 27 44 1890 714 1071 4331 5142 5860 205 407 30
internal_value=-2.11288e-08 -8.89771e-05 0.000398319 0.00267952 0.004703 0.00693436 0.0191549 0.0278068 -3.78527e-05 0.0236675 0.00560064 -0.00598712 0.00612583 0.0269717 0.00101326 0.000161359 0.00877645 -0.0119782 -0.00337314 -0.0188546 -0.0331072 0.00106471 0.00138239 0.00582213 0.000991223 -0.000370648 0.0021872 0.00435898 0.0154223 0.0257924
internal_weight=348936 149544 54672 8777 5764 3872 381 277 45895 253 3491 104 72 49 23975 1892 119 45 1118 110 71 23935 22045 1785 20260 9473 10787 4927 642 235
internal_count=348936 149544 54672 8777 5764 3872 381 277 45895 253 3491 104 72 49 23975 1892 119 45 1118 110 71 23935 22045 1785 20260 9473 10787 4927 642 235
cat_boundaries=0 1 4 6 9 12 14 16 19 21 23
cat_threshold=12 3232727082 639926920 6 68159492 8394818 1532254141 738787709 4 151010501 1346399266 1 776998528 1342333012 2158067712 3257148034 604014594 1117165568 3 2156470336 2471506946 8192 54526978
is_linear=0
shrinkage=0.05


Tree=235
num_leaves=31
num_cat=9
split_feature=3 10 0 9 6 7 5 5 0 5 0 5 9 0 9 0 8 0 0 9 9 0 5 9 0 6 6 9 7 9
split_gain=0.851107 14.5718 25.8405 27.6262 16.8294 14.5033 18.0768 21.2232 13.867 13.7444 13.6929 12.026 17.7039 17.5882 17.2531 18.0341 11.4118 22.4806 19.7988 11.287 12.2653 89.335 32.8121 22.5242 17.3959 16.0319 15.5796 12.0842 11.1808 10.7753
threshold=1.5000000000000002 1.0000000180025095e-35 0 2.5350000000000006 2.5000000000000004 2.5000000000000004 7.5000000000000009 8.5000000000000018 1 9.5000000000000018 2 7.5000000000000009 1.6900000000000002 3 1.9300000000000004 4 1.0000000180025095e-35 5 6 3.7900000000000005 2.2700000000000005 7 1.5000000000000002 2.9300000000000002 8 1.5000000000000002 1.0000000180025095e-35 2.3100000000000005 1.5000000000000002 2.6900000000000004
decision_type=2 2 1 2 2 2 2 2 1 2 1 2 2 1 2 1 2 1 1 2 2 1 2 2 1 2 2 2 2 2
left_child=1 8 3 5 -5 6 -3 -8 9 16 -9 14 13 -13 15 -4 17 -1 29 20 -10 22 -22 24 -23 26 -26 -27 -29 -18
right_child=-2 2 11 4 -6 -7 7 10 19 -11 -12 12 -14 -15 -16 -17 18 -19 -20 -21 21 23 -24 -25 25 27 -28 28 -30 -31
leaf_value=-0.0021201207984762704 -3.1847368868963025e-05 0.0043921923411458187 0.0048686830945291982 0.074795061739465984 0.017250895582967336 -0.005736005270551077 0.041405872592370802 -0.0034188750865203998 0.00093732738298024979 -0.003315728171395449 0.01739678598987246 -0.0094513210511979334 0.023357763653193867 0.0066262763012616497 -0.023555534607990883 -0.006259725380952744 -0.0046327544746250816 0.0032120690126323376 2.9149054144251225e-05 0.035779501485597824 0.01916964185718251 -0.01204582609567105 -0.030119473458092551 0.030886546369919627 0.0037805618097384776 0.031971447169780731 0.056084524122998115 0.012299262916950165 -0.022024172683227428 -0.025719706973646801
leaf_weight=3324 299088 837 633 24 27 197 73 109 23186 4864 293 233 109 560 94 831 2648 4850 6140 23 38 104 303 104 24 28 35 46 49 62
leaf_count=3324 299088 837 633 24 27 197 73 109 23186 4864 293 233 109 560 94 831 2648 4850 6140 23 38 104 303 104 24 28 35 46 49 62
internal_value=3.22889e-08 0.00019131 0.0030777 0.00808544 0.0443305 0.00691404 0.00881347 0.0166042 -6.18818e-05 -0.000971249 0.0121004 -0.000130277 0.00446375 0.00186672 -0.00279081 -0.00145756 -0.000301969 0.00104504 -0.00154609 0.000769624 0.000736278 -0.00564063 -0.0239252 0.0106861 0.00371416 0.0126848 0.0348083 0.00310392 -0.0054044 -0.00509638
internal_weight=348936 49848 4020 1560 51 1509 1312 475 45828 21888 402 2460 902 793 1558 1464 17024 8174 8850 23940 23917 731 341 390 286 182 59 123 95 2710
internal_count=348936 49848 4020 1560 51 1509 1312 475 45828 21888 402 2460 902 793 1558 1464 17024 8174 8850 23940 23917 731 341 390 286 182 59 123 95 2710
cat_boundaries=0 3 6 8 10 12 15 17 19 22
cat_threshold=3299541290 2895155406 2 2958765698 3617338446 1 67109154 32960 171970688 1080231424 810867329 1109459472 140416 2156930118 1 2684422144 1124339720 186695952 543310384 8392705 65665 4
is_linear=0
shrinkage=0.05


Tree=236
num_leaves=31
num_cat=6
split_feature=6 8 7 6 3 0 7 0 9 0 9 9 5 3 3 0 8 9 8 6 9 3 5 0 9 5 9 0 6 5
split_gain=0.805562 4.09709 5.83951 8.44538 6.2335 5.66953 5.96383 19.6188 19.8161 12.4721 13.4178 9.15636 9.06433 8.36912 6.58416 7.77415 7.83088 19.362 9.26729 6.45978 6.94982 6.76336 6.29748 5.518 5.48936 17.9223 5.1065 5.04122 4.99776 4.8881
threshold=4.5000000000000009 5.5000000000000009 1.5000000000000002 5.5000000000000009 3.5000000000000004 0 1.0000000180025095e-35 1 2.4650000000000003 2 2.8450000000000002 2.6900000000000004 6.5000000000000009 5.5000000000000009 2.5000000000000004 3 1.5000000000000002 1.5350000000000004 1.0000000180025095e-35 5.5000000000000009 3.3650000000000007 3.5000000000000004 8.5000000000000018 4 2.4150000000000005 4.5000000000000009 2.6900000000000004 5 5.5000000000000009 6.5000000000000009
decision_type=2 2 2 2 2 1 2 1 2 1 2 2 2 2 2 1 2 2 2 2 2 2 2 1 2 2 2 1 2 2
left_child=-1 5 4 -4 -3 -2 7 14 27 10 11 23 13 19 29 22 18 -18 28 21 -21 -12 -16 -8 -25 -26 -19 -9 -17 -7
right_child=1 2 3 -5 -6 6 9 8 -10 -11 12 -13 -14 -15 15 16 17 26 -20 20 -22 -23 -24 24 25 -27 -28 -29 -30 -31
leaf_value=1.043822735889345e-05 -0.0019635273374028514 -0.042203669487075379 -0.014859300535446145 0.023879714597327018 -0.0080467071466367029 0.0056332572578237615 -0.00074629542061836101 0.000472627529023872 -0.030161944199583415 -0.0008118776145063086 0.029611226347171601 -0.02212485469717649 0.0024216624835891459 0.0023052775654299504 -0.010465221049693916 0.022511187074819534 -0.0031197853013873104 0.031131464763629164 -0.0079307456285907674 0.0063792414568138852 0.041740810933212441 0.067445047372686015 0.016175050123204148 0.0067692333572464186 -0.0010273160862511602 0.059624442422673819 0.060634448717940936 -0.0080331124076973102 0.0009535790234804155 -0.010894147029665131
leaf_weight=342506 2985 22 34 24 34 91 249 336 81 1090 27 32 58 29 78 82 40 44 65 33 24 21 31 361 29 21 22 359 40 88
leaf_count=342506 2985 22 34 24 34 91 249 336 81 1090 27 32 58 29 78 82 40 44 65 33 24 21 31 361 29 21 22 359 40 88
internal_value=2.90091e-08 -0.000554438 -0.00994888 0.00117064 -0.0214655 -0.000384874 0.0010326 -0.001516 -0.00667151 0.00278983 0.00715904 0.00399527 0.0189347 0.0260821 0.00539187 0.00903645 0.0130281 0.0243297 0.00731851 0.032649 0.0212683 0.0461635 -0.00264589 0.0052617 0.00870787 0.0244464 0.0409658 -0.00402977 0.0154431 -0.00249195
internal_weight=348936 6430 114 58 56 6316 3331 1357 776 1974 884 692 192 134 581 402 293 106 187 105 57 48 109 660 411 50 66 695 122 179
internal_count=348936 6430 114 58 56 6316 3331 1357 776 1974 884 692 192 134 581 402 293 106 187 105 57 48 109 660 411 50 66 695 122 179
cat_boundaries=0 3 6 8 10 12 14
cat_threshold=2956682880 1252948254 6 17072393 877658721 1 1178605668 2164360384 17072128 64 4196356 16810048 146804786 16842880
is_linear=0
shrinkage=0.05


Tree=237
num_leaves=31
num_cat=9
split_feature=6 3 0 7 8 3 1 0 0 9 0 5 3 5 7 6 5 8 9 6 0 5 8 0 8 0 0 9 7 5
split_gain=0.835087 0.800801 7.81369 12.8294 13.9948 9.7655 8.18854 18.7261 13.3669 9.8849 13.7145 18.0706 23.9315 18.3967 17.939 17.0806 17.9368 15.1457 13.0254 11.1953 13.0356 13.7035 10.601 29.0289 17.6597 31.2778 26.3638 20.8037 19.1873 24.7206
threshold=9.5000000000000018 3.5000000000000004 0 4.5000000000000009 6.5000000000000009 1.5000000000000002 1 2 3 1.9300000000000004 4 5.5000000000000009 1.5000000000000002 1.5000000000000002 4.5000000000000009 1.5000000000000002 2.5000000000000004 2.5000000000000004 2.4150000000000005 2.5000000000000004 5 11.500000000000002 3.5000000000000004 6 2.5000000000000004 7 8 3.4650000000000003 2.5000000000000004 6.5000000000000009
decision_type=2 2 1 2 2 2 1 1 1 2 1 2 2 2 2 2 2 2 2 2 1 2 2 1 2 1 1 2 2 2
left_child=1 2 3 4 5 -1 7 -4 -8 -10 11 12 15 -14 -15 16 -11 18 -17 20 21 -13 24 -24 26 28 27 -12 29 -26
right_child=-2 -3 6 -5 -6 -7 8 -9 9 10 22 19 13 14 -16 17 -18 -19 -20 -21 -22 -23 23 -25 25 -27 -28 -29 -30 -31
leaf_value=0.00067989050607003988 -0.0075112354513761168 6.6410343187366948e-05 0.0010635970757815127 -0.010904426701225541 0.03219586760969833 -0.0016813879884337232 0.0010331772608362291 -0.0012437296497848781 -0.00040254422901325168 0.054029508388560757 -0.0044200388991526536 0.016744129593794545 -0.0054626096857293529 0.033403229878370432 -0.0037872115860840211 -0.053552508212882904 -0.004659437493731578 0.013249856181937504 -0.0076215624978596521 0.0092619390871153551 -0.019342909721053094 -0.02372961219657084 -0.019097841262355843 0.0060872233343086668 0.031815790285801761 0.0019522045180899153 0.0057337126169298425 -0.042182496724356165 0.0075216905834774184 0.096257002059031621
leaf_weight=6558 37 199369 12744 322 32 13176 38095 28320 46703 23 907 75 49 221 38 29 30 32 33 176 104 29 216 227 46 257 992 38 36 22
leaf_count=6558 37 199369 12744 322 32 13176 38095 28320 46703 23 907 75 49 221 38 29 30 32 33 176 104 29 216 227 46 257 992 38 36 22
internal_value=1.16793e-08 8.08231e-07 -8.66594e-05 -0.00100389 -0.000843113 -0.000896688 5.57584e-05 -0.000527578 0.000326829 -0.000208408 0.00232363 0.00787462 0.0147096 0.0226316 0.0279467 -0.00188873 0.0208094 -0.0146866 -0.0291054 -1.91132e-05 -0.00787231 0.00497939 0.000593613 -0.00648632 0.00196104 0.0121141 6.88022e-05 -0.00587635 0.0337891 0.0526644
internal_weight=348936 348899 149530 20088 19766 19734 129442 41064 88378 50283 3580 839 455 308 259 147 53 94 62 384 208 104 2741 443 2298 361 1937 945 104 68
internal_count=348936 348899 149530 20088 19766 19734 129442 41064 88378 50283 3580 839 455 308 259 147 53 94 62 384 208 104 2741 443 2298 361 1937 945 104 68
cat_boundaries=0 3 4 7 9 12 15 17 19 22
cat_threshold=536 671416352 4 2 1388396832 335675723 1 2905386112 1087566468 65600 50333714 1 65600 2048 1 1078984995 2418016513 42074113 270533632 310509569 338166792 2
is_linear=0
shrinkage=0.05


Tree=238
num_leaves=31
num_cat=8
split_feature=6 7 9 9 9 3 5 3 9 9 5 9 6 0 3 0 0 6 9 0 5 8 7 1 3 0 8 0 0 5
split_gain=0.812629 2.6684 6.7929 3.38343 2.64877 3.40641 1.36857 1.11925 1.00282 0.946397 0.939481 0.782166 3.66063 3.22279 2.3963 2.69932 2.14208 1.46766 1.57282 1.838 1.68666 1.92965 1.77489 1.41939 2.01609 3.24962 1.4301 1.52658 1.4218 1.41394
threshold=7.5000000000000009 3.5000000000000004 3.6900000000000004 3.0700000000000007 2.4150000000000005 3.5000000000000004 6.5000000000000009 2.5000000000000004 4.785000000000001 1.9300000000000004 5.5000000000000009 0.31000000000000005 1.5000000000000002 0 4.5000000000000009 1 2 1.0000000180025095e-35 0.15500000000000005 3 9.5000000000000018 1.5000000000000002 3.5000000000000004 4 4.5000000000000009 5 5.5000000000000009 6 7 1.5000000000000002
decision_type=2 2 2 2 2 2 2 2 2 2 2 2 2 1 2 1 1 2 2 1 2 2 2 1 2 1 2 1 1 2
left_child=8 2 3 4 7 -6 -5 -2 11 -9 -3 12 13 23 16 -16 17 18 -15 -20 22 -22 29 24 28 -26 27 -25 -1 -21
right_child=1 10 -4 6 5 -7 -8 9 -10 -11 -12 -13 -14 14 15 -17 -18 -19 19 20 21 -23 -24 26 25 -27 -28 -29 -30 -31
leaf_value=-0.0031012782182688026 0.003295079938002995 -0.007260054349899292 0.018459749501198532 -0.0089262646933396649 -0.0058558838698884539 0.01703120292843999 -0.025501877393107865 -0.0049991371934967384 0.010222385730594398 -0.018055515995492107 -0.022077364623546602 2.3759213184295104e-05 -0.0038990642378542539 0.00077893376849912446 -0.0017393369501746026 0.00020176947528476142 0.00027324857747106361 -0.00058473215577470696 0.0013302257670999131 -0.00047923974313978426 -0.0018664996315549305 0.010680630535651478 -0.0060117394264255254 -0.0024137007832629362 -0.0020870197045442184 0.0031380646673804836 0.010082371252657915 -0.00076813797442985246 -0.00012098688500921019 0.0076744832458549269
leaf_weight=612 21 23 39 33 29 37 20 35 24 23 20 320184 671 914 2665 5419 7884 499 631 59 143 39 28 2414 440 881 27 3447 1137 538
leaf_count=612 21 23 39 33 29 37 20 35 24 23 20 320184 671 914 2665 5419 7884 499 631 59 143 39 28 2414 440 881 27 3447 1137 538
internal_value=-2.30329e-08 -0.00269257 -0.000613461 -0.00437031 -0.000418732 0.00697476 -0.0151812 -0.00659557 2.13931e-06 -0.0101767 -0.0141518 1.43574e-06 -0.000249816 -0.000161663 0.000210019 -0.000440045 0.000699745 0.00187163 0.00240073 0.00343156 0.00499621 0.000822171 0.00629163 -0.000941676 -6.84774e-05 0.00140564 -0.00139607 -0.00145133 -0.00118226 0.00686867
internal_weight=348936 280 237 198 145 66 53 79 348656 58 43 348632 28448 27777 18819 8084 10735 2851 2352 1438 807 182 625 8958 3070 1321 5888 5861 1749 597
internal_count=348936 280 237 198 145 66 53 79 348656 58 43 348632 28448 27777 18819 8084 10735 2851 2352 1438 807 182 625 8958 3070 1321 5888 5861 1749 597
cat_boundaries=0 3 5 7 9 10 13 15 17
cat_threshold=4171252232 21791081 2 525575 478229508 525329 1082200710 16 1082130438 4 941637632 8 2 3489661440 4227169 1619001344 17301576
is_linear=0
shrinkage=0.05


Tree=239
num_leaves=31
num_cat=6
split_feature=6 0 9 5 0 9 3 9 3 9 7 0 3 8 9 7 8 5 3 9 0 3 9 8 9 6 9 1 0 3
split_gain=0.80008 17.1146 10.8148 7.13559 21.387 8.27079 16.5345 9.35075 8.13451 11.6955 8.96716 7.30564 7.10765 6.80753 6.63714 6.60557 6.6997 8.66588 6.95544 6.11738 6.189 5.766 5.7525 5.56406 7.78053 5.25732 18.7179 29.294 19.8826 18.8537
threshold=2.5000000000000004 0 4.2700000000000005 1.5000000000000002 1 1.3100000000000003 5.5000000000000009 1.9300000000000004 6.5000000000000009 3.2250000000000005 1.0000000180025095e-35 2 1.5000000000000002 1.5000000000000002 2.8450000000000002 7.5000000000000009 6.5000000000000009 3.5000000000000004 5.5000000000000009 0.69000000000000006 3 1.5000000000000002 2.8450000000000002 1.5000000000000002 1.6900000000000002 3.5000000000000004 1.9300000000000004 4 5 3.5000000000000004
decision_type=2 1 2 2 1 2 2 2 2 2 2 1 2 2 2 2 2 2 2 2 1 2 2 2 2 2 2 1 1 2
left_child=-1 2 25 4 5 -3 7 12 9 11 -10 14 -7 -8 -6 16 19 -18 -19 -5 -21 -9 -13 24 -12 26 -2 29 -29 -28
right_child=1 3 -4 15 8 6 13 21 10 -11 23 22 -14 -15 -16 -17 17 18 -20 20 -22 -23 -24 -25 -26 -27 27 28 -30 -31
leaf_value=2.75985438261396e-05 -0.0014148626066575595 -0.0035866010758295996 -0.034478380098938943 -0.0034608388136733665 0.0044133081240434876 0.0081033100770717421 -0.021514415996005901 -0.019740264474049862 -0.018473510999882699 0.026314503497120986 -0.0033802464032884347 -0.00083365971471778967 -0.019821975298532069 -0.048154458050665101 0.029717769246134496 -0.01950819887686521 0.036557147990719512 -0.0058001836899805956 0.024557983496322714 0.0023310459263241206 0.00045097952142670943 0.0081325790029950443 -0.02349200556697003 -0.011850894789192051 0.029641770745317143 -0.00039025611220336814 -0.0091302326171478227 0.0023561914979739742 -0.011722587051105599 -0.043998891846580512
leaf_weight=307932 7203 353 25 825 644 27 65 23 106 49 44 822 146 38 27 40 29 54 29 5825 17590 96 29 48 30 5685 67 487 506 92
leaf_count=307932 7203 353 25 825 644 27 65 23 106 49 44 822 146 38 27 40 29 54 29 5825 17590 96 29 48 30 5685 67 487 506 92
internal_value=-2.94567e-08 -0.00020751 -0.00162055 0.000530651 -0.00198743 -0.00902756 -0.0141185 -0.00804287 0.000984473 0.0022708 -0.00783558 0.00149672 -0.0154637 -0.0313428 0.00535176 0.000793805 0.000827153 0.0130279 0.00480689 0.00077078 0.000919876 0.00274539 -0.00158715 0.00140721 0.0100071 -0.0015632 -0.00236131 -0.00827904 -0.00486324 -0.0275717
internal_weight=348936 41004 14065 26939 2547 748 395 292 1799 1571 228 1522 173 103 671 24392 24352 112 83 24240 23415 119 851 122 74 14040 8355 1152 993 159
internal_count=348936 41004 14065 26939 2547 748 395 292 1799 1571 228 1522 173 103 671 24392 24352 112 83 24240 23415 119 851 122 74 14040 8355 1152 993 159
cat_boundaries=0 3 6 8 10 11 14
cat_threshold=527532037 1074907840 5 536886320 637546497 2 2147615176 2286420010 394368 2701144082 1 339836932 1073743936 5
is_linear=0
shrinkage=0.05


Tree=240
num_leaves=31
num_cat=7
split_feature=6 0 3 0 0 8 6 9 0 5 0 7 3 3 7 9 9 9 9 5 0 0 7 9 8 9 5 9 8 5
split_gain=0.839701 6.52663 7.62691 14.278 11.8302 9.18761 7.53 10.4199 9.47862 13.2797 8.88219 9.3699 6.41697 9.35205 6.38922 19.5423 7.98323 10.8034 8.92637 6.32079 14.9096 10.5781 10.1762 12.7932 9.86028 8.0443 7.95977 12.3579 10.7103 10.8567
threshold=3.5000000000000004 0 3.5000000000000004 1 2 4.5000000000000009 4.5000000000000009 1.6900000000000002 3 2.5000000000000004 4 2.5000000000000004 1.5000000000000002 2.5000000000000004 2.5000000000000004 2.6900000000000004 3.5850000000000004 3.3650000000000007 3.0700000000000007 6.5000000000000009 5 6 4.5000000000000009 1.4150000000000003 3.5000000000000004 1.4150000000000003 1.5000000000000002 1.9300000000000004 2.5000000000000004 3.5000000000000004
decision_type=2 1 2 1 1 2 2 2 1 2 1 2 2 2 2 2 2 2 2 2 1 1 2 2 2 2 2 2 2 2
left_child=-1 -2 3 5 19 -3 7 10 9 -9 -5 -12 -11 -14 16 -16 17 18 -8 20 22 24 23 -4 -21 -23 27 -25 -28 -30
right_child=1 2 4 6 -6 -7 14 8 -10 12 11 -13 13 -15 15 -17 -18 -19 -20 21 -22 25 -24 26 -26 -27 28 -29 29 -31
leaf_value=1.7273479350567092e-05 -0.0014220578962829728 -0.005412008388917703 0.0033207743467999181 0.0081424794521329832 -0.0006167201345463881 0.015953456653425329 -0.0033544100587199334 0.053283235970242274 0.0054604998557477675 0.034760219898695752 -0.0047792283425145922 0.016501405856392364 -0.01842757808067836 0.024402786913112956 -0.0064127125378165926 0.028052333670739945 -0.029214949461240924 0.027719244305734282 -0.033858917802572254 -0.0039935095821821637 0.001772507576517127 -0.0015017059392845021 -0.016475468051309387 0.02516405873078232 -0.040191541202366357 0.0089991461132665797 0.016411201768077401 -0.014982070692065287 0.060403481221968126 0.023749700641452237
leaf_weight=332380 7616 1555 213 256 2517 52 589 29 391 24 559 57 25 26 112 65 31 27 25 317 844 312 30 36 20 439 259 41 31 58
leaf_count=332380 7616 1555 213 256 2517 52 589 29 391 24 559 57 25 26 112 65 31 27 25 317 844 312 30 36 20 439 259 41 31 58
internal_value=-3.74207e-08 -0.000347573 0.000568737 -0.00112022 0.00183169 -0.00469146 0.00148406 0.00378771 0.00958162 0.0223969 0.000498728 -0.00276519 0.0134404 0.00340751 -0.00220764 0.00624394 -0.00443373 -0.00323526 -0.00459645 0.00418821 0.00629558 0.00129809 0.0118071 0.013322 -0.00596476 0.00457568 0.0183344 0.00378755 0.0215531 0.0365167
internal_weight=348936 16556 8940 3823 5117 1607 2216 1367 495 104 872 616 75 51 849 177 672 641 614 2600 1512 1088 668 638 337 751 425 77 348 89
internal_count=348936 16556 8940 3823 5117 1607 2216 1367 495 104 872 616 75 51 849 177 672 641 614 2600 1512 1088 668 638 337 751 425 77 348 89
cat_boundaries=0 3 5 7 9 12 14 16
cat_threshold=1894495802 1163987139 6 2400469248 2415927848 2400469249 939534112 132 33570832 2180 545259524 1 50348289 671096832 33571072 671096832
is_linear=0
shrinkage=0.05


Tree=241
num_leaves=31
num_cat=9
split_feature=9 6 0 7 7 1 0 9 0 6 3 8 3 3 0 8 6 3 6 7 5 7 9 0 3 6 9 0 0 0
split_gain=0.762503 0.867598 3.34744 5.71281 5.31931 10.8223 19.6242 17.5745 25.8082 15.7553 13.3904 12.3862 11.5398 9.79556 7.98893 9.48847 7.89755 19.5014 8.75308 7.62349 16.1908 12.3997 16.1403 8.57154 19.6032 27.9208 8.39109 9.98169 7.96598 7.62968
threshold=1.0000000180025095e-35 1.0000000180025095e-35 0 7.5000000000000009 1.0000000180025095e-35 1 2 2.0700000000000007 3 1.5000000000000002 5.5000000000000009 1.5000000000000002 2.5000000000000004 3.5000000000000004 4 3.5000000000000004 2.5000000000000004 5.5000000000000009 1.5000000000000002 2.5000000000000004 3.5000000000000004 3.5000000000000004 2.4150000000000005 5 3.5000000000000004 3.5000000000000004 0.93000000000000005 6 7 8
decision_type=2 2 1 2 2 1 1 2 1 2 2 2 2 2 1 2 2 2 2 2 2 2 2 1 2 2 2 1 1 1
left_child=-1 -2 3 4 5 6 12 -7 16 10 -8 -10 -3 -14 15 -11 17 18 -9 -6 26 22 29 24 -24 -26 -21 -28 -23 -22
right_child=1 2 -4 -5 19 7 9 8 11 14 -12 -13 13 -15 -16 -17 -18 -19 -20 20 21 28 23 -25 25 -27 27 -29 -30 -31
leaf_value=-0.00089342932344122069 8.9501315670103632e-05 0.023481740318238738 5.5917071788814368e-05 -0.016689818818553318 0.0005813735687521317 -0.00098627891503473759 0.012700750177339994 0.0064855929464101795 0.016618002908371361 -0.014246974544149344 -0.027895971861047048 0.046746921114137641 -0.022033404377353794 0.0050596572967722669 -0.024920488291770092 0.021697819929407992 -0.010989591149816744 -0.025479584897402676 0.039941826320308099 -0.0027817669813947985 -0.015936215338297189 -0.004465021686037754 -0.02788936193316692 -0.027896739537907275 0.047929596875248281 -0.024977112530420224 0.0099685179549932161 0.00061054741447475586 0.002692647853805481 -0.0034266747723736384
leaf_weight=2372 164136 60 136162 54 18623 20798 82 46 132 91 27 46 45 129 208 23 119 32 34 491 122 597 54 107 29 24 531 618 1071 2073
leaf_count=2372 164136 60 136162 54 18623 20798 82 46 132 91 27 46 45 129 208 23 119 32 34 491 122 597 54 107 29 24 531 618 1071 2073
internal_value=-1.6438e-08 6.09838e-06 -6.89418e-05 -0.000436322 -0.000417424 -0.00098332 -0.00721737 -0.000784062 0.00947967 -0.0134735 0.00264468 0.023106 0.00438564 -0.00194717 -0.0193481 -0.00643085 -0.00193672 0.00750904 0.0207045 9.10915e-05 -0.00150599 -0.0031936 -0.00548808 -0.0185955 -0.00611554 0.0149152 0.00268936 0.00502732 0.000120194 -0.00421018
internal_weight=348936 346564 182428 46266 46212 21872 665 21207 409 431 109 178 234 174 322 114 231 112 80 24340 5717 4077 2409 214 107 53 1640 1149 1668 2195
internal_count=348936 346564 182428 46266 46212 21872 665 21207 409 431 109 178 234 174 322 114 231 112 80 24340 5717 4077 2409 214 107 53 1640 1149 1668 2195
cat_boundaries=0 2 3 5 7 9 11 13 15 16
cat_threshold=12619786 2261160193 8 8421386 266240 8425482 430080 0 2214625281 8388608 2252345601 8425474 8654849 8 100962304 2
is_linear=0
shrinkage=0.05


Tree=242
num_leaves=31
num_cat=9
split_feature=3 1 0 0 9 0 7 9 8 8 5 9 9 9 0 9 8 9 10 9 0 5 5 6 0 10 0 9 0 7
split_gain=0.733329 13.2527 33.8503 23.9456 15.5434 24.9563 17.3601 15.3023 14.503 14.6676 14.1958 14.0869 14.8391 10.358 16.8137 14.0817 9.90994 9.43508 8.60106 15.6434 15.5041 13.931 8.47763 10.9931 11.5152 8.64361 8.28815 18.016 17.0531 10.5251
threshold=1.5000000000000002 0 1 2 1.4150000000000003 3 4.5000000000000009 2.2700000000000005 1.5000000000000002 1.0000000180025095e-35 1.5000000000000002 2.2700000000000005 3.3650000000000007 2.8450000000000002 4 3.5350000000000006 3.5000000000000004 1.8450000000000004 1.0000000180025095e-35 1.2700000000000002 5 7.5000000000000009 5.5000000000000009 2.5000000000000004 6 1.0000000180025095e-35 7 1.6900000000000002 8 1.0000000180025095e-35
decision_type=2 1 1 1 2 1 2 2 2 2 2 2 2 2 1 2 2 2 2 2 1 2 2 2 1 2 1 2 1 2
left_child=1 3 4 7 -3 10 22 18 9 -9 17 16 -13 -4 15 -15 -12 -6 26 20 -20 -21 25 24 -24 -7 27 -1 29 -29
right_child=-2 2 13 -5 5 6 -8 8 -10 -11 11 12 -14 14 -16 -17 -18 -19 19 21 -22 -23 23 -25 -26 -27 -28 28 -30 -31
leaf_value=0.0029443011718391053 -2.9698117230423539e-05 -0.0026038384007620978 0.00024749638918260172 -0.00051937391602611114 0.032199409150558973 0.0061036392330293659 -0.030792549252510071 -0.024848559282317356 -0.04735366723596536 0.024155593061676393 -0.016397609980776908 -0.038428085935660279 0.0068701624737254208 -0.00089351022328583549 0.013575011107429098 -0.047742541115731008 0.01400453444682704 -0.011380076194526974 0.01109885200228756 0.0080579893438261947 -0.0023032502366402406 0.0299587010729674 0.0010836072711010829 0.0047906510904257129 -0.020599904896382908 -0.020994758928281954 0.0011173473475890039 -0.016710336775017473 0.025461308886373116 0.014528838125157303
leaf_weight=4466 299088 4005 12362 16520 23 366 53 37 29 26 354 130 21 81 321 20 29 27 347 200 542 114 105 142 153 32 9069 52 166 56
leaf_count=4466 299088 4005 12362 16520 23 366 53 37 29 26 354 130 21 81 321 20 29 27 347 200 542 114 105 142 153 32 9069 52 166 56
internal_value=-1.06344e-07 0.000177444 -0.000896249 0.000796214 -0.00419594 -0.00866863 -0.00304623 0.00223453 -0.0180936 -0.00462462 -0.0165264 -0.0191948 -0.0321283 0.000510056 0.00821352 -0.00925428 -0.0140956 0.00866649 0.0023606 0.00641545 0.00302688 0.0160092 -0.0012416 -0.00638224 -0.0125317 0.00392487 0.00200735 0.00370002 0.0161528 -0.000468835
internal_weight=348936 49848 18224 31624 5440 1435 851 15104 92 63 584 534 151 12784 422 101 383 50 15012 1203 889 314 798 400 258 398 13809 4740 274 108
internal_count=348936 49848 18224 31624 5440 1435 851 15104 92 63 584 534 151 12784 422 101 383 50 15012 1203 889 314 798 400 258 398 13809 4740 274 108
cat_boundaries=0 1 3 6 8 11 14 16 18 20
cat_threshold=5 689219600 3272286726 1832179773 3775644578 2 152043520 1107435524 38273024 546574336 1 1611663392 2164785538 2 536870912 17367552 135548944 1073889920 134217728 147968
is_linear=0
shrinkage=0.05


Tree=243
num_leaves=31
num_cat=7
split_feature=9 0 0 6 5 9 9 9 3 0 5 8 0 7 3 0 8 0 7 9 8 3 0 9 3 6 5 7 5 6
split_gain=0.729446 4.76641 3.02737 5.76484 8.72539 4.65147 4.565 4.45173 5.26305 13.6007 8.99179 7.27224 11.9558 7.63406 6.50858 5.73789 4.17648 5.3813 4.04934 8.53913 7.47594 6.46586 8.96842 7.06443 7.24309 7.02882 18.2525 8.44957 6.72643 7.13845
threshold=0.73000000000000009 0 1 6.5000000000000009 10.500000000000002 3.6900000000000004 2.6900000000000004 0.93000000000000005 1.5000000000000002 2 5.5000000000000009 3.5000000000000004 3 1.0000000180025095e-35 5.5000000000000009 4 1.0000000180025095e-35 5 4.5000000000000009 3.2250000000000005 1.5000000000000002 1.5000000000000002 6 2.8450000000000002 3.5000000000000004 1.0000000180025095e-35 7.5000000000000009 5.5000000000000009 1.5000000000000002 2.5000000000000004
decision_type=2 1 1 2 2 2 2 2 2 1 2 2 1 2 2 1 2 1 2 2 2 2 1 2 2 2 2 2 2 2
left_child=1 -1 3 7 5 6 -5 8 9 10 15 -10 13 -13 -15 -2 -12 -18 -9 21 -21 -20 25 24 -24 26 27 -23 -27 -30
right_child=2 -3 -4 4 -6 -7 -8 18 11 -11 16 12 -14 14 -16 -17 17 -19 19 20 -22 22 23 -25 -26 28 -28 -29 29 -31
leaf_value=-0.00046179557427082022 -0.0051100446909355625 0.00014366253479689936 -5.2353025316192873e-05 0.001281507544546992 -0.026335243302948619 0.019676786925577158 -0.017177705018658122 0.0002552968905542431 0.0011560694874541053 -0.0010950005960865242 0.018198873877147248 -0.0054662446703827175 -0.011125080331760118 0.0085509911650618504 0.042510334743807721 0.0072198253454203295 0.015159524096060514 -0.00039460578419525048 -0.015162935679596243 0.041048243641853333 -0.00034301226648191614 0.026838857764057047 0.0040677120659764364 -0.029468343478134453 -0.010556613297869021 -0.012475183441940893 -0.039359331282321365 -0.0098994439714314309 0.016484095682566868 -0.0012851728405538863
leaf_weight=52907 140 84267 157860 91 49 21 53 41604 9179 714 218 57 282 43 21 252 119 106 115 20 24 29 127 34 254 38 32 34 158 88
leaf_count=52907 140 84267 157860 91 49 21 53 41604 9179 714 218 57 282 43 21 252 119 106 115 20 24 29 127 34 254 38 32 34 158 88
internal_value=-5.95918e-08 -8.98814e-05 5.81247e-05 0.000381614 -0.00780848 -0.0023066 -0.00551251 0.000414331 0.00130459 0.00400869 0.00828668 0.000867446 -0.00570643 0.00724301 0.0196939 0.00287012 0.0132667 0.00848802 0.00018148 -0.00304106 0.0184712 -0.00408235 -0.00247748 -0.00745107 -0.00568184 0.00308376 -0.00860792 0.00701184 0.00710329 0.0101276
internal_weight=348936 137174 211762 53902 214 165 144 53688 11131 1549 835 9582 403 121 64 392 443 225 42557 953 44 909 794 415 381 379 95 63 284 246
internal_count=348936 137174 211762 53902 214 165 144 53688 11131 1549 835 9582 403 121 64 392 443 225 42557 953 44 909 794 415 381 379 95 63 284 246
cat_boundaries=0 3 6 9 12 14 16 19
cat_threshold=48779573 308464336 3 168313396 174604352 3 34095152 167788544 2 512 171966464 1 33554432 134234112 34078752 134234112 134742020 136839168 3
is_linear=0
shrinkage=0.05


Tree=244
num_leaves=31
num_cat=7
split_feature=3 0 0 3 8 9 0 9 5 5 6 5 8 7 5 0 6 5 3 9 0 5 6 9 5 0 6 5 0 8
split_gain=0.740231 7.44807 7.38249 9.38743 9.79956 9.52105 44.3644 21.4265 14.2594 17.462 16.0004 15.6569 17.5848 11.4061 10.8168 14.0056 12.4926 10.2395 9.20603 9.06596 23.209 19.7978 9.01638 9.00636 8.80033 17.5505 8.6774 8.34247 15.7561 14.3519
threshold=3.5000000000000004 0 1 1.5000000000000002 6.5000000000000009 2.3650000000000007 2 2.5350000000000006 7.5000000000000009 5.5000000000000009 2.5000000000000004 1.5000000000000002 1.5000000000000002 2.5000000000000004 2.5000000000000004 3 2.5000000000000004 10.500000000000002 2.5000000000000004 1.6900000000000002 4 4.5000000000000009 1.5000000000000002 1.6900000000000002 11.500000000000002 5 4.5000000000000009 10.500000000000002 6 1.5000000000000002
decision_type=2 1 1 2 2 2 1 2 2 2 2 2 2 2 2 1 2 2 2 2 1 2 2 2 2 1 2 2 1 2
left_child=2 -2 3 4 -1 19 8 22 9 11 -10 12 -7 18 -9 17 -17 -16 -11 24 21 -21 -8 -6 -5 -26 -18 -23 29 -29
right_child=1 -3 -4 5 23 6 7 14 10 13 -12 -13 -14 -15 15 16 26 -19 -20 20 -22 27 -24 -25 25 -27 -28 28 -30 -31
leaf_value=0.00032146961991145936 0.00045907055161434031 -0.0001727507153260375 0.00017832112022805939 -0.0011500067437733156 0.0043448051368748701 0.024139593038707972 0.031615742845904259 -0.029446495713059181 0.058174779312685138 0.02857389109475272 0.01574786961078644 0.024787463401802459 -0.041370233662781267 -0.037397559471428393 -0.0022397813178892984 -0.028093945777975023 0.0064878016480640196 0.0314764091570396 -0.018825573157519104 0.0090649197890984336 -0.0079750297391865538 -0.0071647574390334302 0.0026807263973169029 0.048613491710275417 -0.0040578321798166147 0.0050215553367301347 -0.022037327123273696 0.031200571720526645 -0.0092432451080036379 -0.0077434720298541447
leaf_weight=17809 74400 124992 95976 29672 27 20 42 68 40 21 50 182 21 25 76 100 73 32 20 488 1535 540 75 20 790 1589 42 73 103 35
leaf_count=17809 74400 124992 95976 29672 27 20 42 68 40 21 50 182 21 25 76 100 73 32 20 488 1535 540 75 20 790 1589 42 73 103 35
internal_value=-5.04747e-08 6.30178e-05 -8.41416e-05 -0.000554317 0.000381644 -0.00102245 0.00409306 -0.00559416 0.0167823 0.0118129 0.0346043 0.0184993 -0.00941422 -0.0107788 -0.0113215 -0.00750567 -0.0144949 0.0070934 0.0054522 -0.00115275 -0.00389494 0.00121445 0.0130677 0.0231825 -0.00091541 0.00201059 -0.00393007 -0.00387062 0.00455987 0.0170053
internal_weight=348936 199392 149544 53568 17856 35712 887 508 379 289 90 223 41 66 391 323 215 108 41 34825 2774 1239 117 47 32051 2379 115 751 211 108
internal_count=348936 199392 149544 53568 17856 35712 887 508 379 289 90 223 41 66 391 323 215 108 41 34825 2774 1239 117 47 32051 2379 115 751 211 108
cat_boundaries=0 3 6 8 10 12 14 16
cat_threshold=16909150 724370550 6 153438 2836201712 6 20992 2299002992 1348 65536 135494 17367088 16386 151322784 4358 589824
is_linear=0
shrinkage=0.05


Tree=245
num_leaves=31
num_cat=12
split_feature=9 6 0 6 9 0 8 0 9 5 10 0 0 8 5 0 10 5 3 7 3 7 0 0 3 7 0 1 0 0
split_gain=0.731691 3.49843 9.05599 2.78476 2.94546 2.73774 2.98358 7.87783 5.35072 4.43989 5.31135 8.68557 4.43865 5.36352 4.8603 4.71818 4.72517 4.26306 5.23465 8.68975 7.31752 6.36834 6.03182 4.77493 4.34113 4.25385 4.70601 5.948 4.18719 4.07789
threshold=0.93000000000000005 3.5000000000000004 0 4.5000000000000009 0.84500000000000008 1 1.5000000000000002 2 0.53500000000000003 2.5000000000000004 1.0000000180025095e-35 3 4 2.5000000000000004 11.500000000000002 5 1.0000000180025095e-35 5.5000000000000009 2.5000000000000004 1.5000000000000002 3.5000000000000004 1.0000000180025095e-35 6 7 6.5000000000000009 1.0000000180025095e-35 8 9 10 11
decision_type=2 2 1 2 2 1 2 1 2 2 2 1 1 2 2 1 2 2 2 2 2 2 1 1 2 2 1 1 1 1
left_child=1 5 3 4 -3 6 -1 8 -8 25 -11 -12 -10 17 15 16 -15 18 19 28 -20 22 -22 24 -23 26 27 -9 -14 -19
right_child=-2 2 -4 -5 -6 -7 7 9 12 10 11 -13 13 14 -16 -17 -18 29 20 -21 21 23 -24 -25 -26 -27 -28 -29 -30 -31
leaf_value=-0.0004862128928846986 7.4854565713782201e-05 -0.00035815196475241242 -0.0054904344816540567 -0.0069929664697626548 0.0084361289106801747 0.00010497868587318264 -0.00049798414626500199 0.0073773791471681118 0.0045801232525233661 -0.0006767033247001735 0.010646808703812505 -0.0015568518887702672 0.0072264769444622956 0.0030265078552652197 0.0081624249959594188 -0.0033824314470130238 -0.012494216247391448 0.00065504633447957495 -0.01105371532921484 0.0193852322133766 0.014769123397612325 0.0091737274480983618 0.00053327175703915682 -0.007947537531515109 -0.011984702531481163 -0.005931722060629788 -0.0042567301098634268 -0.0065123668783185588 -0.0055990950899228219 0.0063185845603362578
leaf_weight=52069 168498 164 893 58 227 109442 2768 262 1433 6670 270 305 119 656 146 1083 53 473 162 88 110 100 210 229 32 750 410 100 116 1040
leaf_count=52069 168498 164 893 58 227 109442 2768 262 1433 6670 270 305 119 656 146 1083 53 473 162 88 110 100 210 229 32 750 410 100 116 1040
internal_value=-7.05785e-08 -7.00378e-05 -0.00261341 0.00316051 0.00474748 -5.09798e-05 -0.000295998 0.000267058 0.00132142 -0.000794035 -0.000279215 0.00433165 0.00215601 0.0013907 -0.000609952 -0.00132467 0.00184033 0.00284317 0.000571135 0.00598337 -0.00150259 0.000769479 0.00590505 -0.00378282 0.00375959 -0.00324989 -0.000644482 0.00346851 0.000964807 0.00459412
internal_weight=348936 180438 1342 449 391 179096 69654 17585 8818 8767 7245 575 6050 4617 1938 1792 709 2679 1166 323 843 681 320 361 132 1522 772 362 235 1513
internal_count=348936 180438 1342 449 391 179096 69654 17585 8818 8767 7245 575 6050 4617 1938 1792 709 2679 1166 323 843 681 320 361 132 1522 772 362 235 1513
cat_boundaries=0 3 5 7 9 11 13 15 17 19 20 21 23
cat_threshold=268460504 617285935 4 2195638615 339089409 2182138130 1181697 9044033 67108864 2048 1050624 2148564992 1 1048848 131072 1065216 1 8650752 270798848 5 2181054736 1048592 1
is_linear=0
shrinkage=0.05


Tree=246
num_leaves=31
num_cat=2
split_feature=6 9 7 5 5 9 3 5 6 0 9 9 8 5 7 8 5 7 9 3 2 3 5 5 8 6 3 6 9 7
split_gain=0.689274 0.708417 16.7465 18.7091 7.50494 13.2169 9.76731 21.5555 0.807959 18.2315 10.5796 6.26518 6.47198 6.00202 14.3121 4.60603 4.49152 4.14861 6.38855 4.33297 3.68096 7.07811 6.70361 4.12546 3.66442 3.62134 3.27484 2.84583 3.06053 2.3435
threshold=9.5000000000000018 4.0700000000000012 2.5000000000000004 10.500000000000002 6.5000000000000009 4.4650000000000007 3.5000000000000004 3.5000000000000004 6.5000000000000009 0 1.9300000000000004 1.8450000000000004 2.5000000000000004 10.500000000000002 1.5000000000000002 3.5000000000000004 3.5000000000000004 3.5000000000000004 3.3650000000000007 5.5000000000000009 1 5.5000000000000009 5.5000000000000009 2.5000000000000004 3.5000000000000004 7.5000000000000009 3.5000000000000004 7.5000000000000009 2.8450000000000002 1.5000000000000002
decision_type=2 2 2 2 2 2 2 2 2 1 2 2 2 2 2 2 2 2 2 2 1 2 2 2 2 2 2 2 2 2
left_child=1 8 4 -4 6 -6 -3 -8 -1 10 16 -11 13 20 -15 25 -10 18 19 24 21 22 23 -13 -14 26 -12 29 -29 -22
right_child=-2 2 3 -5 5 -7 7 -9 9 11 15 12 17 14 -16 -17 -18 -19 -20 -21 27 -23 -24 -25 -26 -27 -28 28 -30 -31
leaf_value=2.7148312842009342e-06 -0.0068240890959026038 0.049914215184748173 -0.039746304297525632 0.017389115654741941 -0.018824485634617947 0.032400033054873344 -0.025118368864059451 0.047411387590691446 0.018289012521505357 -0.0061844066710125475 -0.021280783952405569 -0.0094148226082324989 0.001730161788011039 -0.023351976657525086 0.020690455372844425 -0.0025259546237066388 -0.0080407489820019072 -0.019517639502882961 0.024893948209026587 0.012354662340994065 0.019100029047643931 0.024001245211922762 -0.026908270489763131 0.020930885682658606 -0.022942518190864257 -0.014176336391709555 -0.042046017128281127 -0.0034327423263510524 0.022385694416395079 0.035686197504401211
leaf_weight=347915 37 25 38 23 34 20 21 20 25 141 34 21 27 39 35 24 46 30 23 26 57 33 22 24 34 39 43 22 24 34
leaf_count=347915 37 25 38 23 34 20 21 20 25 141 34 21 27 39 35 24 46 30 23 26 57 33 22 24 34 39 43 22 24 34
internal_value=-4.20214e-08 6.81654e-07 0.00312793 -0.0182034 0.0139714 0.000147558 0.0252818 0.010262 -9.41526e-07 -0.00158513 -0.0138356 0.00296481 0.00589095 0.00990964 -0.0025211 -0.0224645 0.00123029 -0.00303627 0.00145864 -0.0047369 0.013791 0.00458808 -0.00428884 0.00676956 -0.0120218 -0.0265897 -0.032877 0.0188011 0.0100377 0.0252971
internal_weight=348936 348899 181 61 120 54 66 41 348718 803 211 592 451 311 74 140 71 140 110 87 237 100 67 45 61 116 77 137 46 91
internal_count=348936 348899 181 61 120 54 66 41 348718 803 211 592 451 311 74 140 71 140 110 87 237 100 67 45 61 116 77 137 46 91
cat_boundaries=0 2 3
cat_threshold=167838032 2200127760 10
is_linear=0
shrinkage=0.05


Tree=247
num_leaves=31
num_cat=10
split_feature=6 1 8 9 10 5 0 9 0 9 8 0 5 3 5 9 0 9 0 5 9 8 3 0 9 0 0 9 0 5
split_gain=0.676124 3.37058 9.44351 14.9917 9.19895 33.8785 41.5324 29.7084 23.0489 21.0601 20.03 15.1127 13.8136 13.242 13.9972 12.1339 11.7925 9.30677 8.33615 13.1191 13.1072 12.0517 7.781 23.9686 16.7014 16.1384 15.2164 11.0222 17.4329 16.8168
threshold=1.0000000180025095e-35 0 5.5000000000000009 1.4150000000000003 1.0000000180025095e-35 9.5000000000000018 1 1.4150000000000003 2 0.69000000000000006 3.5000000000000004 3 1.5000000000000002 1.5000000000000002 5.5000000000000009 0.69000000000000006 4 1.6900000000000002 5 4.5000000000000009 1.0700000000000001 1.5000000000000002 3.5000000000000004 6 1.0700000000000001 7 8 1.3100000000000003 9 11.500000000000002
decision_type=2 1 2 2 2 2 1 2 1 2 2 1 2 2 2 2 1 2 1 2 2 2 2 1 2 1 1 2 1 2
left_child=1 2 4 -4 16 7 9 8 15 -7 11 -8 -10 -9 -15 -6 -1 -16 19 -14 -21 -22 23 24 -18 -26 -24 -25 29 -29
right_child=-2 -3 3 -5 5 6 10 13 12 -11 -12 -13 18 14 17 -17 22 -19 -20 20 21 -23 26 27 25 -27 -28 28 -30 -31
leaf_value=0.00092852478544553762 -6.6533859406381381e-05 0.00023008565634756152 0.0058324338261074591 0.050199592610200253 -0.0030643357399790347 0.0053555658458208201 -0.010219451655194322 0.0032765262564154046 -0.0099390843081142433 0.031765273963695939 0.037196054591825511 0.00362947601501333 0.015270975242747226 -0.014994110022033713 -0.02801869193642912 -0.013742300873486143 -0.00055653143200130341 -0.060855392060212558 -0.0013490102284061923 -0.0022054158569710636 0.039708918901650535 -0.0082424223423004147 0.00035194009962496282 0.0015837960322177523 7.4131520775980728e-05 -0.010543669185634437 -0.002567656474713494 0.0032786348786356871 0.015390320042762612 -0.034876942221308126
leaf_weight=18007 182428 111838 204 21 460 128 345 57 307 184 33 436 240 188 71 631 4866 31 1015 414 38 20 7688 6428 583 942 10633 296 372 32
leaf_count=18007 182428 111838 204 21 460 128 345 57 307 184 33 436 240 188 71 631 4866 31 1015 414 38 20 7688 6428 583 942 10633 296 372 32
internal_value=-3.99218e-08 7.28116e-05 -0.000248919 0.00997337 -0.00029121 -0.00243112 0.00510536 -0.00487526 -0.00333406 0.0202805 -0.000948652 -0.00257255 -0.000165339 -0.018755 -0.0230853 -0.00915621 -9.38199e-05 -0.0379985 0.00157113 0.00567324 0.000913238 0.023174 -0.000672084 0.000237626 -0.00198433 -0.00655319 -0.00134372 0.0022295 0.00819074 -0.000430728
internal_weight=348936 166508 54670 225 54445 4598 1126 3472 3125 312 814 781 2034 347 290 1091 49847 102 1727 712 472 58 31840 13519 6391 1525 18321 7128 700 328
internal_count=348936 166508 54670 225 54445 4598 1126 3472 3125 312 814 781 2034 347 290 1091 49847 102 1727 712 472 58 31840 13519 6391 1525 18321 7128 700 328
cat_boundaries=0 1 4 6 9 12 15 17 19 21 24
cat_threshold=4 2433122379 418512904 2 2211012970 1222641320 619732404 297008 4 46158612 562836282 6 1680867856 538165572 7 1614219266 2355332161 540346368 134283264 1614153888 2355168321 2148040809 16512 1
is_linear=0
shrinkage=0.05


Tree=248
num_leaves=31
num_cat=12
split_feature=3 1 5 0 3 9 0 10 5 5 0 0 0 5 0 8 9 3 0 9 6 0 5 0 9 7 9 0 9 0
split_gain=0.743091 6.83436 19.684 24.4082 20.6536 21.5359 30.4941 27.4873 19.7826 20.5267 46.5768 19.0086 18.9094 17.6828 14.4877 13.6532 23.7892 29.8547 12.8369 15.2557 11.8772 11.6194 10.96 17.0132 20.0673 15.0084 12.9121 25.0188 24.7424 23.8722
threshold=3.5000000000000004 0 10.500000000000002 1 1.5000000000000002 2.3650000000000007 2 1.0000000180025095e-35 9.5000000000000018 8.5000000000000018 3 4 5 11.500000000000002 6 1.0000000180025095e-35 3.0700000000000007 2.5000000000000004 7 1.4150000000000003 3.5000000000000004 8 5.5000000000000009 9 2.2700000000000005 1.5000000000000002 0.93000000000000005 10 1.9300000000000004 11
decision_type=2 1 2 1 2 2 1 2 2 2 1 1 1 2 1 2 2 2 1 2 2 1 2 1 2 2 2 1 2 1
left_child=1 2 8 -4 18 14 15 13 9 11 -11 -1 -10 -8 -6 -7 17 -17 19 -5 -15 -12 26 24 -24 -26 -13 28 -28 -30
right_child=-2 -3 3 4 5 6 7 -9 12 10 21 22 -14 20 -16 16 -18 -19 -20 -21 -22 -23 23 -25 25 -27 27 -29 29 -31
leaf_value=-0.0012682127453007789 6.3146300053131126e-05 -0.00034087452915158942 -0.0011189939237825394 -0.00043048848456565217 0.0091039920680623786 -0.033527476125163956 0.034501069750781897 0.078034239755167323 0.0012474556281859941 0.010410874819575035 -0.0057698987830135991 8.8713590009045014e-05 -0.0062876027812270724 -0.0047451877190421024 0.0025379060623527041 -0.017821074886755509 -0.036224940986089083 0.060644820470500876 0.0031141870441228261 -0.01703311996804872 0.027568345881522974 0.0021112561389771793 0.0010238020250938945 -0.0031415691420834339 -0.0004243181949412382 0.033133209722073773 0.0024474881996012373 0.0056983740318949684 -0.017198279798871629 -0.00036024735711905791
leaf_weight=17980 199392 94872 3013 444 1451 32 134 24 1296 1530 816 6323 2322 72 2040 22 23 27 1247 201 47 1071 3333 3474 54 87 2505 4235 350 519
leaf_count=17980 199392 94872 3013 444 1451 32 134 24 1296 1530 816 6323 2322 72 2040 22 23 27 1247 201 47 1071 3333 3474 54 87 2505 4235 350 519
internal_value=-4.37672e-08 -8.42972e-05 0.000360936 0.00253047 0.0044324 0.00653227 0.0178197 0.0259583 -5.38895e-05 0.000249787 0.0039652 -7.69127e-05 -0.00360241 0.0220443 0.00530038 -0.00579567 0.00572462 0.0254152 0.000158424 -0.00551877 0.0080173 -0.00130926 0.000949082 -0.000672599 0.00180023 0.0202814 0.00175851 0.00314609 -7.41707e-05 -0.00734402
internal_weight=348936 149544 54672 8777 5764 3872 381 277 45895 42277 3417 38860 3618 253 3491 104 72 49 1892 645 119 1887 20880 6948 3474 141 13932 7609 3374 869
internal_count=348936 149544 54672 8777 5764 3872 381 277 45895 42277 3417 38860 3618 253 3491 104 72 49 1892 645 119 1887 20880 6948 3474 141 13932 7609 3374 869
cat_boundaries=0 1 4 6 8 11 14 17 20 22 25 28 31
cat_threshold=12 3232727082 639926920 6 68159492 8394818 2461124103 3726943914 1511446461 201916543 4 362947178 1150720004 5 151008453 1346391074 1 285241424 12651778 1 1162617072 536875281 616572994 1620236288 2 549455938 1619194368 2 536870912 1610744320 2
is_linear=0
shrinkage=0.05


Tree=249
num_leaves=31
num_cat=7
split_feature=8 0 0 1 0 9 9 5 0 7 9 9 8 0 9 3 0 3 6 9 7 3 9 9 5 5 9 9 9 5
split_gain=0.718456 65.1941 10.4499 10.3691 23.1373 12.4649 9.68298 11.1115 9.46585 8.26956 12.1879 21.7962 7.93151 10.3731 10.1103 8.42775 7.57817 11.4932 11.1675 11.3558 10.2074 9.08219 9.69414 8.77059 7.81872 22.1713 17.3077 7.87208 7.16488 6.23481
threshold=4.5000000000000009 0 1 2 3 1.4150000000000003 3.3650000000000007 4.5000000000000009 4 1.0000000180025095e-35 0.84500000000000008 0.93000000000000005 6.5000000000000009 5 1.4150000000000003 2.5000000000000004 6 2.5000000000000004 1.0000000180025095e-35 0.93000000000000005 5.5000000000000009 3.5000000000000004 2.0700000000000007 1.6900000000000002 9.5000000000000018 5.5000000000000009 1.4150000000000003 2.4150000000000005 1.6900000000000002 6.5000000000000009
decision_type=2 1 1 1 1 2 2 2 1 2 2 2 2 1 2 2 1 2 2 2 2 2 2 2 2 2 2 2 2 2
left_child=-1 6 -3 4 5 9 8 -8 -2 -4 -11 -12 -10 15 -15 -14 17 24 19 -19 -18 22 29 -23 25 27 -27 -5 -6 -20
right_child=1 2 3 16 28 -7 7 -9 12 10 11 -13 13 14 -16 -17 20 18 21 -21 -22 23 -24 -25 -26 26 -28 -29 -30 -31
leaf_value=9.7001578695060965e-06 -0.0094688229102801724 0.010243992256630231 0.0052707496669871694 0.011641775449296754 -0.0026750230297329838 0.041079830853085891 -0.0039206159465453201 -0.043778458858529733 -0.0046757952340240284 0.006373767331853266 0.076936913702798926 0.018124028576537967 0.016302354897147622 0.00015961948471764726 0.028223458952877836 -0.015160282414144605 -0.00039935931809368785 0.0017985331101100085 0.019389832152851991 -0.022302502640796935 -0.02738470094692376 0.0017343829980267112 -0.033969190743608546 0.018893470510534228 -0.0037993355924263597 0.017704554137625648 0.064451886196103356 -0.018953269913240714 0.028172763171605764 -0.015743847333056771
leaf_weight=342617 1009 578 133 95 320 51 34 36 1585 61 23 50 29 60 69 80 1318 115 28 85 36 152 26 146 50 44 36 27 20 23
leaf_count=342617 1009 578 133 95 320 51 34 36 1585 61 23 50 29 60 69 80 1318 115 28 85 36 152 26 146 50 44 36 27 20 23
internal_value=-4.33829e-08 -0.000528339 0.00414756 0.00287477 0.00833545 0.0178678 -0.00602756 -0.0244189 -0.00559425 0.0141032 0.0228698 0.0366541 -0.00337927 0.0051132 0.0140791 -0.00621894 0.00119677 0.00493946 0.00109704 -0.00844441 -0.00110865 0.00618582 -0.00912198 0.0101412 0.0139029 0.0182846 0.0387409 0.00487074 -0.000835863 0.00354523
internal_weight=348936 6319 3417 2839 658 318 2902 70 2832 267 134 73 1823 238 129 109 2181 827 575 200 1354 375 77 298 252 202 80 122 340 51
internal_count=348936 6319 3417 2839 658 318 2902 70 2832 267 134 73 1823 238 129 109 2181 827 575 200 1354 375 77 298 252 202 80 122 340 51
cat_boundaries=0 3 6 7 10 13 15 17
cat_threshold=725750317 1739206122 1 1082130432 402685952 4 4 2418630848 2147553793 2 167772680 67642440 1 541069344 1107427456 68420880 5521428
is_linear=0
shrinkage=0.05


Tree=250
num_leaves=31
num_cat=3
split_feature=8 5 3 5 3 7 3 3 5 7 9 0 8 0 3 9 3 9 9 8 9 8 3 9 9 0 5 3 6 6
split_gain=0.733984 3.56544 6.44225 6.03629 5.55158 5.54177 5.09724 12.2226 10.3293 2.58933 2.23237 0.711316 4.70318 35.5373 13.1309 13.0608 8.06861 21.2266 7.53596 7.20429 6.85399 6.42343 16.9189 6.88498 5.82665 6.54426 8.36605 7.85495 6.82728 5.65123
threshold=7.5000000000000009 2.5000000000000004 2.5000000000000004 4.5000000000000009 5.5000000000000009 1.0000000180025095e-35 2.5000000000000004 3.5000000000000004 11.500000000000002 1.5000000000000002 1.9300000000000004 0 4.5000000000000009 1 4.5000000000000009 2.4150000000000005 2.5000000000000004 2.4150000000000005 1.0700000000000001 5.5000000000000009 1.5350000000000004 6.5000000000000009 3.5000000000000004 1.2700000000000002 1.2700000000000002 2 1.5000000000000002 6.5000000000000009 1.5000000000000002 1.0000000180025095e-35
decision_type=2 2 2 2 2 2 2 2 2 2 2 1 2 1 2 2 2 2 2 2 2 2 2 2 2 1 2 2 2 2
left_child=11 2 -2 4 -3 -4 9 -8 10 -5 -9 12 -1 14 16 19 17 18 -14 -16 29 24 23 -23 -15 26 -26 -27 -29 -21
right_child=1 3 5 6 -6 -7 7 8 -10 -11 -12 -13 13 21 15 -17 -18 -19 -20 20 -22 22 -24 -25 25 27 -28 28 -30 -31
leaf_value=0.00012715305688707602 -0.032065700147694984 0.0012603555280234545 -0.019787033505272122 -0.0011933920836007155 0.033681660526148648 0.016200302541255953 -0.045767759867012509 -0.00388060418121955 0.028082738674822305 0.022216165207681202 -0.022945309244096282 -5.668431505451789e-05 0.0037914303809288988 -0.0048080368784136733 0.014833517120096566 0.038888248272759968 -0.0057813287016946872 -0.02767210988278844 0.022306249260240905 0.0050956823347889368 0.02369568160046702 0.0010013209020888264 -0.010818742065470708 0.035983164770862996 -0.029867302205551557 -0.017725160017200724 -0.00013284398918161997 -0.01633621141822501 0.0218548282943666 -0.019987322528694951
leaf_weight=138102 26 31 20 27 23 23 20 34 21 21 28 208147 113 743 223 43 249 38 107 47 23 22 89 39 27 369 191 22 25 43
leaf_count=138102 26 31 20 27 23 23 20 34 21 21 28 208147 113 743 223 43 249 38 107 47 23 22 89 39 27 369 191 22 25 43
internal_value=-4.0103e-08 -0.00258687 -0.012418 0.000722147 0.0150694 -0.000537993 -0.00440867 -0.0106799 -0.00222496 0.00904829 -0.0124905 1.99278e-06 8.89098e-05 -0.00209948 0.00583618 0.0129422 0.000639269 0.00683589 0.0127964 0.00962178 -0.000663337 -0.00669829 0.00308336 0.0233668 -0.00781247 -0.0113334 -0.0036482 -0.0149146 0.00397817 -0.00688842
internal_weight=348936 274 69 205 54 43 151 103 83 48 62 348662 140515 2413 886 379 507 258 220 336 113 1527 150 61 1377 634 218 416 47 90
internal_count=348936 274 69 205 54 43 151 103 83 48 62 348662 140515 2413 886 379 507 258 220 336 113 1527 150 61 1377 634 218 416 47 90
cat_boundaries=0 3 6 8
cat_threshold=1795302030 174679148 5 1073750146 138493956 4 587333640 524288
is_linear=0
shrinkage=0.05


Tree=251
num_leaves=31
num_cat=6
split_feature=9 6 7 0 8 1 9 9 8 8 0 9 3 0 9 0 5 8 3 7 5 5 9 8 3 5 5 3 0 8
split_gain=0.679206 0.777173 3.33346 3.27702 4.84974 3.98399 15.9431 13.4757 6.56726 6.23821 6.05465 12.5169 25.8932 20.3182 13.4288 29.1712 20.6674 15.0232 12.1515 11.4676 10.3489 9.29434 8.74816 12.7005 8.79478 8.37693 10.0812 7.52467 7.44527 7.58308
threshold=1.0000000180025095e-35 1.0000000180025095e-35 8.5000000000000018 0 7.5000000000000009 1 2.2700000000000005 2.4150000000000005 5.5000000000000009 1.0000000180025095e-35 2 1.8450000000000004 1.5000000000000002 3 1.4650000000000001 4 8.5000000000000018 1.0000000180025095e-35 5.5000000000000009 1.5000000000000002 7.5000000000000009 2.5000000000000004 0.73000000000000009 4.5000000000000009 3.5000000000000004 10.500000000000002 3.5000000000000004 2.5000000000000004 5 1.0000000180025095e-35
decision_type=2 2 2 1 2 1 2 2 2 2 1 2 2 1 2 1 2 2 2 2 2 2 2 2 2 2 2 2 1 2
left_child=-1 2 3 4 -2 6 8 9 10 -8 22 14 -13 21 -12 18 17 -17 25 -18 -15 -14 -5 28 -25 26 -16 -28 29 -24
right_child=1 -3 -4 5 -6 -7 7 -9 -10 -11 11 12 13 20 15 16 19 -19 -20 -21 -22 -23 23 24 -26 -27 27 -29 -30 -31
leaf_value=-0.00084324122540615706 -0.00018234683622314556 -6.528910014119562e-05 0.016750134937465192 0.00019725245655933458 -0.022662663483060896 0.00048810297168271435 -0.020260865259915592 -0.0034503362326056895 0.010561776446777728 -0.058070777791241805 0.00049475769067408831 0.051114225462079048 0.052317119709083017 -0.01733042313080085 -5.6238326942548161e-05 -0.0097980247690143546 -0.0042847161091161146 -0.030458375240606524 -0.0093166093197273644 0.03228679519498083 0.012001255086877129 0.015127244955926603 0.0021228401987265231 -0.0023221866538127261 0.037210059407002789 -0.014029077220369468 0.013728772147613415 0.040391238619658085 -0.0042409260253121897 -0.003293647386010211
leaf_weight=2372 66061 182428 30 6819 24 65802 20 53 143 24 18233 35 21 95 48 178 104 174 74 27 44 84 1264 24 34 22 51 55 3271 1322
leaf_count=2372 66061 182428 30 6819 24 65802 20 53 143 24 18233 35 21 95 48 178 104 174 74 27 44 84 1264 24 34 22 51 55 3271 1322
internal_value=-3.81815e-08 5.73298e-06 8.46701e-05 8.16235e-05 -0.000190482 0.000265067 -0.000190456 -0.0204308 -0.000129395 -0.0408845 -0.000177203 0.000382455 0.0108961 0.0051271 0.000227995 -0.00640758 -0.0134233 -0.0200108 0.00738814 0.00325292 -0.0075056 0.020603 -0.00102252 -0.00243043 0.0208519 0.0148315 0.0189545 0.0275631 -0.00266099 -0.000643656
internal_weight=348936 346564 164136 164106 66085 98021 32219 97 32122 44 31979 19245 279 244 18966 733 483 352 250 131 139 105 12734 5915 58 176 154 106 5857 2586
internal_count=348936 346564 164136 164106 66085 98021 32219 97 32122 44 31979 19245 279 244 18966 733 483 352 250 131 139 105 12734 5915 58 176 154 106 5857 2586
cat_boundaries=0 3 4 6 8 10 12
cat_threshold=388787745 1896875736 3 4 3222372546 2288156677 135452 536576 679477252 33570850 1048706 2285928448
is_linear=0
shrinkage=0.05


Tree=252
num_leaves=31
num_cat=3
split_feature=9 0 8 0 9 3 5 5 6 5 3 7 3 7 9 9 8 3 9 7 9 7 9 7 7 3 3 8 0 9
split_gain=0.709948 2.65313 9.13266 27.3494 11.6076 12.2989 8.04068 7.5668 8.49927 6.98126 14.8348 10.067 7.73857 6.37417 5.57081 5.48245 4.9807 4.92264 8.55474 6.52185 4.82299 9.07841 15.5789 13.9199 11.9296 7.74325 6.66013 5.56698 27.9336 18.6868
threshold=1.0700000000000001 0 5.5000000000000009 1 1.4150000000000003 6.5000000000000009 9.5000000000000018 1.5000000000000002 1.0000000180025095e-35 3.5000000000000004 4.5000000000000009 1.0000000180025095e-35 1.5000000000000002 3.5000000000000004 2.2700000000000005 1.6900000000000002 6.5000000000000009 2.5000000000000004 2.2700000000000005 2.5000000000000004 3.7900000000000005 2.5000000000000004 4.0700000000000012 1.5000000000000002 1.0000000180025095e-35 5.5000000000000009 4.5000000000000009 5.5000000000000009 2 2.9300000000000002
decision_type=2 1 2 1 2 2 2 2 2 2 2 2 2 2 2 2 2 2 2 2 2 2 2 2 2 2 2 2 1 2
left_child=-1 2 -2 7 6 9 -5 -4 -9 11 12 -6 -11 14 -13 -10 -12 -17 -19 -20 27 23 -23 24 25 -22 -26 -3 29 -29
right_child=1 20 3 4 5 -7 -8 8 15 10 16 13 -14 -15 -16 17 -18 18 19 -21 21 22 -24 -25 26 -27 -28 28 -30 -31
leaf_value=-5.4614317243913366e-05 0.0004405628049474464 -0.00016062331302222393 -0.044207401833097848 -0.026353066410793338 -0.0058898034384069244 -0.023751498678965227 0.0084938387405127293 -0.037004500990733505 0.0015370789136398924 0.014187489647199125 0.013967315120283853 0.025378882991416114 -0.014569509446620941 0.010709457789463077 0.061382183737375522 -0.037325236469507216 0.044680748846043242 -0.037325674878514334 0.013495163277548274 -0.021869202093644579 0.035204200905961144 0.015006684019629443 -0.028058780410460067 0.037382000386714936 -0.027650120730201407 -0.0014606958099951349 0.0056668776537602151 0.01625295623576713 -0.0052458417180749652 -0.019215518772238638
leaf_weight=220079 51210 75960 28 49 23 28 25 40 55 34 33 21 75 22 22 25 22 23 32 22 36 42 42 45 30 24 30 394 424 41
leaf_count=220079 51210 75960 28 49 23 28 25 40 55 34 33 21 75 22 22 25 22 23 32 22 36 42 42 45 30 24 30 394 424 41
internal_value=-4.16521e-08 9.31648e-05 0.00036989 -0.0058744 0.002948 0.0076858 -0.0145805 -0.0190398 -0.0164291 0.0111788 0.00508268 0.0225399 -0.00559944 0.0325996 0.0437992 -0.011187 0.0262527 -0.018048 -0.0117892 -0.000912541 -9.28282e-05 0.00685462 -0.00652605 0.0136666 0.00477331 0.0205382 -0.0109916 -0.00011536 0.00388723 0.0126198
internal_weight=348936 128857 51789 579 354 280 74 225 197 252 164 88 109 65 43 157 55 102 77 54 77068 249 84 165 120 60 60 76819 859 435
internal_count=348936 128857 51789 579 354 280 74 225 197 252 164 88 109 65 43 157 55 102 77 54 77068 249 84 165 120 60 60 76819 859 435
cat_boundaries=0 3 6 9
cat_threshold=2588089387 378097776 5 2319516712 67108928 1 1688732240 157714688 2
is_linear=0
shrinkage=0.05


Tree=253
num_leaves=31
num_cat=8
split_feature=6 0 3 0 0 8 9 0 6 9 9 5 1 0 6 0 7 9 7 5 9 5 8 9 9 6 3 1 9 9
split_gain=0.685995 5.96131 6.94286 12.8417 10.6852 8.89976 10.5263 22.6146 10.6735 14.5691 7.60227 9.48034 6.01888 8.17959 7.00142 6.95507 9.30437 10.1041 8.66619 10.603 10.9517 11.8216 7.37529 6.98438 13.3975 6.6961 5.67167 8.0468 7.78002 5.62465
threshold=3.5000000000000004 0 3.5000000000000004 1 2 4.5000000000000009 2.5350000000000006 3 4.5000000000000009 2.9300000000000002 2.3100000000000005 4.5000000000000009 4 5 5.5000000000000009 6 3.5000000000000004 3.6900000000000004 4.5000000000000009 2.5000000000000004 1.5350000000000004 1.5000000000000002 2.5000000000000004 3.3100000000000005 2.6900000000000004 5.5000000000000009 1.5000000000000002 7 1.2700000000000002 1.8450000000000004
decision_type=2 1 2 1 1 2 2 1 2 2 2 2 1 1 2 1 2 2 2 2 2 2 2 2 2 2 2 1 2 2
left_child=-1 -2 3 5 -4 6 10 8 -8 -10 -3 -12 15 14 26 16 17 23 19 20 -17 -22 -18 24 25 -5 -14 28 -28 -16
right_child=1 2 4 12 -6 -7 7 -9 9 -11 11 -13 13 -15 29 18 22 -19 -20 -21 21 -23 -24 -25 -26 -27 27 -29 -30 -31
leaf_value=1.5599431969880968e-05 -0.0013410789760198091 -0.0041463121078927868 0.0042773497662428848 0.004012135673783496 -0.00031057076353818291 0.015879847390471765 0.023382726378547838 -0.030140064215961972 -0.038523098801334317 0.010595370623114934 -0.0071168376894022991 0.034462503898599797 0.013683260419759258 -0.0052045894834181865 -0.00099009844241663807 -0.0014295052436570969 0.031913246954413686 -0.03440055673321088 -0.018834519705602102 0.0060591910922686842 0.012305544775777631 0.051651103922077238 -0.0051858255196185338 0.024595044195652008 -0.025927661755561549 -0.019552526896929042 -0.00226911006265142 -0.0068056274384546743 0.017696683196764856 -0.032020993336387304
leaf_weight=332380 7616 1391 2308 266 2809 53 39 106 26 36 26 29 145 559 40 31 37 24 28 411 35 42 21 25 53 34 89 146 108 23
leaf_count=332380 7616 1391 2308 266 2809 53 39 106 26 36 26 29 145 559 40 31 37 24 28 411 35 42 21 25 53 34 89 146 108 23
internal_value=-4.70916e-08 -0.000314168 0.00056153 -0.00104988 0.00176654 -0.0042634 -0.00493505 -0.0154806 0.00262846 -0.0100027 -0.00342541 0.0148068 0.00155256 -0.000987332 0.00330766 0.00433443 -0.000235262 -0.00294145 0.00811254 0.00972265 0.0236641 0.0337668 0.0184808 -0.000944042 -0.00275276 0.00134147 0.0053928 0.00188808 0.00825744 -0.0123188
internal_weight=348936 16556 8940 3823 5117 1706 1653 207 101 62 1446 55 2117 1110 551 1007 460 402 547 519 108 77 58 378 353 300 488 343 197 63
internal_count=348936 16556 8940 3823 5117 1706 1653 207 101 62 1446 55 2117 1110 551 1007 460 402 547 519 108 77 58 378 353 300 488 343 197 63
cat_boundaries=0 3 5 7 9 10 13 16 17
cat_threshold=1894495802 1163987139 6 2400469248 2952798760 252985601 402663200 2182086912 2415919112 9 196 42090756 1 2177 8798464 1 4
is_linear=0
shrinkage=0.05


Tree=254
num_leaves=31
num_cat=4
split_feature=8 0 0 6 9 9 7 5 8 5 7 3 9 0 9 9 7 9 0 5 3 9 5 3 5 6 7 6 5 3
split_gain=0.666224 9.58207 8.85208 4.73385 4.44832 12.1755 15.8888 14.7577 9.85603 13.9901 7.19803 5.66951 4.42482 6.76555 9.71335 11.9515 7.05017 6.43822 18.603 11.398 10.9701 9.73205 11.4463 8.91817 16.7917 7.88822 6.75442 6.40174 5.77929 5.6931
threshold=1.0000000180025095e-35 0 1 6.5000000000000009 3.6900000000000004 3.7900000000000005 2.5000000000000004 2.5000000000000004 3.5000000000000004 2.5000000000000004 2.5000000000000004 4.5000000000000009 1.2700000000000002 2 3.0700000000000007 3.5350000000000006 4.5000000000000009 1.9300000000000004 3 11.500000000000002 6.5000000000000009 2.4150000000000005 9.5000000000000018 5.5000000000000009 2.5000000000000004 1.5000000000000002 1.5000000000000002 1.0000000180025095e-35 4.5000000000000009 2.5000000000000004
decision_type=2 1 1 2 2 2 2 2 2 2 2 2 2 1 2 2 2 2 1 2 2 2 2 2 2 2 2 2 2 2
left_child=1 12 3 -2 -4 6 7 -6 9 -7 -11 -10 -1 14 16 -16 17 -14 19 20 21 26 -23 24 -20 -25 27 -19 -18 -29
right_child=2 -3 4 -5 5 8 -8 -9 11 10 -12 -13 13 -15 15 -17 28 18 23 -21 -22 22 -24 25 -26 -27 -28 29 -30 -31
leaf_value=0.00019526965385395026 0.00047685193806051612 -0.0003441272352396245 -0.00026564510803318359 -0.0065704424010207835 0.037549326026981529 -0.043050505399703981 0.048743834092535757 -0.014429934979933832 0.0032297580804977869 0.010343287967719205 -0.018313357757870109 0.035281852361830797 -0.001158149250438618 0.0019025980841271006 -0.037228892457026701 0.0055872079949559911 0.028235377132510526 -0.037878693143526716 -0.026754410073161129 -0.034613713421500651 0.022048432206576495 -0.0015273344075801424 0.043358974494040019 0.048239974346425796 0.018759334090853407 0.011680239573121072 0.0075188957345791356 -0.029887836852243971 0.0023225978657137603 -0.0035600292677809668
leaf_weight=43150 80473 110663 99492 239 22 25 33 36 37 56 36 22 3730 10262 39 28 39 27 25 26 47 49 20 36 107 25 39 28 48 77
leaf_count=43150 80473 110663 99492 239 22 25 33 36 37 56 36 22 3730 10262 39 28 39 27 25 26 47 49 20 36 107 25 39 28 48 77
internal_value=-1.01366e-07 -7.16096e-05 6.66497e-05 0.000455927 -0.000248324 0.00619677 0.0210456 0.00528634 -0.00148078 -0.00988307 -0.000870182 0.0151814 0.000450112 0.00120093 -0.000442612 -0.0193356 -0.000150823 -0.000440197 0.00485222 -0.00282294 -4.12998e-05 -0.00436721 0.0114832 0.0165864 0.0101393 0.0332565 -0.010763 -0.0161644 0.0139387 -0.0105808
internal_weight=348936 168465 180471 80712 99759 267 91 58 176 117 92 59 57802 14652 4390 67 4323 4236 506 313 287 240 69 193 132 61 171 132 87 105
internal_count=348936 168465 180471 80712 99759 267 91 58 176 117 92 59 57802 14652 4390 67 4323 4236 506 313 287 240 69 193 132 61 171 132 87 105
cat_boundaries=0 3 6 8 10
cat_threshold=789086738 1126082626 4 1347885997 2350974573 3 201850882 17041408 201850880 16777216
is_linear=0
shrinkage=0.05


Tree=255
num_leaves=31
num_cat=6
split_feature=6 0 6 9 0 8 7 8 8 0 6 9 9 0 8 7 7 3 9 8 0 5 9 9 9 0 9 3 6 8
split_gain=0.655123 8.20064 6.01017 7.20682 8.6076 12.3072 16.4502 11.1016 8.79369 7.09704 6.3206 6.56852 5.79242 19.9431 9.25715 21.8025 11.8971 7.64557 7.91537 6.72439 16.1552 12.2386 9.73158 8.18902 6.38362 6.19822 19.394 24.579 18.7769 10.0105
threshold=1.5000000000000002 0 2.5000000000000004 3.1550000000000007 1 1.5000000000000002 1.0000000180025095e-35 1.5000000000000002 1.0000000180025095e-35 2 5.5000000000000009 3.6900000000000004 2.8450000000000002 3 2.5000000000000004 2.5000000000000004 3.5000000000000004 2.5000000000000004 2.9300000000000002 4.5000000000000009 4 11.500000000000002 2.0700000000000007 2.4150000000000005 3.0700000000000007 5 2.6900000000000004 4.5000000000000009 4.5000000000000009 1.0000000180025095e-35
decision_type=2 1 2 2 1 2 2 2 2 1 2 2 2 1 2 2 2 2 2 2 1 2 2 2 2 1 2 2 2 2
left_child=-1 2 9 12 7 6 -6 8 -5 -2 11 -8 19 -14 15 24 -16 -17 -19 25 22 23 -21 -22 -15 -4 -27 29 -29 -28
right_child=1 -3 3 4 5 -7 10 -9 -10 -11 -12 -13 13 14 16 17 -18 18 -20 20 21 -23 -24 -25 -26 26 27 28 -30 -31
leaf_value=4.1832326897494183e-05 0.0028935693202278446 -0.00047060724519496638 -0.0014776070530880367 -0.0036895714633698971 -0.0074998877461879485 0.0026289517502704196 0.055990317616707246 0.0087180731024165629 -0.044934697028171898 0.00057689615217740374 0.013927142864093184 0.02130566838951338 -0.022938555959493869 0.011649280928412643 0.0030253275055640745 -0.0030463320725421248 0.039369150929685154 -0.012560523695179394 -0.044113123406777567 -0.012490021678763376 0.00065214567664952485 -0.032530518054651722 -0.043084952705426192 0.028007837159164023 -0.011709586624056101 0.00044337902177757316 0.014000293952615366 0.022686050501134661 -0.038792131286438394 0.054705101200802769
leaf_weight=253863 4158 59557 5056 28 31 173 39 61 24 16070 25 21 116 127 115 37 28 35 46 71 160 24 41 33 38 8842 23 27 23 44
leaf_count=253863 4158 59557 5056 28 31 173 39 61 24 16070 25 21 116 127 115 37 28 35 46 71 160 24 41 33 38 8842 23 27 23 44
internal_value=-9.40616e-08 -0.000112045 0.000489224 -0.000258813 0.00634725 0.0107075 0.0236787 -0.00528405 -0.0227258 0.00105482 0.0350496 0.0438507 -0.000437211 -0.00551116 -0.000222002 -0.00546658 0.0101416 -0.0218774 -0.0304793 -0.000245487 -0.00731126 0.00109194 -0.0217482 0.00532954 0.00626966 -7.96193e-05 0.00071019 0.0209345 -0.00559391 0.0407318
internal_weight=348936 95073 35516 15288 402 289 116 113 52 20228 85 60 14886 542 426 283 143 118 81 14344 329 217 112 193 165 14015 8959 117 50 67
internal_count=348936 95073 35516 15288 402 289 116 113 52 20228 85 60 14886 542 426 283 143 118 81 14344 329 217 112 193 165 14015 8959 117 50 67
cat_boundaries=0 3 6 8 10 12 15
cat_threshold=143675960 2526402563 6 1048584 8421378 4 1048576 1148928 142606848 269746176 134238728 2148564993 32 34719744 6
is_linear=0
shrinkage=0.05


Tree=256
num_leaves=31
num_cat=13
split_feature=9 6 0 3 0 0 6 9 3 0 0 1 5 8 5 8 7 7 0 9 6 5 1 0 3 0 0 8 0 1
split_gain=0.656717 3.27837 3.0069 1.99025 2.2209 1.83983 1.512 1.62141 1.75509 2.26424 2.22317 1.9868 1.73928 2.42548 2.27004 1.6148 1.34433 1.26217 4.00473 1.55927 1.37532 1.24833 1.17901 2.0247 1.75766 1.38765 1.15798 4.17371 33.6524 9.94784
threshold=0.31000000000000005 1.5000000000000002 0 4.5000000000000009 1 2 1.0000000180025095e-35 0.15500000000000005 3.5000000000000004 3 4 5 3.5000000000000004 1.5000000000000002 8.5000000000000018 1.5000000000000002 1.0000000180025095e-35 2.5000000000000004 6 0.27000000000000007 1.0000000180025095e-35 8.5000000000000018 7 8 4.5000000000000009 9 10 4.5000000000000009 11 12
decision_type=2 2 1 2 1 1 2 2 2 1 1 1 2 2 2 2 2 2 1 2 2 2 1 1 2 1 1 2 1 1
left_child=1 2 22 5 -5 6 7 -4 10 -10 -9 15 -11 14 16 -12 -14 -7 -19 -20 -21 -13 23 -1 -25 -24 27 -2 29 -29
right_child=26 -3 3 4 -6 17 -8 8 9 12 11 21 13 -15 -16 -17 -18 18 19 20 -22 -23 25 24 -26 -27 -28 28 -30 -31
leaf_value=-0.0017704890535781464 0.00017953019716892231 -0.0036838111921523083 0.00067656070299960036 -0.0013844791215630867 0.00033605331840722257 8.4733112437256801e-05 -0.00078393094757538996 0.00023329212269980273 0.00018485629258035614 0.0032971138889725145 0.0055994641327638235 0.0034862440794405317 0.023746355871359509 0.023987476941612032 0.0010530338883399963 0.014380744661110036 0.0095114203733067185 -0.0018707279639242199 0.0019436510204484322 0.01007745970060064 0.0013995165998737019 -0.0061426955987425418 -0.0021942409414792224 -0.00040984932525134354 0.0024679383228267539 -0.00067284668666463526 -5.5208238862414329e-05 0.013346772740408777 -0.0075726972975761545 0.0018507832184909872
leaf_weight=1157 121775 671 843 3172 4564 6915 454 546 109 74 217 99 27 36 50 69 43 339 184 191 60 51 2425 1248 923 3981 196442 240 1225 806
leaf_count=1157 121775 671 843 3172 4564 6915 454 546 109 74 217 99 27 36 50 69 43 339 184 191 60 51 2425 1248 923 3981 196442 240 1225 806
internal_value=-1.20052e-07 -0.000230352 -0.000146928 0.000235242 -0.000370774 0.00069032 0.00183245 0.00238983 0.00348316 0.00658504 0.00241235 0.00502066 0.00920971 0.0126048 0.00918995 0.00745728 0.015002 0.000298668 0.00221384 0.00531775 0.00800305 0.000199129 -0.000854685 -8.9798e-05 0.000809911 -0.00125129 2.03164e-05 0.000139912 -0.00198386 0.0045899
internal_weight=348936 28448 27777 18043 7736 10307 2618 2164 1321 339 982 436 230 156 120 286 70 7689 774 435 251 150 9734 3328 2171 6406 320488 124046 2271 1046
internal_count=348936 28448 27777 18043 7736 10307 2618 2164 1321 339 982 436 230 156 120 286 70 7689 774 435 251 150 9734 3328 2171 6406 320488 124046 2271 1046
cat_boundaries=0 3 5 7 9 11 12 15 16 19 21 24 27 28
cat_threshold=4171252232 30196073 2 724231 2617324548 525329 1073812102 1040 1073745920 16 1073807878 5 100862144 336733200 4 4 813711360 25165832 2 3489661440 4227169 4179632654 23667821 6 3491766274 4259845 6 4
is_linear=0
shrinkage=0.05


Tree=257
num_leaves=31
num_cat=8
split_feature=3 0 7 8 3 9 7 6 7 8 5 6 9 10 5 9 1 0 0 5 0 5 9 0 3 3 5 0 0 5
split_gain=0.644275 6.72045 11.3811 11.9925 7.95534 7.40763 11.6572 14.0091 14.9109 13.3529 11.4142 10.5202 10.1873 9.35322 9.0288 6.65649 6.58017 16.7762 11.9152 9.39807 14.4866 14.1814 14.8979 13.1361 12.1387 11.2316 22.9774 25.2127 18.7855 24.0377
threshold=3.5000000000000004 0 4.5000000000000009 6.5000000000000009 1.5000000000000002 1.2700000000000002 2.5000000000000004 3.5000000000000004 1.5000000000000002 2.5000000000000004 1.5000000000000002 1.0000000180025095e-35 1.5350000000000004 1.0000000180025095e-35 1.5000000000000002 2.2700000000000005 1 2 3 7.5000000000000009 4 11.500000000000002 1.9300000000000004 5 1.5000000000000002 2.5000000000000004 1.5000000000000002 6 7 5.5000000000000009
decision_type=2 1 2 2 2 2 2 2 2 2 2 2 2 2 2 2 1 1 1 2 1 2 2 1 2 2 2 1 1 2
left_child=1 2 3 4 5 14 7 8 12 11 -10 -8 -7 -12 -1 -13 17 -3 -18 25 21 22 -21 -23 -25 26 27 -19 -27 -30
right_child=-2 16 -4 -5 -6 6 9 -9 10 -11 13 15 -14 -15 -16 -17 18 19 -20 20 -22 23 -24 24 -26 28 -28 -29 29 -31
leaf_value=-0.0070410602794867203 5.8725319650526782e-05 0.0010366092899172896 -0.01025419432347386 0.029806506587192416 -0.00153562365784882 0.0085411949183090297 -0.032571760265156624 -0.0084760114722858271 0.051957679014991633 0.017135634960141033 0.011211234174909683 0.0001556180421889664 -0.001047932748277953 0.046973398216068746 0.00028492252697538483 -0.025835982407443225 0.0010389239548694808 -0.012314418120731186 -0.00015736910514983716 -0.0054434208051978798 -0.00073207241242604552 -0.0052535511825280911 -0.027678809266585808 -0.0042682815293557256 0.01257409210797281 -0.0060322015239475295 0.0013682523438171667 -0.00012413072270302242 0.0022737544227770081 -0.0065452451641730552
leaf_weight=466 199392 12744 322 32 13176 602 50 173 22 46 213 107 513 20 4314 32 33528 675 54864 3476 6026 424 77 162 315 2086 10080 1125 2808 1066
leaf_count=466 199392 12744 322 32 13176 602 50 173 22 46 213 107 513 20 4314 32 33528 675 54864 3476 6026 424 77 162 315 2086 10080 1125 2808 1066
internal_value=-1.13433e-07 -7.85651e-05 -0.00092922 -0.00077778 -0.000827375 0.000595603 0.00335092 0.00493091 0.0066239 -0.00702319 0.0175315 -0.0129031 0.00412934 0.0142809 -0.000429284 -0.00582806 5.35007e-05 -0.000469432 0.000296463 -0.00114728 -0.00233607 -0.00449446 -0.0059253 0.00109804 0.0067133 -0.000449569 0.000439034 -0.00476459 -0.00222081 -0.000152556
internal_weight=348936 149544 20088 19766 19734 6558 1778 1543 1370 235 255 189 1115 233 4780 139 129456 41064 88392 28320 10480 4454 3553 901 477 17840 11880 1800 5960 3874
internal_count=348936 149544 20088 19766 19734 6558 1778 1543 1370 235 255 189 1115 233 4780 139 129456 41064 88392 28320 10480 4454 3553 901 477 17840 11880 1800 5960 3874
cat_boundaries=0 3 4 7 9 11 13 15 18
cat_threshold=536 671416352 4 2 1388396832 335675723 1 2905384960 1087550084 554992707 2171113600 16809986 23593088 20719681 43521024 2298482816 6841364 2
is_linear=0
shrinkage=0.05


Tree=258
num_leaves=31
num_cat=2
split_feature=8 5 3 5 3 7 3 3 5 7 9 9 7 5 5 9 3 8 6 0 9 5 0 7 5 3 8 8 7 3
split_gain=0.625037 3.11024 5.61814 5.38029 4.97251 4.82691 4.66215 10.7519 9.3451 2.39672 2.05703 0.638143 13.7812 16.8099 4.97782 10.8886 8.94274 9.49771 0.777812 14.7843 8.18878 5.48283 10.0159 6.6355 8.63241 5.26378 4.71921 4.19054 3.63851 3.86884
threshold=7.5000000000000009 2.5000000000000004 2.5000000000000004 4.5000000000000009 5.5000000000000009 1.0000000180025095e-35 2.5000000000000004 3.5000000000000004 11.500000000000002 1.5000000000000002 1.9300000000000004 4.0700000000000012 2.5000000000000004 10.500000000000002 6.5000000000000009 4.4650000000000007 2.5000000000000004 1.5000000000000002 6.5000000000000009 0 3.0700000000000007 1.5000000000000002 1 1.5000000000000002 7.5000000000000009 2.5000000000000004 4.5000000000000009 1.0000000180025095e-35 1.0000000180025095e-35 5.5000000000000009
decision_type=2 2 2 2 2 2 2 2 2 2 2 2 2 2 2 2 2 2 2 1 2 2 1 2 2 2 2 2 2 2
left_child=11 2 -2 4 -3 -4 9 -8 10 -5 -9 18 14 -14 16 -16 -13 -18 -1 20 25 27 23 24 -23 -20 -24 -21 29 -27
right_child=1 3 5 6 -6 -7 7 8 -10 -11 -12 12 13 -15 15 -17 17 -19 19 21 -22 22 26 -25 -26 28 -28 -29 -30 -31
leaf_value=3.840152988852898e-06 -0.029917437599327131 0.0011795162433578124 -0.018439940875396132 -0.0011242642170853085 0.0318633783608675 0.015146201034582666 -0.043047621361911301 -0.0037076955551610274 0.02661929825941722 0.02139775376944315 -0.022008415704060879 0.04988268066197634 -0.036208249685856016 0.017687131114223081 -0.015741064426872661 0.030753184482455256 0.032923779296486273 -0.012039593320029478 0.0082866666465997701 0.0094800008181482563 -0.030252384843949515 0.026034665524083025 -0.00048935112108333711 0.03522424860624597 -0.011455167617116657 -0.03896245746449991 0.021885339498519899 -0.017246315619823607 -0.006350522279088576 -0.0093097774989225664
leaf_weight=347647 26 31 20 27 23 23 20 34 21 21 28 20 39 23 34 20 23 24 40 20 52 34 411 40 28 22 25 55 83 22
leaf_count=347647 26 31 20 27 23 23 20 34 21 21 28 20 39 23 34 20 23 24 40 20 52 34 411 40 28 22 25 55 83 22
internal_value=-1.40052e-07 -0.00238728 -0.0115694 0.000703297 0.0142486 -0.00047526 -0.00414071 -0.0101383 -0.00220834 0.00872912 -0.0119725 1.73591e-06 0.00295355 -0.0162148 0.0127754 0.00147903 0.0218799 0.00996376 1.85792e-07 -0.00152677 -0.0123613 0.00250476 0.00431118 0.0176197 0.00910377 -0.00753063 0.000775808 -0.0101193 -0.0125125 -0.0241361
internal_weight=348936 274 69 205 54 43 151 103 83 48 62 348662 183 62 121 54 67 47 348479 832 219 613 538 102 62 167 436 75 127 44
internal_count=348936 274 69 205 54 43 151 103 83 48 62 348662 183 62 121 54 67 47 348479 832 219 613 538 102 62 167 436 75 127 44
cat_boundaries=0 2 5
cat_threshold=135332176 2183368208 8917120 1342177288 4
is_linear=0
shrinkage=0.05


Tree=259
num_leaves=31
num_cat=4
split_feature=9 6 0 0 6 7 8 9 7 9 3 6 7 6 9 8 8 3 7 8 6 3 5 8 9 5 3 0 3 0
split_gain=0.609016 3.02666 8.20882 2.6816 4.65477 4.82039 3.69838 12.331 11.6558 9.19729 4.7706 8.31603 6.09298 3.93058 3.86362 6.34706 10.2053 9.91684 3.30836 2.77995 8.75312 3.55073 6.00483 3.86463 2.71665 3.48671 5.36314 2.61132 4.15361 6.22968
threshold=0.93000000000000005 3.5000000000000004 0 1 7.5000000000000009 3.5000000000000004 6.5000000000000009 2.6900000000000004 1.5000000000000002 1.4150000000000003 3.5000000000000004 2.5000000000000004 1.0000000180025095e-35 1.0000000180025095e-35 3.7900000000000005 1.5000000000000002 3.5000000000000004 3.5000000000000004 2.5000000000000004 7.5000000000000009 1.0000000180025095e-35 3.5000000000000004 4.5000000000000009 8.5000000000000018 3.5350000000000006 4.5000000000000009 3.5000000000000004 2 3.5000000000000004 3
decision_type=2 2 1 1 2 2 2 2 2 2 2 2 2 2 2 2 2 2 2 2 2 2 2 2 2 2 2 1 2 1
left_child=1 27 -3 6 19 24 14 9 -9 13 12 -12 -11 -8 -2 17 -17 -16 -10 -5 -21 23 -23 -22 25 -6 -27 28 29 -1
right_child=3 2 -4 4 5 -7 7 8 18 10 11 -13 -14 -15 15 16 -18 -19 -20 20 21 22 -24 -25 -26 26 -28 -29 -30 -31
leaf_value=-0.0010731828437505534 -0.00018435287298154744 0.0022363603379286774 -0.0056665183889929374 0.00027928634656101205 -0.01091932373965392 -0.028988020184139415 0.01103154570580675 -0.032385376240644193 -0.0064997553968658825 0.028303611507782569 0.017532808327426513 0.054761894643306733 -0.0020997177519732051 -0.014066264846433814 0.043971057027578357 -0.012768208758665646 0.019492531529603861 0.0054026046842336655 0.020182885522288935 -0.034312602955227096 0.0018977671288526975 0.025296383364072358 -0.0072865591594769106 -0.026941007304759252 -0.018773140861756271 -0.0087959569171760926 0.021920729302801194 -0.00018784087629600485 0.00056175715407945164 0.00044218836745262783
leaf_weight=12547 77730 554 788 90005 48 24 26 36 26 26 60 20 45 39 25 66 39 50 21 24 26 26 31 21 27 27 30 115536 36273 14740
leaf_count=12547 77730 554 788 90005 48 24 26 36 26 26 60 20 45 39 25 66 39 50 21 24 26 26 31 21 27 27 30 115536 36273 14740
internal_value=-1.3305e-07 -6.3966e-05 -0.00242964 6.82232e-05 0.000253851 -0.00837554 -0.00014609 0.00540409 -0.0109762 0.0116984 0.0184676 0.0268401 0.0090339 -0.00402714 -0.000167409 0.00714952 -0.000785648 0.0182588 0.00542228 0.000268815 -0.00709452 -0.000813429 0.00757584 -0.0109876 -0.00462781 -0.000990443 0.00737072 -4.62396e-05 0.000211152 -0.000254835
internal_weight=348936 180438 1342 168498 90289 156 78209 299 83 216 151 80 71 65 77910 180 105 75 47 90133 128 104 57 47 132 105 57 179096 63560 27287
internal_count=348936 180438 1342 168498 90289 156 78209 299 83 216 151 80 71 65 77910 180 105 75 47 90133 128 104 57 47 132 105 57 179096 63560 27287
cat_boundaries=0 3 5 8 11
cat_threshold=3022021080 617302319 4 1411923464 3905930174 1226847752 675923070 4 136327680 536936546 4
is_linear=0
shrinkage=0.05


Tree=260
num_leaves=31
num_cat=6
split_feature=7 0 5 3 0 8 3 9 9 0 10 6 0 0 3 9 9 9 9 8 3 3 8 7 9 3 0 7 3 9
split_gain=0.602512 24.5896 10.6261 10.9645 5.76814 10.8576 7.00724 6.38563 4.82461 11.3781 12.9778 8.54619 7.14635 6.43247 18.7193 7.32679 7.80746 6.13887 6.65385 5.58096 6.6981 5.23716 5.15786 4.75448 4.08692 4.17306 3.81122 5.32986 15.4593 5.07243
threshold=5.5000000000000009 0 11.500000000000002 4.5000000000000009 1 3.5000000000000004 1.5000000000000002 2.5350000000000006 1.0700000000000001 2 1.0000000180025095e-35 1.0000000180025095e-35 3 4 5.5000000000000009 2.9300000000000002 1.8450000000000004 1.9300000000000004 2.5350000000000006 1.5000000000000002 3.5000000000000004 4.5000000000000009 2.5000000000000004 6.5000000000000009 0.69000000000000006 1.5000000000000002 5 6.5000000000000009 5.5000000000000009 1.0700000000000001
decision_type=2 1 2 2 1 2 2 2 2 1 2 2 1 1 2 2 2 2 2 2 2 2 2 2 2 2 1 2 2 2
left_child=-1 2 8 -4 5 24 7 -6 12 -10 11 21 23 14 17 16 -15 -13 -19 -14 -21 -11 -18 -2 -3 -26 29 -28 -29 -27
right_child=1 4 3 -5 6 -7 -8 -9 9 10 -12 13 19 15 -16 -17 22 18 -20 20 -22 -23 -24 -25 25 26 27 28 -30 -31
leaf_value=5.3295567297556201e-06 0.021710814280797627 0.0037254481631818978 -0.022832299104784848 0.011964063382604057 0.013055720987144562 -0.028829211347425977 -0.0040025117561659574 -0.017595187388360502 -0.0028222412556814132 0.021165050892159344 -0.019143941849470141 0.022547753648580734 -0.0062895823200233283 -0.0022135225982250028 -0.0098665494737880579 -0.019356606078951663 0.033265566158779833 0.069624613555656231 0.030737091516229238 -0.0071503231094943156 0.026429812802763825 0.050501595039306013 0.0065105305804360305 -0.0025707206555775236 -0.019801688597210921 -0.012913924964959734 -0.018936472073402429 -0.019166372324495265 0.027070688276455319 0.0040778646618127821
leaf_weight=346541 72 84 61 36 113 60 753 20 119 32 25 37 180 60 28 23 43 22 22 27 33 29 31 28 67 64 109 48 29 140
leaf_count=346541 72 84 61 36 113 60 753 20 119 32 25 37 180 60 28 23 43 22 22 27 33 29 31 28 67 64 109 48 29 140
internal_value=-1.32488e-07 -0.000790455 0.00565957 -0.00991819 -0.00473522 -0.00850758 -0.00210993 0.00844656 0.00759254 0.0108691 0.0151476 0.0182325 0.00305353 0.0143616 0.0232434 0.00631277 0.0111898 0.0375583 0.0501809 -0.001812 0.0113188 0.0351119 0.0220574 0.0135563 -0.00641105 -0.00827421 -0.00629385 -0.0112194 -0.00175241 -0.00119435
internal_weight=348936 2395 908 97 1487 601 886 133 811 471 352 327 340 266 109 157 134 81 44 240 60 61 74 100 541 457 390 186 77 204
internal_count=348936 2395 908 97 1487 601 886 133 811 471 352 327 340 266 109 157 134 81 44 240 60 61 74 100 541 457 390 186 77 204
cat_boundaries=0 3 6 8 10 13 16
cat_threshold=3456535570 21431705 6 1590112 3825258566 1 2147483648 4260881 2064 327825 1308622850 262400 4 541440 3221262336 1
is_linear=0
shrinkage=0.05


Tree=261
num_leaves=31
num_cat=7
split_feature=8 0 0 5 0 6 9 3 9 9 9 9 9 3 3 7 9 0 3 0 5 7 0 9 6 3 6 5 5 0
split_gain=0.59912 8.75071 8.21375 6.53564 7.68171 12.8093 7.81559 13.3865 5.63501 6.50744 7.271 7.00472 9.54449 9.40278 18.9834 11.6269 5.60652 16.6918 9.25668 11.7898 10.1427 7.73586 6.89228 7.48854 11.0211 11.0248 10.5062 6.25378 7.82907 5.78995
threshold=1.0000000180025095e-35 0 1 4.5000000000000009 2 6.5000000000000009 2.4650000000000003 2.5000000000000004 4.0700000000000012 3.5350000000000006 3.7300000000000004 3.2250000000000005 3.0700000000000007 4.5000000000000009 6.5000000000000009 1.0000000180025095e-35 1.7300000000000002 3 2.5000000000000004 4 8.5000000000000018 2.5000000000000004 5 3.4650000000000003 3.5000000000000004 5.5000000000000009 4.5000000000000009 11.500000000000002 6.5000000000000009 6
decision_type=2 1 1 2 1 2 2 2 2 2 2 2 2 2 2 2 2 1 2 1 2 2 1 2 2 2 2 2 2 1
left_child=1 3 -2 4 -1 6 -6 -8 9 11 -11 12 -3 15 -15 -13 -5 18 19 20 -18 27 23 24 -19 26 -26 28 -21 -20
right_child=2 8 -4 16 5 -7 7 -9 -10 10 -12 13 -14 14 -16 -17 17 22 29 21 -22 -23 -24 -25 25 -27 -28 -29 -30 -31
leaf_value=0.001033426804806751 -0.00040283384334111077 0.000233736487491386 0.00030730634064444177 -0.0007469757449275658 -0.00065314850719553133 0.039278918057680134 0.02018327610972135 -0.022558964688537853 0.021895199324935676 -0.023515324713662269 0.0042163964575872978 -0.0087070000963285574 -0.017609689200917881 -0.033419708277170473 0.031374291190877555 0.036152181960642342 -0.0044652160835422332 -0.020982958927020633 0.012025368231918729 -0.016079809473206599 -0.034408663738017473 0.033499059351161119 -0.0045536161420521833 0.015510794502638637 0.043449718765914441 -0.02365028150379658 -0.0043631398403603172 -0.024870152540859725 0.014583790524150521 0.0017250626551293621
leaf_weight=12189 62042 100144 118429 40226 13123 20 23 90 30 60 39 20 75 26 20 52 62 222 222 30 52 20 1174 21 20 28 27 21 68 361
leaf_count=12189 62042 100144 118429 40226 13123 20 23 90 30 60 39 20 75 26 20 52 62 222 222 30 52 20 1174 21 20 28 27 21 68 361
internal_value=-1.29908e-07 -6.79413e-05 6.31703e-05 -0.000505919 0.000127923 -0.000704944 -0.000765893 -0.0138592 0.000228525 0.000222076 -0.0125907 0.000234718 0.000220383 0.0124097 -0.0052484 0.0236913 -0.000885041 -0.0032707 0.00238865 -0.0055695 -0.016662 0.00440947 -0.00641477 -0.0129375 -0.0153846 0.00118642 0.0159828 -0.000108989 0.00519697 0.00588316
internal_weight=348936 168465 180471 67999 25445 13256 13236 113 100466 100436 99 100337 100219 118 46 72 42554 2328 836 253 114 139 1492 318 297 75 47 119 98 583
internal_count=348936 168465 180471 67999 25445 13256 13236 113 100466 100436 99 100337 100219 118 46 72 42554 2328 836 253 114 139 1492 318 297 75 47 119 98 583
cat_boundaries=0 3 6 8 11 13 15 17
cat_threshold=1347885485 2619343781 2 663273474 1134475266 4 1343686784 2617245728 4194604 2097824 2 292 2097664 135168 2147483904 260 2097664
is_linear=0
shrinkage=0.05


Tree=262
num_leaves=31
num_cat=13
split_feature=5 3 0 1 0 9 0 9 0 3 0 9 0 9 0 5 9 3 6 9 9 0 9 3 0 0 1 9 0 10
split_gain=0.604856 9.82025 34.6912 18.3708 19.723 21.8922 19.5811 12.2521 20.0586 10.5726 39.4972 22.223 22.103 32.2122 21.1221 17.0493 28.1892 15.6744 15.4533 26.5767 15.5589 15.0585 15.0296 14.0017 24.0105 21.1341 19.2163 18.6033 13.5941 17.6181
threshold=2.5000000000000004 6.5000000000000009 0 1 2 3.0700000000000007 3 1.0700000000000001 4 3.5000000000000004 5 1.0700000000000001 6 1.3650000000000002 7 1.5000000000000002 3.0700000000000007 4.5000000000000009 4.5000000000000009 2.9300000000000002 2.2700000000000005 8 2.4650000000000003 4.5000000000000009 9 10 11 2.2700000000000005 12 1.0000000180025095e-35
decision_type=2 2 1 1 1 2 1 2 1 2 1 2 1 2 1 2 2 2 2 2 2 1 2 2 1 1 1 2 1 2
left_child=1 9 7 6 -5 -6 -4 -3 -9 12 15 -12 22 -14 -13 16 -11 21 19 -19 -20 -16 -1 25 -25 26 -17 -27 29 -15
right_child=-2 2 3 4 5 -7 -8 8 -10 10 11 14 13 28 17 23 -18 18 20 -21 -22 -23 -24 24 -26 27 -28 -29 -30 -31
leaf_value=-0.00097503597739519914 3.0925443031707829e-05 0.0030785026199459998 0.0049958018953815521 0.00022588218414768726 -0.0086439221507570545 -0.060213306138203262 -0.0025269053278836342 0.002350280949419054 0.015128868183435269 0.0025890722038183506 -0.0012991659881054203 -0.0014662004864716589 0.00044619454261364192 0.003784712467261005 0.0045630529560208421 -0.0039736944089630187 0.038873603198401357 -0.010023422699183564 -0.0074338923015122146 -0.043496041980068213 0.034488911742932706 -0.0072092221950491274 -0.012900711948621191 0.0053491186602573834 -0.0027157945811803912 -0.00056045353043799445 -0.01887720881068769 0.036044119215673874 0.0091583729591043234 -0.020910550129007211
leaf_weight=12285 285487 2230 1680 1000 1029 21 1764 590 664 6123 9780 2284 11623 1164 419 588 54 2129 53 61 38 740 270 1664 2048 969 350 36 1716 77
leaf_count=12285 285487 2230 1680 1000 1029 21 1764 590 664 6123 9780 2284 11623 1164 419 588 54 2129 53 61 38 740 270 1664 2048 969 350 36 1716 77
internal_value=-1.08891e-07 -0.000139747 0.00139244 -0.0010848 -0.00482084 -0.00958403 0.00114655 0.0052868 0.009256 -0.000392285 -0.00108631 -0.0027456 0.000306882 0.00163048 -0.00522176 0.00108933 0.00290628 -0.00768867 -0.0101169 -0.0109558 0.0100723 -0.00297616 -0.00123052 -0.00089341 0.000906605 -0.00433225 -0.00967517 0.000743358 0.00629105 0.00223445
internal_weight=348936 63449 8978 5494 2050 1050 3444 3484 1254 54471 27336 15504 27135 14580 5724 11832 6177 3440 2281 2190 91 1159 12555 5655 3712 1943 938 1005 2957 1241
internal_count=348936 63449 8978 5494 2050 1050 3444 3484 1254 54471 27336 15504 27135 14580 5724 11832 6177 3440 2281 2190 91 1159 12555 5655 3712 1943 938 1005 2957 1241
cat_boundaries=0 2 3 6 9 11 14 17 20 22 24 26 27 30
cat_threshold=784499624 1175906329 6 2149148736 2954891490 7 1091310610 23598978 3 570589184 67545112 2995967511 746914532 6 720557203 1813365476 2 1145833536 3490748418 1 18948096 34079745 806391827 671154244 1216531 679542980 5 2147748460 14811144 5
is_linear=0
shrinkage=0.05


Tree=263
num_leaves=31
num_cat=5
split_feature=9 6 0 9 7 6 0 8 0 8 3 7 3 0 3 5 6 7 5 7 5 9 5 7 0 3 3 3 9 3
split_gain=0.59082 2.96245 2.7618 1.20516 1.10955 1.05862 1.05721 5.77834 26.8658 7.36282 9.40919 9.49913 7.30155 7.29168 7.28317 10.7471 8.13791 6.41163 8.20346 9.75511 5.99969 5.98098 5.75222 7.55166 8.20416 7.54663 6.52474 6.18425 14.0938 5.70876
threshold=0.31000000000000005 1.5000000000000002 0 0.22500000000000003 5.5000000000000009 1.0000000180025095e-35 1 4.5000000000000009 2 5.5000000000000009 3.5000000000000004 3.5000000000000004 1.5000000000000002 3 5.5000000000000009 2.5000000000000004 1.5000000000000002 1.5000000000000002 2.5000000000000004 4.5000000000000009 3.5000000000000004 1.9300000000000004 3.5000000000000004 2.5000000000000004 4 2.5000000000000004 3.5000000000000004 2.5000000000000004 1.0700000000000001 5.5000000000000009
decision_type=2 2 1 2 2 2 1 2 1 2 2 2 2 1 2 2 2 2 2 2 2 2 2 2 1 2 2 2 2 2
left_child=1 2 3 5 -4 -1 7 -2 17 14 11 12 20 -12 15 -10 -16 29 -19 -20 -11 -14 25 24 -24 -17 27 -26 -29 -9
right_child=6 -3 4 -5 -6 -7 -8 8 9 10 13 -13 21 -15 16 22 -18 18 19 -21 -22 -23 23 -25 26 -27 -28 28 -30 -31
leaf_value=0.00010562807541015616 0.00018950419191677705 -0.0035013195861480721 -0.00056981643714723725 0.00088813538207785164 0.0060262782867482661 -0.0023243341879911855 -4.8441256838116461e-05 -0.0020290035906877133 -0.026445377563618991 0.034014550894498827 0.002348204509338789 0.034304000738148509 -0.01396615419134095 -0.014587975464645532 -0.0097438052350628211 -0.016115155425809682 0.010461554776590604 -0.0060694012618981883 0.017990367269482124 -0.0083063055273322837 0.0029371756287973104 0.013911333852089369 0.0028821139318571123 -0.027628136324065345 -0.016649451452969134 0.023535992857068779 -0.025413606171717958 -0.015284983487799764 0.037430481834425815 0.0097820476825981259
leaf_weight=3753 112456 671 16662 6789 64 509 205939 404 121 25 104 26 74 159 138 21 78 65 220 42 41 26 109 62 76 28 84 32 21 137
leaf_count=3753 112456 671 16662 6789 64 509 205939 404 121 25 104 26 74 159 138 21 78 65 220 42 41 26 109 62 76 28 84 32 21 137
internal_value=-9.62776e-08 -0.000218472 -0.00013917 0.000473998 -0.000544252 -0.000184576 1.92878e-05 0.000141045 -0.00246199 -0.00719666 -0.00221271 0.00620256 0.00180113 -0.00835617 -0.0102352 -0.0132716 -0.00244743 0.0042539 0.00983029 0.0137749 0.0147089 -0.00671801 -0.00959022 -0.0116488 -0.00857208 0.00654264 -0.0139156 -0.00750727 0.00560228 0.000961965
internal_weight=348936 28448 27777 11051 16726 4262 320488 114549 2093 1225 455 192 166 263 770 554 216 868 327 262 66 100 433 384 322 49 213 129 53 541
internal_count=348936 28448 27777 11051 16726 4262 320488 114549 2093 1225 455 192 166 263 770 554 216 868 327 262 66 100 433 384 322 49 213 129 53 541
cat_boundaries=0 3 6 9 11 13
cat_threshold=106798289 3926920834 1 2032140814 23667821 6 1344274434 4259845 6 536871428 19398656 16777224 2097192
is_linear=0
shrinkage=0.05


Tree=264
num_leaves=31
num_cat=4
split_feature=6 0 7 3 3 6 9 0 8 5 8 0 8 3 9 9 5 8 9 3 9 3 0 9 5 9 7 7 8 10
split_gain=0.586375 7.46186 5.53383 8.03854 7.73323 5.46015 6.4187 8.05322 16.5678 9.62167 9.08161 6.38384 5.55788 8.85069 6.21818 5.28335 5.76326 8.8925 7.63117 7.11274 8.82149 16.7777 10.2226 7.19571 6.92552 7.25929 7.75394 6.53919 13.354 9.00821
threshold=1.5000000000000002 0 6.5000000000000009 1.5000000000000002 6.5000000000000009 2.5000000000000004 3.1550000000000007 1 1.5000000000000002 2.5000000000000004 2.5000000000000004 2 4.5000000000000009 4.5000000000000009 3.5350000000000006 1.0700000000000001 4.5000000000000009 1.0000000180025095e-35 2.0700000000000007 4.5000000000000009 2.0700000000000007 2.5000000000000004 3 1.2700000000000002 10.500000000000002 1.5350000000000004 1.0000000180025095e-35 1.5000000000000002 1.5000000000000002 1.0000000180025095e-35
decision_type=2 1 2 2 2 2 2 1 2 2 2 1 2 2 2 2 2 2 2 2 2 2 1 2 2 2 2 2 2 2
left_child=-1 5 -3 -4 -5 11 -7 8 -8 10 -9 15 13 -11 -15 -2 27 18 -18 20 22 -22 -19 -24 25 -25 -27 28 29 -17
right_child=1 2 3 4 -6 6 7 9 -10 12 -12 -13 -14 14 -16 16 17 19 -20 -21 21 -23 23 24 -26 26 -28 -29 -30 -31
leaf_value=3.9560653094819742e-05 0.00095415568219411699 -0.00041727549744195866 -0.03175975027824602 -0.0006990557554294992 -0.028489394171227669 -0.00041382121038993159 0.045047374015772031 0.0055282764802021649 0.0044307348217714473 -0.0094239395488208786 0.046464480059221387 0.00055333819550233633 -0.025725858036428691 0.00012599344287688534 0.027839153659130846 0.019805954295480738 -0.00036680618986826056 -0.0099230850782644556 -0.021782713640067314 0.011765142614371858 0.038953630935128145 -0.011256375576236419 0.021314461954664125 0.0060694167216618859 0.021456492624499585 -0.036370459802232552 0.0005180214897022936 0.001628124321146133 -0.0006587062154155759 -0.011449515020474792
leaf_weight=253863 2055 59314 31 183 29 14886 38 42 74 120 20 16070 25 48 35 296 550 165 45 326 41 28 59 75 33 28 29 252 151 25
leaf_count=253863 2055 59314 31 183 29 14886 38 42 74 120 20 16070 25 48 35 296 550 165 45 326 41 28 59 75 33 28 29 252 151 25
internal_value=-1.04937e-07 -0.00010602 -0.000448049 -0.00797807 -0.00450056 0.000467527 -0.00024546 0.00598893 0.0167186 0.00122625 0.0187335 0.00100662 -0.00348071 -0.000741156 0.0118123 0.00275054 0.00451901 0.00262243 -0.0019865 0.00612027 0.0021023 0.0185786 -0.000820222 0.00605758 0.000969214 -0.00415261 -0.0176026 0.00813142 0.0116035 0.0173717
internal_weight=348936 95073 59557 243 212 35516 15288 402 112 290 62 20228 228 203 83 4158 2103 1379 595 784 458 69 389 224 165 132 57 724 472 321
internal_count=348936 95073 59557 243 212 35516 15288 402 112 290 62 20228 228 203 83 4158 2103 1379 595 784 458 69 389 224 165 132 57 724 472 321
cat_boundaries=0 3 6 8 10
cat_threshold=143675960 2526402563 6 0 33822720 2 1048576 1148928 0 1114112
is_linear=0
shrinkage=0.05


Tree=265
num_leaves=31
num_cat=7
split_feature=9 0 8 9 7 8 6 7 8 8 5 8 0 7 0 9 7 9 0 0 9 7 3 6 6 9 0 9 1 8
split_gain=0.569413 2.49868 5.67005 5.05111 22.3727 18.6642 10.0384 5.08656 5.05735 5.00938 4.76977 4.64344 16.216 8.74063 8.36335 8.42722 8.3621 13.9253 14.6805 14.0987 12.9936 26.7754 20.5089 14.3483 12.4698 11.3578 11.0877 10.3654 8.39854 16.8877
threshold=1.0700000000000001 0 7.5000000000000009 3.7300000000000004 2.5000000000000004 1.5000000000000002 1.5000000000000002 1.5000000000000002 2.5000000000000004 9.5000000000000018 5.5000000000000009 1.5000000000000002 1 5.5000000000000009 2 3.9300000000000002 1.5000000000000002 1.2700000000000002 3 4 1.8450000000000004 2.5000000000000004 4.5000000000000009 1.5000000000000002 1.5000000000000002 3.0700000000000007 5 2.5350000000000006 6 1.0000000180025095e-35
decision_type=2 1 2 2 2 2 2 2 2 2 2 2 1 2 1 2 2 2 1 1 2 2 2 2 2 2 1 2 1 2
left_child=-1 3 11 -2 6 -6 -5 8 10 -4 -8 14 13 -13 15 -3 28 19 20 -18 -19 22 24 -24 -22 26 -23 -25 29 -16
right_child=1 2 9 4 5 -7 7 -9 -10 -11 -12 12 -14 -15 16 -17 17 18 -20 -21 21 25 23 27 -26 -27 -28 -29 -30 -31
leaf_value=-4.8986845064542182e-05 -0.00017170973078210663 0.0015625093029539205 -0.015493595449273321 -0.0099329226353967737 0.015569359379319046 -0.040357255317004667 0.025707165601973732 0.043805630151473457 0.039904966249707199 0.0120132099930197 -0.0065243414306843835 -0.0020382877019482159 0.00070523939708110191 -0.01470517330675674 0.00036512578502521584 -0.026926673977420879 0.0066472770957175928 -0.0015177621675313987 -0.0040825568775955017 -0.0014565366593539779 0.042854682870114909 -0.017727510827327413 -0.018056952180165165 0.0049041996115388783 0.016765999278788447 0.021652106477356541 0.0015446620090503475 0.044609987176954746 -4.200477151605881e-05 0.0055662096578985047
leaf_weight=220079 61333 15912 96 22 26 35 24 32 21 20 22 6735 13116 139 4869 26 987 1662 4263 1160 79 116 53 65 109 41 186 22 15389 2297
leaf_count=220079 61333 15912 96 22 26 35 24 32 21 20 22 6735 13116 139 4869 26 987 1662 4263 1160 79 116 53 65 109 41 186 22 15389 2297
internal_value=-1.13119e-07 8.33599e-05 0.00029377 -0.000147005 0.00817031 -0.0165197 0.0206173 0.0274063 0.0195737 -0.010751 0.0102921 0.000312872 -0.000325909 -0.00229109 0.0005832 0.00151508 0.000108134 -0.00120452 -0.00234298 0.00229305 0.000849548 0.0067258 0.0169396 0.00245124 0.0277288 -0.00304133 -0.00639375 0.0149447 0.000617005 0.00202946
internal_weight=348936 128857 67342 61515 182 61 121 99 67 116 46 67226 19990 6874 47236 15938 31298 8743 6596 2147 2333 671 328 140 188 343 302 87 22555 7166
internal_count=348936 128857 67342 61515 182 61 121 99 67 116 46 67226 19990 6874 47236 15938 31298 8743 6596 2147 2333 671 328 140 188 343 302 87 22555 7166
cat_boundaries=0 3 5 7 10 12 15 16
cat_threshold=1169482580 1767286927 2 3104 2248741424 33557536 2248737328 134221952 2117696 4 2420838400 8393984 0 20480 4 2
is_linear=0
shrinkage=0.05


Tree=266
num_leaves=31
num_cat=6
split_feature=3 0 9 5 9 5 8 0 9 5 9 6 5 3 0 3 9 5 0 0 7 9 9 3 8 9 9 0 8 10
split_gain=0.567187 6.39542 9.24736 26.8587 7.30843 9.25895 7.25775 26.1035 13.4857 10.5699 10.3022 9.77972 10.1977 8.67749 8.61808 7.67525 7.39657 12.2173 27.465 20.0011 13.9084 12.712 10.4527 16.4238 34.364 12.0684 11.9825 11.6106 11.4931 11.5716
threshold=3.5000000000000004 0 3.7900000000000005 5.5000000000000009 3.6900000000000004 4.5000000000000009 4.5000000000000009 1 2.0700000000000007 11.500000000000002 0.84500000000000008 2.5000000000000004 4.5000000000000009 4.5000000000000009 2 4.5000000000000009 1.155 2.5000000000000004 3 4 1.5000000000000002 3.2250000000000005 1.9300000000000004 4.5000000000000009 1.0000000180025095e-35 1.8450000000000004 2.0700000000000007 5 1.0000000180025095e-35 1.0000000180025095e-35
decision_type=2 1 2 2 2 2 2 1 2 2 2 2 2 2 1 2 2 2 1 1 2 2 2 2 2 2 2 1 2 2
left_child=-1 2 4 -4 6 -6 16 8 13 10 -9 12 -12 -8 -15 -14 -2 18 22 20 -19 -20 25 24 -24 27 -25 28 -18 -30
right_child=1 -3 3 -5 5 -7 7 9 -10 -11 11 -13 15 14 -16 -17 17 19 21 -21 -22 -23 23 26 -26 -27 -28 -29 29 -31
leaf_value=-7.3736869033502142e-05 0.00015878853598132658 -0.00019989996517324966 -0.03946806492570501 0.013610580809075724 -0.0037148094602993558 0.041746497262890148 -0.0088473927335710172 -0.0017203966224769831 0.01730705567233724 0.0083757820342165914 -0.0094210784833153923 -0.0025549147030687891 -0.039547443878489422 0.010108269120577131 -0.0031658077770724703 -0.019515254284244055 -0.0093744585119612239 0.0051257318596895154 -0.0039376288380531844 0.00041316486143299768 0.00052649365523983239 -0.037802275376660484 0.019608602474133176 -0.014247956699452913 -0.047358662872311642 0.020772465644031762 0.0089916030502839323 0.0087323513215239647 0.002480593113308182 0.0388532762376902
leaf_weight=149544 63936 110112 52 44 21 24 180 216 146 78 180 128 67 254 224 167 237 5339 2690 11488 2375 28 30 78 53 125 192 658 246 24
leaf_count=149544 63936 110112 52 44 21 24 180 216 146 78 180 128 67 254 224 167 237 5339 2690 11488 2375 28 30 78 53 125 192 658 246 24
internal_value=-1.28115e-07 5.50785e-05 0.000369533 -0.0151404 0.00038627 0.0205312 0.0003761 -0.00291937 0.00351607 -0.00904237 -0.010954 -0.0146339 -0.0183684 0.000509504 0.00403302 -0.025251 0.000437867 0.00119512 -0.00119391 0.0017377 0.00370491 -0.00427078 0.00389838 -0.00370171 -0.0231536 0.00600832 0.00227795 0.00442418 -0.00131343 0.00571372
internal_weight=348936 199392 89280 96 89184 45 89139 1640 804 836 758 542 414 658 478 234 87499 23563 4361 19202 7714 2718 1643 353 83 1290 270 1165 507 270
internal_count=348936 199392 89280 96 89184 45 89139 1640 804 836 758 542 414 658 478 234 87499 23563 4361 19202 7714 2718 1643 353 83 1290 270 1165 507 270
cat_boundaries=0 3 6 9 12 15 18
cat_threshold=16941950 728573054 6 16941398 138477574 6 2 138477574 6 163944 134479948 6 16777754 38282272 4 163848 8 2
is_linear=0
shrinkage=0.05


Tree=267
num_leaves=31
num_cat=6
split_feature=6 0 6 9 9 3 7 7 3 8 8 9 5 3 0 1 0 3 8 7 0 5 0 9 9 8 7 9 7 3
split_gain=0.577615 3.18142 5.16792 10.8357 10.0849 11.029 9.89783 9.26197 17.6754 7.27309 7.23906 6.95587 9.01793 7.03692 11.5208 10.7466 20.318 12.0001 11.5965 11.5157 11.0565 10.9319 9.58987 18.2764 8.71971 8.65511 9.19661 8.93895 8.26478 7.86803
threshold=1.0000000180025095e-35 0 1.5000000000000002 3.3650000000000007 2.6900000000000004 3.5000000000000004 1.5000000000000002 3.5000000000000004 2.5000000000000004 2.5000000000000004 3.5000000000000004 2.4150000000000005 1.5000000000000002 2.5000000000000004 1 2 3 4.5000000000000009 1.0000000180025095e-35 1.0000000180025095e-35 4 2.5000000000000004 5 1.6900000000000002 1.5350000000000004 1.0000000180025095e-35 1.5000000000000002 1.9300000000000004 2.5000000000000004 4.5000000000000009
decision_type=2 1 2 2 2 2 2 2 2 2 2 2 2 2 1 1 1 2 2 2 1 2 1 2 2 2 2 2 2 2
left_child=-1 2 3 4 11 7 9 8 -6 -7 -8 13 -13 14 -2 16 17 24 -18 20 29 -19 23 -21 -15 27 -27 -25 -20 -17
right_child=1 -3 -4 -5 5 6 10 -9 -10 -11 -12 12 -14 15 -16 19 18 21 28 22 -22 -23 -24 25 -26 26 -28 -29 -30 -31
leaf_value=6.723664920510915e-05 -0.0026406194825173554 8.4436085726967601e-05 8.5612968947809133e-05 -0.024336570428627337 0.0031775563886320152 0.049307761640589254 -0.0012799528137337967 0.023727100683997075 -0.050882728504283097 0.011882773041725159 0.03163717356307999 0.020889272391796113 -0.014746805744339961 0.014125699714685865 0.0015905718031886122 -0.0069975676782472324 -0.038048354376172815 0.03473068349365447 -0.0051048292826018195 0.0011280919971080518 -0.00091776619477434019 0.0034850734273862583 -0.001229197831602454 0.017519692627366825 -0.019309482704370454 -0.007604136175058525 0.020675995825838886 0.050453341991773676 -0.024674551904703794 -0.0025267664945895214
leaf_weight=166508 2212 122530 31172 49 54 34 61 24 21 21 23 20 158 26 5822 1659 57 37 137 3859 5667 115 5863 78 78 58 57 28 89 2419
leaf_count=166508 2212 122530 31172 49 54 34 61 24 21 21 23 20 158 26 5822 1659 57 37 137 3859 5667 115 5863 78 78 58 57 28 89 2419
internal_value=-9.89426e-08 -6.15583e-05 -0.000360165 -0.000844026 -0.000803885 0.00944572 0.0185294 -0.00330807 -0.0119593 0.0350182 0.00773307 -0.000889661 -0.0107428 -0.000827602 0.000424292 -0.00132484 -0.00822806 0.00205619 -0.0172838 -0.0011311 -0.00235314 0.0110909 6.54681e-05 0.00192421 -0.0109507 0.0159128 0.00641297 0.0262191 -0.0128115 -0.00433493
internal_weight=348936 182428 59898 28726 28677 238 139 99 75 55 84 28439 178 28261 8034 20227 539 256 283 19688 9745 152 9943 4080 104 221 115 106 226 4078
internal_count=348936 182428 59898 28726 28677 238 139 99 75 55 84 28439 178 28261 8034 20227 539 256 283 19688 9745 152 9943 4080 104 221 115 106 226 4078
cat_boundaries=0 3 6 7 10 12 15
cat_threshold=12619802 2261702913 4 4227072 67109121 4 8 8425480 2185773312 4 12587026 2151972864 12615680 2214854913 4
is_linear=0
shrinkage=0.05


Tree=268
num_leaves=31
num_cat=6
split_feature=6 0 6 7 0 7 3 9 1 0 9 5 9 9 3 9 7 7 7 1 7 9 9 0 3 9 9 8 8 8
split_gain=0.61568 6.86353 8.02755 8.41716 8.48814 7.59397 6.19931 23.59 8.20219 6.06346 6.81574 5.9018 8.72865 10.5067 11.1231 5.73987 19.0686 5.66324 5.59607 5.43027 5.73287 6.74805 5.37573 9.04501 24.9484 24.2319 12.3304 10.2942 7.62925 7.21743
threshold=1.5000000000000002 0 2.5000000000000004 1.0000000180025095e-35 1 7.5000000000000009 1.5000000000000002 1.8450000000000004 2 3 2.5350000000000006 4.5000000000000009 1.6900000000000002 2.4150000000000005 4.5000000000000009 2.2700000000000005 1.5000000000000002 5.5000000000000009 3.5000000000000004 4 4.5000000000000009 1.4150000000000003 1.5350000000000004 5 6.5000000000000009 2.5350000000000006 3.0700000000000007 2.5000000000000004 4.5000000000000009 3.5000000000000004
decision_type=2 1 2 2 1 2 2 2 1 1 2 2 2 2 2 2 2 2 2 1 2 2 2 1 2 2 2 2 2 2
left_child=-1 2 3 9 11 19 7 -6 -8 10 -2 12 -5 -14 -15 -13 -17 22 -18 -4 -21 -22 29 24 25 27 28 -24 -25 -10
right_child=1 -3 5 4 6 -7 8 -9 17 -11 -12 15 13 14 -16 16 18 -19 -20 20 21 -23 23 26 -26 -27 -28 -29 -30 -31
leaf_value=4.0546218319856227e-05 -0.0023740050824205446 0.0001193466987065497 0.0016514062122535236 0.00017868589815300177 -0.0026946110702307617 -0.02787467285525054 -0.0046350736523095536 -0.035503478035811456 -0.00087568535405367219 0.0007648379537450843 -0.030368317155675457 -0.0064631249892913344 -0.019275242901657389 0.029405491150639673 -0.017376726415629189 0.016352968648076057 -0.047988183672229456 -0.01967480488290841 -0.015510270283335731 -0.00059590663285049694 -0.00069435580749996014 -0.03099175902521786 0.0070935936986592481 0.0047434352222815394 -0.018598346190097242 0.062515611708934965 -0.035067559920450249 0.036073881932176081 -0.025949423668101768 0.01478157075025238
leaf_weight=253863 1859 73822 4053 765 471 24 932 62 1668 3879 22 1475 134 27 24 25 36 33 21 5027 40 34 143 254 52 29 24 39 22 77
leaf_count=253863 1859 73822 4053 765 471 24 932 62 1668 3879 22 1475 134 27 24 25 36 33 21 5027 40 34 143 254 52 29 24 39 22 77
internal_value=-9.84569e-08 -0.000108627 -0.0009002 -0.00174793 -0.00300899 0.000213941 -0.00150653 -0.00651103 -0.000696163 -0.000365785 -0.00268714 -0.00526295 -0.00217819 -0.0119242 0.00739033 -0.00717892 -0.0200545 0.000888004 -0.0360226 0.000287584 -0.000797714 -0.0146148 0.00118586 0.00543415 0.0119674 0.0200674 -0.000669923 0.0133037 0.0022969 -0.000184792
internal_weight=348936 95073 21251 12073 6313 9178 3806 533 3273 5760 1881 2507 950 185 51 1557 82 2341 57 9154 5101 74 2308 563 263 211 300 182 276 1745
internal_count=348936 95073 21251 12073 6313 9178 3806 533 3273 5760 1881 2507 950 185 51 1557 82 2341 57 9154 5101 74 2308 563 263 211 300 182 276 1745
cat_boundaries=0 2 4 5 7 8 10
cat_threshold=2152205444 1090659664 2152202240 9232 4 1152 16908544 12 3072 131136
is_linear=0
shrinkage=0.05


Tree=269
num_leaves=31
num_cat=2
split_feature=6 9 7 5 5 9 5 6 0 9 9 8 5 7 8 5 2 3 5 7 7 9 3 6 8 5 9 3 5 7
split_gain=0.578778 0.619032 11.074 14.4032 6.21851 10.9481 8.06818 0.621382 15.2085 9.28305 5.3391 5.60615 5.48009 12.199 4.14531 3.94926 3.65247 7.17749 9.28522 9.1067 3.552 5.31489 3.90087 3.35155 3.32132 3.14251 0.96498 0.890661 2.50464 2.10575
threshold=9.5000000000000018 4.0700000000000012 2.5000000000000004 10.500000000000002 6.5000000000000009 4.4650000000000007 3.5000000000000004 6.5000000000000009 0 1.9300000000000004 1.8450000000000004 2.5000000000000004 10.500000000000002 1.5000000000000002 3.5000000000000004 3.5000000000000004 1 4.5000000000000009 4.5000000000000009 1.5000000000000002 3.5000000000000004 3.3650000000000007 5.5000000000000009 7.5000000000000009 3.5000000000000004 5.5000000000000009 2.6900000000000004 2.5000000000000004 3.5000000000000004 1.0000000180025095e-35
decision_type=2 2 2 2 2 2 2 2 1 2 2 2 2 2 2 2 1 2 2 2 2 2 2 2 2 2 2 2 2 2
left_child=1 7 4 -4 6 -6 -3 -1 9 15 -10 12 16 -14 23 -9 17 18 -12 -19 21 22 24 25 -13 26 -11 -18 -29 -30
right_child=-2 2 3 -5 5 -7 -8 8 10 14 11 20 13 -15 -16 -17 27 19 -20 -21 -22 -23 -24 -25 -26 -27 -28 28 29 -31
leaf_value=2.2557875928438205e-06 -0.0062532952558752661 0.0028867592290043832 -0.033324403384406315 0.016806820836728034 -0.018108809651697384 0.028512138491496444 0.037995717713298904 0.017546440064907073 -0.0056817133851507877 -0.031556375306099657 0.011928305786944204 0.0018452522281289998 -0.021903923636254593 0.018757405914366247 -0.0017297776105503243 -0.0071428230113309357 0.02681996657612867 0.0028047337489468713 -0.0277937986222761 0.045099130161106588 -0.018093413623670739 0.022691550996640455 0.011881996820179317 -0.012616301555998433 -0.021643971306655338 -0.019247378239079432 -0.046573423140722776 0.0059519414782464031 0.035295470123705659 0.015706675565418073
leaf_weight=347915 37 30 38 23 34 20 36 25 141 20 31 27 39 35 24 46 35 35 28 20 30 23 26 39 34 34 23 31 23 34
leaf_count=347915 37 30 38 23 34 20 36 25 141 20 31 27 39 35 24 46 35 35 28 20 30 23 26 39 34 34 23 31 23 34
internal_value=-9.65415e-08 5.66597e-07 0.00292388 -0.0144225 0.0117416 -0.000841792 0.0220371 -9.50729e-07 -0.00139023 -0.01258 0.00276383 0.00546552 0.00920575 -0.00267221 -0.0206448 0.00155058 0.0129145 0.00477177 -0.00692286 0.0181845 -0.00284313 0.00131604 -0.00433496 -0.0245583 -0.0112471 -0.0306068 -0.0395887 0.0185641 0.0173901 0.0236109
internal_weight=348936 348899 181 61 120 54 66 348718 803 211 592 451 311 74 140 71 237 114 59 55 140 110 87 116 61 77 43 123 88 57
internal_count=348936 348899 181 61 120 54 66 348718 803 211 592 451 311 74 140 71 237 114 59 55 140 110 87 116 61 77 43 123 88 57
cat_boundaries=0 2 3
cat_threshold=167838032 2200127760 42
is_linear=0
shrinkage=0.05


Tree=270
num_leaves=31
num_cat=4
split_feature=9 6 0 6 0 9 0 8 8 7 5 8 9 3 9 8 9 3 3 9 3 5 8 5 0 9 3 3 9 8
split_gain=0.566788 0.609865 6.43762 4.96525 5.88361 5.78693 7.71395 9.92534 9.86888 14.5834 10.2533 7.5682 5.28654 8.27707 7.21354 14.1708 14.289 7.16632 5.84555 10.6068 5.61986 9.68008 14.7251 14.7193 5.13163 8.88296 7.97521 8.48417 10.6833 14.9905
threshold=1.0000000180025095e-35 1.5000000000000002 0 2.5000000000000004 1 3.1550000000000007 2 1.5000000000000002 1.5000000000000002 2.5000000000000004 5.5000000000000009 1.0000000180025095e-35 1.0700000000000001 4.5000000000000009 2.0700000000000007 1.0000000180025095e-35 2.5350000000000006 2.5000000000000004 2.5000000000000004 1.9300000000000004 3.5000000000000004 4.5000000000000009 1.0000000180025095e-35 10.500000000000002 3 1.8450000000000004 3.5000000000000004 1.5000000000000002 2.6900000000000004 1.0000000180025095e-35
decision_type=2 2 1 2 1 2 1 2 2 2 2 2 2 2 2 2 2 2 2 2 2 2 2 2 1 2 2 2 2 2
left_child=-1 -2 3 4 12 24 7 11 9 10 -8 -7 -3 14 18 -16 17 -17 -14 20 21 22 -20 -23 25 -5 27 28 29 -27
right_child=1 2 -4 5 -6 6 8 -9 -10 -11 -12 -13 13 -15 15 16 -18 -19 19 -21 -22 23 -24 -25 -26 26 -28 -29 -30 -31
leaf_value=-0.00077035955643895934 4.5961696270911948e-05 0.00083839679729635734 -0.00042038533681834308 -0.0005888716035801206 0.00056386477000322358 -0.0041640017913388352 0.026821183002530002 0.0079073656518317634 0.0025785276881281848 0.046338604715390086 -0.009673040585690424 -0.042427388749395806 -0.0039712538969258774 0.0088768586799408029 -0.016647890706857047 0.056440097391605382 0.0014245555170678669 0.017800953686237336 0.051514922300261924 -0.026659803925297012 0.000552963278180239 -0.0030829695255008781 0.0022170274036138189 0.03874819751184147 0.0002262348521539647 -0.025038649370738617 -0.0094606787315381757 0.0035480421910655093 -0.038175238514768672 0.012179746698107452
leaf_weight=2372 251491 1634 59557 3661 16894 28 39 61 173 39 38 24 424 723 30 30 42 20 33 26 208 110 28 26 10137 48 619 330 29 62
leaf_count=2372 251491 1634 59557 3661 16894 28 39 61 173 39 38 24 424 723 30 30 42 20 33 26 208 110 28 26 10137 48 619 330 29 62
internal_value=-9.17171e-08 5.18025e-06 -0.000102696 0.000430035 0.000944114 -0.000249876 0.00566975 -0.00530488 0.00980516 0.0214281 0.00881105 -0.021824 0.00286064 0.00482119 0.00181992 0.0131936 0.0229245 0.0409844 0.000197012 0.00429758 0.00628497 0.012337 0.0288864 0.00491417 -0.000409738 -0.00176402 -0.00573447 -0.000816501 -0.0111784 -0.00406101
internal_weight=348936 346564 95073 35516 20228 15288 402 113 289 116 77 52 3334 1700 977 122 92 50 855 431 405 197 61 136 14886 4749 1088 469 139 110
internal_count=348936 346564 95073 35516 20228 15288 402 113 289 116 77 52 3334 1700 977 122 92 50 855 431 405 197 61 136 14886 4749 1088 469 139 110
cat_boundaries=0 3 5 8 10
cat_threshold=143675960 2526402563 6 0 1148928 1048584 8421378 4 142606336 34719744
is_linear=0
shrinkage=0.05


Tree=271
num_leaves=31
num_cat=6
split_feature=8 0 0 8 0 0 7 10 9 9 8 3 7 9 3 6 5 1 6 8 6 7 9 7 6 1 9 8 5 9
split_gain=0.554039 8.05721 7.59749 7.08023 9.24723 8.31785 9.49057 7.07067 22.9086 13.3345 9.25751 18.8924 8.97556 7.56875 6.4523 5.83648 5.60996 10.0212 12.3535 11.2997 10.1515 11.2667 9.01357 8.69663 9.68471 8.49359 11.2864 8.5676 8.51302 7.67834
threshold=1.0000000180025095e-35 0 1 1.5000000000000002 2 3 6.5000000000000009 1.0000000180025095e-35 2.5350000000000006 1.8450000000000004 2.5000000000000004 4.5000000000000009 1.0000000180025095e-35 3.6900000000000004 4.5000000000000009 5.5000000000000009 4.5000000000000009 4 2.5000000000000004 3.5000000000000004 1.5000000000000002 3.5000000000000004 1.8450000000000004 1.0000000180025095e-35 1.0000000180025095e-35 5 2.0700000000000007 5.5000000000000009 5.5000000000000009 2.2700000000000005
decision_type=2 1 1 2 1 1 2 2 2 2 2 2 2 2 2 2 2 1 2 2 2 2 2 2 2 1 2 2 2 2
left_child=1 -1 3 5 16 15 -7 13 9 -9 11 -11 -12 -6 -15 -2 17 18 19 20 21 23 -19 -5 -25 27 -27 28 -18 -22
right_child=2 -3 -4 4 7 6 -8 8 -10 10 12 -13 -14 14 -16 -17 25 22 -20 -21 29 -23 -24 24 -26 26 -28 -29 -30 -31
leaf_value=0.00046479067806411817 -0.0025371623627593286 -0.00029082928754231861 0.0002650305901355378 -0.0077366939701494723 -0.00037801575195099506 -0.00049558125447717375 0.026344555531713096 -0.0041631040661768964 -0.032793960542502727 0.024646315956488252 -0.002381572611629963 -0.039992165379226209 0.037610542750421992 0.0018261824594810608 0.031222576352634604 0.014774130577487605 -0.017476675156542085 -0.00071607776522553959 -0.0034672357768205739 0.00092979287373200637 0.018094736295752228 -0.015369775130473559 -0.01347999898138745 0.0064541323683582818 0.046740439068526034 0.0025495553635399852 0.022750913200101683 0.014731623750518669 -0.0020864443197167724 0.049075245391577482
leaf_weight=50280 7675 118185 129241 21 15323 16821 33 1183 66 26 20 20 47 40 35 49 122 3000 203 131 40 31 145 26 35 5632 70 55 341 40
leaf_count=50280 7675 118185 129241 21 15323 16821 33 1183 66 26 20 20 47 40 35 49 122 3000 203 131 40 31 145 26 35 5632 70 55 341 40
internal_value=-8.65955e-08 -6.52969e-05 6.07855e-05 -0.000454439 0.000109941 -0.00106663 -0.000442766 -0.000605535 -0.00405898 -0.00259562 0.0138144 -0.00345737 0.0256726 -0.000300461 0.0155445 -0.0024242 0.00132145 -0.000226931 0.00608853 0.0122636 0.0199564 0.0103079 -0.00130042 0.0200153 0.0295692 0.00223766 0.00279266 -0.00385112 -0.00614175 0.033585
internal_weight=348936 168465 180471 51230 26652 24578 16854 16760 1362 1296 113 46 67 15398 75 7724 9892 3672 527 324 193 113 3145 82 61 6220 5702 518 463 80
internal_count=348936 168465 180471 51230 26652 24578 16854 16760 1362 1296 113 46 67 15398 75 7724 9892 3672 527 324 193 113 3145 82 61 6220 5702 518 463 80
cat_boundaries=0 3 6 8 10 11 12
cat_threshold=789086722 1125032002 4 654884866 1092528130 4 83918850 1083392 67141634 1074823168 8 8
is_linear=0
shrinkage=0.05


Tree=272
num_leaves=31
num_cat=9
split_feature=9 0 6 6 9 6 0 8 3 3 0 0 5 8 3 0 9 0 7 3 0 8 8 5 6 7 3 0 0 7
split_gain=0.53142 4.89162 2.40743 1.78996 1.56656 1.57221 1.47637 1.913 1.87446 1.39022 8.0973 3.18487 3.95751 2.36185 2.34545 2.97152 4.33935 2.21971 2.17561 5.10816 3.44527 2.07419 2.00795 2.67954 2.33496 2.30429 2.12176 3.26248 1.98768 1.85638
threshold=0.53500000000000003 0 2.5000000000000004 2.5000000000000004 0.36500000000000005 1.0000000180025095e-35 1 2.5000000000000004 1.5000000000000002 5.5000000000000009 2 3 11.500000000000002 3.5000000000000004 3.5000000000000004 4 0.36500000000000005 5 2.5000000000000004 2.5000000000000004 6 1.0000000180025095e-35 1.5000000000000002 9.5000000000000018 1.0000000180025095e-35 1.0000000180025095e-35 1.5000000000000002 7 8 4.5000000000000009
decision_type=2 1 2 2 2 2 1 2 2 2 1 1 2 2 2 1 2 1 2 2 1 2 2 2 2 2 2 1 1 2
left_child=1 3 9 4 5 6 7 -1 -9 11 -11 -3 14 18 15 -13 -17 -16 20 -20 -14 -21 -18 26 25 -25 -24 -28 -12 -19
right_child=-2 2 -4 -5 -6 -7 -8 8 -10 10 28 12 13 -15 17 16 22 29 19 21 -22 -23 23 24 -26 -27 27 -29 -30 -31
leaf_value=0.00084103546440458831 2.7283898716851118e-05 0.00032138065006124855 -0.0061343334060400094 -0.0062400842442958048 0.00093332875180223871 -0.0011720197742075237 -0.00012278364464151582 0.015276050519866823 0.0035209956889649709 0.0004987482711490465 -0.0046970182967026528 -0.00056792187555404104 0.004252200041613227 0.015221071166119406 -0.0023995769045959433 -0.00084769176813301891 -0.005174219959014131 0.0004014093760846281 0.020413404573895497 0.0082921798527240756 -0.002588601378776448 -0.011694642573733021 -0.0049061303499384201 -0.023176822790077756 0.0031406775690042059 -0.0037358159268343892 -0.0035498842654764192 0.0070813206101165097 -0.0019030206965392025 -0.009922416637312961
leaf_weight=2723 291585 12195 188 99 10427 2055 5449 39 260 4984 747 3751 374 35 923 1879 1434 4199 49 25 345 27 138 35 26 27 119 160 4595 44
leaf_count=2723 291585 12195 188 99 10427 2055 5449 39 260 4984 747 3751 374 35 923 1879 1434 4199 49 25 345 27 138 35 26 27 119 160 4595 44
internal_value=-8.16371e-08 -0.000139214 -0.000490807 0.000467032 0.000498946 6.86479e-05 0.000369624 0.00125375 0.00505426 -0.000461561 -0.000951802 -0.000265237 -0.000791294 0.00250109 -0.00101296 -0.00157354 -0.00255334 -0.000191613 0.00195817 0.00882976 0.000992895 -0.00208559 -0.00421938 -0.00150803 -0.00943634 -0.0147106 0.000165092 0.00267344 -0.00230177 0.000293659
internal_weight=348936 57351 36299 21052 20953 10526 8471 3022 299 36111 10326 25785 13590 855 12735 7569 3818 5166 820 101 719 52 1939 505 88 62 417 279 5342 4243
internal_count=348936 57351 36299 21052 20953 10526 8471 3022 299 36111 10326 25785 13590 855 12735 7569 3818 5166 820 101 719 52 1939 505 88 62 417 279 5342 4243
cat_boundaries=0 3 6 9 12 15 17 20 21 24
cat_threshold=193606760 1179190962 1 34078784 1107296898 1 3224699410 2703655180 4 335577239 277895501 2 1077953280 2283839488 4 4194560 40960 1616972032 17072128 4 2148861952 0 268439552 2
is_linear=0
shrinkage=0.05


Tree=273
num_leaves=31
num_cat=9
split_feature=3 10 0 9 0 5 8 0 0 8 0 9 7 5 5 0 0 9 5 9 0 5 9 6 5 7 9 9 0 5
split_gain=0.53278 12.8955 23.0997 19.4526 12.1441 11.8836 12.504 18.1337 16.136 10.6221 11.9295 10.4097 11.5686 10.1588 23.5158 28.0551 11.4907 12.4086 29.3986 10.3477 9.76565 9.62993 9.98697 14.459 21.6162 12.9571 9.01489 11.4058 79.7983 28.1095
threshold=1.5000000000000002 1.0000000180025095e-35 0 2.0700000000000007 1 9.5000000000000018 1.0000000180025095e-35 2 3 1.5000000000000002 4 0.53500000000000003 4.5000000000000009 7.5000000000000009 8.5000000000000018 5 6 1.6900000000000002 3.5000000000000004 1.6900000000000002 7 5.5000000000000009 0.93000000000000005 1.0000000180025095e-35 2.5000000000000004 2.5000000000000004 3.7900000000000005 2.2700000000000005 8 1.5000000000000002
decision_type=2 2 1 2 1 2 2 1 1 2 1 2 2 2 2 1 1 2 2 2 1 2 2 2 2 2 2 2 1 2
left_child=1 4 9 11 5 6 7 -1 21 20 -11 -4 13 16 -15 -16 -13 -18 -19 -17 -3 22 -8 24 -24 -25 27 -6 -29 -30
right_child=-2 2 3 -5 26 -7 8 -9 -10 10 -12 12 -14 14 15 19 17 18 -20 -21 -22 -23 23 25 -26 -27 -28 28 29 -31
leaf_value=-0.0017890507574925411 -2.5305751967079952e-05 -0.0044139454916683734 -0.0033109008999379695 0.025135229584262814 0.00075701685853188231 -0.0033778380453550472 -0.0035152648872853009 0.0032837018201109128 -9.1674988286329323e-05 -0.015709709629557932 6.6963985791378339e-05 -0.0016693194594046416 -0.021452080282486147 0.03546063330384993 -0.0059406481148683438 0.015042968432920245 0.0066964595833540726 0.070978548644110559 -0.0057007444333285091 0.047920227709871074 0.0043433280186528887 -0.0013667503241228736 -0.0029497716767886255 -0.0031414117215604696 -0.03315981659474538 -0.02370710038149389 0.029479657630953528 0.013704449501632812 0.015055925748310984 -0.022604617834264457
leaf_weight=3068 299088 511 311 129 25837 4256 806 4115 5003 227 252 471 36 93 213 301 590 25 25 26 810 1128 97 434 152 93 27 326 56 430
leaf_count=3068 299088 511 311 129 25837 4256 806 4115 5003 227 252 471 36 93 213 301 590 25 25 26 810 1128 97 434 152 93 27 326 56 430
internal_value=-8.28262e-08 0.000151255 0.00286655 0.00626338 -8.69291e-05 -0.00104721 -0.000382018 0.00111911 -0.00178 -0.00135016 -0.00773624 0.00512907 0.00660369 0.00718283 0.0122384 0.00823906 0.00430235 0.00858901 0.0326389 0.0171331 0.000955233 -0.00487851 -0.00741331 -0.0114621 -0.0213912 -0.00677065 0.000602669 0.000573638 -0.00526128 -0.0178969
internal_weight=348936 49848 4020 2220 45828 19152 14896 7183 7713 1800 479 2091 1780 1744 633 540 1111 640 50 327 1321 2710 1582 776 249 527 26676 26649 812 486
internal_count=348936 49848 4020 2220 45828 19152 14896 7183 7713 1800 479 2091 1780 1744 633 540 1111 640 50 327 1321 2710 1582 776 249 527 26676 26649 812 486
cat_boundaries=0 3 6 9 11 14 16 19 21 24
cat_threshold=995371716 1399483696 4 2953521794 3617337422 1 268574848 2156929094 1 2684422144 1124339720 542375940 1363682592 4 69239074 2147844804 3297264664 538181641 3 151003716 37890080 1150550125 134318336 2
is_linear=0
shrinkage=0.05


Tree=274
num_leaves=31
num_cat=12
split_feature=3 1 0 5 0 0 6 6 0 9 0 9 9 9 9 9 8 8 9 0 5 0 7 0 1 0 6 0 6 3
split_gain=0.552128 6.36215 18.7082 11.5679 12.1582 10.6597 9.82966 20.0527 25.4186 14.5212 11.451 16.2148 10.9316 10.9612 10.9244 9.38052 11.1941 11.8039 9.06541 19.0166 13.2421 19.7694 17.8888 37.5094 14.8203 14.4717 15.1524 13.2831 12.8949 12.2792
threshold=3.5000000000000004 0 1 10.500000000000002 2 3 2.5000000000000004 1.5000000000000002 4 2.2700000000000005 5 2.2700000000000005 2.8450000000000002 3.1550000000000007 1.4150000000000003 1.9300000000000004 1.0000000180025095e-35 3.5000000000000004 1.155 6 2.5000000000000004 7 2.5000000000000004 8 9 10 1.0000000180025095e-35 11 1.0000000180025095e-35 4.5000000000000009
decision_type=2 1 1 2 1 1 2 2 1 2 1 2 2 2 2 2 2 2 2 1 2 1 2 1 1 1 2 1 2 2
left_child=-1 5 3 -3 -5 -2 7 15 9 -9 11 -8 -12 -14 -10 -6 -17 -18 -7 29 21 -21 25 24 28 -22 27 -27 -24 -20
right_child=1 2 -4 4 6 18 10 8 14 -11 12 -13 13 -15 -16 16 17 -19 19 20 22 -23 23 -25 -26 26 -28 -29 -30 -31
leaf_value=-7.2715467228110623e-05 -0.00021124480254102208 0.00091780227536876913 -0.001083434437932482 0.0016579958939318678 -0.0032164635305033679 0.00037791051304174393 -0.0098365999771548168 -0.0018420524341761287 0.0067082803962486134 -0.03823620928451419 -0.011465265960979451 0.019497533517391225 -0.053305810799493515 -0.0066569716145750135 0.024617898046271874 0.0014674946276554421 -0.032409965765652478 0.0056990063731343701 0.0034369841079717879 0.0050942803169606631 -5.2401475204189997e-06 -0.0055685657812647952 0.040169673579345859 -0.01167275181703299 -0.00079073574412707711 0.015282283803428968 0.0041420553741005747 0.0062076099185799918 0.011188577064771022 -0.0017618045332539051
leaf_weight=149544 60416 29248 38080 1914 2357 50169 140 191 182 32 281 71 34 20 160 67 93 26 1515 771 1315 971 56 497 189 660 4121 1156 122 4538
leaf_count=149544 60416 29248 38080 1914 2357 50169 140 191 182 32 281 71 34 20 160 67 93 26 1515 771 1315 971 56 497 189 660 4121 1156 122 4538
internal_value=-9.04539e-08 5.43783e-05 -0.000317651 0.000519995 -0.0015687 0.000268772 -0.00325451 -0.00217647 0.00634404 -0.00676133 -0.00945069 3.25832e-05 -0.0149776 -0.0360285 0.0146584 -0.00406954 -0.0148797 -0.0240836 0.00070761 0.00174763 0.00310039 -0.000851969 0.00395253 -0.0028483 0.00917016 0.00476278 0.00580908 0.00962401 0.0192261 -0.000459845
internal_weight=348936 199392 72896 34816 5568 126496 3654 3108 565 223 546 211 335 54 342 2543 186 119 66080 15911 9858 1742 8116 864 367 7252 5937 1816 178 6053
internal_count=348936 199392 72896 34816 5568 126496 3654 3108 565 223 546 211 335 54 342 2543 186 119 66080 15911 9858 1742 8116 864 367 7252 5937 1816 178 6053
cat_boundaries=0 1 4 7 9 11 13 16 19 21 22 24 27
cat_threshold=3 1398166463 740884605 4 1342570506 606076936 4 3730667937 68850525 20613 53 16781332 65588 10487300 1218512896 3 537001992 570688642 4 163856 21234818 1 131072 262274 32778 37756928 4
is_linear=0
shrinkage=0.05


Tree=275
num_leaves=31
num_cat=5
split_feature=8 0 0 5 9 0 3 0 5 5 6 7 7 7 9 3 9 6 3 0 6 9 9 7 5 3 5 5 9 9
split_gain=0.557716 7.53965 7.11863 5.10867 7.04112 30.7162 15.8107 8.73964 9.03463 15.6882 11.7164 10.0553 8.71492 11.339 7.18531 7.27105 12.236 7.56474 7.91676 6.66209 12.7377 8.22591 6.21687 5.67761 5.59704 5.37206 8.47976 6.84234 5.74126 6.0491
threshold=1.0000000180025095e-35 0 1 4.5000000000000009 2.0700000000000007 2 1.5000000000000002 3 6.5000000000000009 5.5000000000000009 1.5000000000000002 1.0000000180025095e-35 2.5000000000000004 1.0000000180025095e-35 3.5850000000000004 3.5000000000000004 2.8450000000000002 3.5000000000000004 6.5000000000000009 4 6.5000000000000009 2.9300000000000002 2.2700000000000005 6.5000000000000009 9.5000000000000018 1.5000000000000002 1.5000000000000002 2.5000000000000004 1.6900000000000002 1.4150000000000003
decision_type=2 1 1 2 2 1 2 1 2 2 2 2 2 2 2 2 2 2 2 1 2 2 2 2 2 2 2 2 2 2
left_child=1 3 -2 19 -5 14 12 8 9 -8 11 -10 13 -7 15 16 -6 18 22 21 23 25 -17 -21 -19 26 -1 -28 29 -29
right_child=2 -3 -4 4 5 6 7 -9 10 -11 -12 -13 -14 -15 -16 17 -18 24 -20 20 -22 -23 -24 -25 -26 -27 27 28 -30 -31
leaf_value=-0.002261427522653263 0.00051055938793323832 0.00021825340437491302 -0.00015833185510814757 -0.00068551513438331647 -0.020476448429650157 -0.0073084317719225179 0.00071404043472174448 -0.00065400148356526073 0.047578664124011995 0.047286722699645907 -0.0023546502992482575 0.0021934378568245019 0.0067367953124145667 -0.044337113383106697 0.0068884865003477408 -0.030428459066752112 -0.058074432603704429 0.017468410978714623 -0.039153014992674193 -0.00043348620229946002 0.029724515224141736 0.023964618812897243 -0.0040519119661955819 -0.022965345579931247 -0.015315641074076944 0.00069416240646147105 0.015232091883920546 0.0048136259560226978 0.023421636928577683 -0.014466614549358686
leaf_weight=314 59172 97966 121299 42969 109 44 33 425 26 40 132 23 30 39 29 32 27 30 36 18805 35 40 74 28 23 6442 208 424 37 45
leaf_count=314 59172 97966 121299 42969 109 44 33 425 26 40 132 23 30 39 29 32 27 30 36 18805 35 40 74 28 23 6442 208 424 37 45
internal_value=-7.31599e-08 -6.54995e-05 6.10006e-05 -0.000459771 -0.000788938 -0.00464656 0.000945895 0.0038398 0.0109535 0.0262333 0.00539602 0.0262754 -0.0163594 -0.0247075 -0.0165174 -0.0190671 -0.0279408 -0.0128783 -0.0188948 9.06349e-05 -0.000410763 0.00134909 -0.0120146 -0.000466985 0.00324137 0.00122979 0.00458635 0.00759784 0.00445964 0.00296371
internal_weight=348936 168465 180471 70499 44121 1152 792 679 254 73 181 49 113 83 360 331 136 195 142 26378 18868 7510 106 18833 53 7470 1028 714 506 469
internal_count=348936 168465 180471 70499 44121 1152 792 679 254 73 181 49 113 83 360 331 136 195 142 26378 18868 7510 106 18833 53 7470 1028 714 506 469
cat_boundaries=0 3 6 8 10 12
cat_threshold=1347885357 2619413413 2 1346836877 136316461 2 1074921473 2214662148 327944 2097696 1343293440 2483027968
is_linear=0
shrinkage=0.05


Tree=276
num_leaves=31
num_cat=11
split_feature=6 8 0 7 0 9 0 9 5 1 10 0 9 7 3 5 0 0 9 0 9 3 5 0 9 1 0 9 8 9
split_gain=0.533857 0.520261 6.96913 7.6994 11.4363 17.8355 6.58486 6.0477 10.0243 5.86057 14.2522 12.1685 8.38023 8.3568 7.34121 17.9775 16.4987 14.5673 13.6064 10.0489 13.0204 10.0538 17.0041 23.0415 26.9458 10.7485 25.34 25.9857 12.5071 11.6436
threshold=9.5000000000000018 1.0000000180025095e-35 0 4.5000000000000009 1 1.9300000000000004 2 0.93000000000000005 4.5000000000000009 3 1.0000000180025095e-35 4 2.6900000000000004 1.0000000180025095e-35 6.5000000000000009 4.5000000000000009 5 6 3.0700000000000007 7 3.9300000000000002 1.5000000000000002 11.500000000000002 8 1.2700000000000002 9 10 2.5350000000000006 2.5000000000000004 2.2700000000000005
decision_type=2 2 1 2 1 2 1 2 2 1 2 1 2 2 2 2 1 1 2 1 2 2 2 1 2 1 1 2 2 2
left_child=1 2 3 -1 5 7 9 -5 -9 12 14 -12 -3 -14 19 17 18 -16 -17 -11 21 22 25 24 -24 -21 29 28 -28 -27
right_child=-2 6 -4 4 -6 -7 -8 8 -10 10 11 -13 13 -15 15 16 -18 -19 -20 20 -22 -23 23 -25 -26 26 27 -29 -30 -31
leaf_value=0.00049561534376996337 -0.0060057005970864689 0.00079724180060434721 -0.00022069545062301167 0.0023613210317903555 -0.00063714822008870814 0.053202309652611059 -0.00017314575139633847 0.039307334881864102 0.0063793473435029141 0.0016466333343913735 0.0090999651150678196 0.0011035266617838082 0.042521448029826089 -0.0012404103763401508 -0.00082430085792065989 -0.0054645371229230522 0.004358018426297283 -0.011935567076042371 0.035222922975108741 0.0022075309599394197 0.037605530836365447 -0.0014941304226662726 0.010962466092132674 -0.0015971922566536672 0.0602306820376187 -0.0099951064338286728 -0.0245965044723735 0.020348829495011489 0.0013997559336203975 -0.043640530661990251
leaf_weight=32269 37 41350 135678 116 268 27 113233 38 59 5666 702 1464 24 20 508 954 1095 725 21 1948 22 12078 64 119 49 45 84 110 103 60
leaf_count=32269 37 41350 135678 116 268 27 113233 38 59 5666 702 1464 24 20 508 954 1095 725 21 1948 22 12078 64 119 49 45 84 110 103 60
internal_value=-6.96255e-08 5.67259e-07 -6.26245e-05 0.000591586 0.00669943 0.0143217 5.95604e-05 0.0100656 0.019279 0.000451568 -0.000139652 0.00374228 0.000820251 0.0226297 -0.000495225 -0.00268165 0.000165277 -0.00746118 -0.00454161 -0.000140311 -0.000830476 -0.000888722 0.00194324 0.0148572 0.0296984 0.000668329 -0.00667906 0.00103075 -0.0102777 -0.0266801
internal_weight=348936 348899 168455 32777 508 240 180444 213 97 67211 25817 2166 41394 44 23651 3303 2070 1233 975 20348 14682 14660 2582 232 113 2350 402 297 187 105
internal_count=348936 348899 168455 32777 508 240 180444 213 97 67211 25817 2166 41394 44 23651 3303 2070 1233 975 20348 14682 14660 2582 232 113 2350 402 297 187 105
cat_boundaries=0 2 4 7 8 10 12 15 17 19 20 22
cat_threshold=687898626 1091477506 134217730 1074659328 1347885485 203425325 2 6 1073942528 201327617 137641 136315905 1078001696 67110412 2 4194721 134217732 393224 69207553 1 0 2098728
is_linear=0
shrinkage=0.05


Tree=277
num_leaves=31
num_cat=9
split_feature=3 1 5 0 0 9 0 6 7 0 9 8 9 6 8 0 0 10 7 8 9 9 0 10 0 9 9 5 9 10
split_gain=0.537488 6.24328 18.5607 22.3708 17.9205 17.2834 29.1556 19.1967 23.9325 20.5519 16.0636 18.415 15.002 22.8589 20.6137 14.4638 13.402 29.9454 12.3961 12.1688 11.6058 11.2253 20.5605 10.5664 18.2024 29.2825 13.575 13.1416 10.8582 10.0814
threshold=3.5000000000000004 0 10.500000000000002 1 2 1.0700000000000001 3 1.5000000000000002 1.0000000180025095e-35 4 2.0700000000000007 1.0000000180025095e-35 2.0700000000000007 1.0000000180025095e-35 2.5000000000000004 5 6 1.0000000180025095e-35 7.5000000000000009 2.5000000000000004 1.5350000000000004 1.6900000000000002 7 1.0000000180025095e-35 8 2.0700000000000007 1.0700000000000001 2.5000000000000004 2.5350000000000006 1.0000000180025095e-35
decision_type=2 1 2 1 1 2 1 2 2 1 2 2 2 2 2 1 1 2 2 2 2 2 1 2 1 2 2 2 2 2
left_child=1 2 4 21 23 15 7 8 19 10 11 -10 13 -11 20 -5 17 -9 -6 -7 -15 -4 -23 -1 27 26 -26 -25 -29 -8
right_child=-2 -3 3 5 18 6 29 16 9 12 -12 -13 -14 14 -16 -17 -18 -19 -20 -21 -22 22 -24 24 25 -27 -28 28 -30 -31
leaf_value=-0.0008395068955939181 5.3679999162335035e-05 -0.00031694989565783107 0.001032241101510526 -0.00241912189409316 0.00085713181371010853 0.039174623522810592 0.0010695251521514201 0.011118091075245458 0.045087895485071035 -0.0080994493161377148 0.065313438960799469 -0.0031965304911136627 -0.026202506280025923 0.026137987030453461 -0.01679756161523983 0.0050813342985667562 0.0010501734429777337 0.070193716681872811 -0.026998749102931471 0.0018553783744573596 0.070787667110562322 -0.014421712451063133 0.0011855079757130144 -0.015124689074647098 -0.0021008890884889604 -0.040473027374811364 -0.014217914057340712 0.0040869338790343011 0.040890235694990097 0.015759959740635869
leaf_weight=18270 199392 94872 2942 1123 25990 173 1149 202 39 95 27 40 37 43 20 1482 347 24 40 25 22 357 500 90 600 69 376 439 21 130
leaf_count=18270 199392 94872 2942 1123 25990 173 1149 202 39 95 27 40 37 43 20 1482 347 24 40 25 22 357 500 90 600 69 376 439 21 130
internal_value=-6.18028e-08 -7.17175e-05 0.000353826 0.00246055 -4.89891e-05 0.0046607 0.00775689 0.0137042 0.0207754 0.0123851 0.0292589 0.0206401 0.00267124 0.0087548 0.0275919 0.00185815 0.00751381 0.0166547 0.000814013 0.0344626 0.0412502 -0.000433527 -0.00547043 -0.00117964 -0.00508305 -0.00890911 -0.00676892 0.00230649 0.00576708 0.00254281
internal_weight=348936 149544 54672 8777 45895 4978 2373 1094 521 323 106 79 217 180 85 2605 573 226 26030 198 65 3799 857 19865 1595 1045 976 550 460 1279
internal_count=348936 149544 54672 8777 45895 4978 2373 1094 521 323 106 79 217 180 85 2605 573 226 26030 198 65 3799 857 19865 1595 1045 976 550 460 1279
cat_boundaries=0 1 4 6 9 11 13 16 18 20
cat_threshold=12 3232727594 645175946 6 1532254141 201916789 708859028 3238003056 1 5120 1073742176 641746192 3238003057 37765264 1073741824 1 8552488 106961536 269751337 67633152
is_linear=0
shrinkage=0.05


Tree=278
num_leaves=31
num_cat=5
split_feature=6 3 9 5 9 7 8 5 5 3 9 7 5 5 5 9 6 0 6 9 5 7 1 5 9 0 9 5 1 0
split_gain=0.522583 2.88972 3.30856 3.21424 3.95576 2.40202 5.69968 2.75748 0.753956 1.52439 0.605027 6.93022 15.6584 7.53763 10.3202 5.18332 0.518341 6.14627 9.50623 8.34503 8.16867 6.64512 6.13753 5.4248 12.1872 6.23658 12.6768 5.65059 6.51228 9.83249
threshold=7.5000000000000009 6.5000000000000009 2.9300000000000002 11.500000000000002 2.6900000000000004 1.5000000000000002 1.5000000000000002 3.5000000000000004 4.5000000000000009 3.5000000000000004 4.0700000000000012 2.5000000000000004 10.500000000000002 6.5000000000000009 3.5000000000000004 4.3100000000000014 1.5000000000000002 0 2.5000000000000004 3.2250000000000005 5.5000000000000009 1.0000000180025095e-35 1 4.5000000000000009 2.6900000000000004 2 2.2700000000000005 2.5000000000000004 3 4
decision_type=2 2 2 2 2 2 2 2 2 2 2 2 2 2 2 2 2 1 2 2 2 2 1 2 2 1 2 2 1 1
left_child=10 3 -3 4 8 7 -7 -6 -2 -10 16 13 -13 14 -12 -15 -1 18 19 21 -21 -18 -20 24 27 26 -25 -23 -29 -30
right_child=1 2 -4 -5 5 6 -8 -9 9 -11 11 12 -14 15 -16 -17 17 -19 22 20 -22 23 -24 25 -26 -27 -28 28 29 -31
leaf_value=3.7452911349535883e-05 -0.0094292915849523117 -0.0013067793293759741 -0.026403834639738007 -0.013640078078689319 0.030823022787543859 0.02131287067149179 -0.011538023220172394 0.006551699474453926 -0.0095203828512002604 0.0084930846390003974 -0.0014272328190229559 -0.031721756905317304 0.023737760763615372 -0.021058916219044477 0.039715552628040315 0.010876425870918428 -0.00054668609142223448 7.8489788575265593e-05 0.0028493744057118981 -0.0036304206619488786 -0.042631215095520023 -0.0045329236896998783 -0.00052975066506369569 -0.0074205211474218137 0.032289829229315122 -0.0031533219947335041 -0.044339088598887133 -0.0023045907678885826 -0.0039110467237021239 0.013555940269865997
leaf_weight=253832 44 29 24 35 22 23 31 25 23 24 27 35 20 24 35 27 4231 79186 1852 29 25 812 4822 746 27 2086 24 489 130 197
leaf_count=253832 44 29 24 35 22 23 31 25 23 24 27 35 20 24 35 27 4231 79186 1852 29 25 812 4822 746 27 2086 24 489 130 197
internal_value=-7.28195e-08 -0.00215928 -0.0126715 0.00029511 0.00283538 0.00964769 0.00245402 0.0179127 -0.00472553 -0.000322016 1.66121e-06 0.0030015 -0.0115547 0.0100864 0.0217985 -0.00415197 2.15035e-07 -9.9643e-05 -0.00101085 -0.00209114 -0.0216863 -0.0019701 0.000411414 -0.00330516 -0.00102741 -0.00462507 -0.00846134 -0.00157997 0.00135851 0.00670188
internal_weight=348936 280 53 227 192 101 54 47 91 47 348656 168 55 113 62 51 348488 94656 15470 8796 54 8742 6674 4511 1655 2856 770 1628 816 327
internal_count=348936 280 53 227 192 101 54 47 91 47 348656 168 55 113 62 51 348488 94656 15470 8796 54 8742 6674 4511 1655 2856 770 1628 816 327
cat_boundaries=0 2 3 5 6 8
cat_threshold=4720768 1090659600 4 4718592 1024 6 128 139280
is_linear=0
shrinkage=0.05


Tree=279
num_leaves=31
num_cat=8
split_feature=5 3 0 9 9 8 0 9 9 0 10 10 3 6 5 0 5 7 7 6 5 9 0 0 9 5 0 0 7 9
split_gain=0.507657 3.62378 29.0618 17.3406 22.3408 28.9787 14.4999 10.8052 16.5661 45.7758 20.5133 16.9308 13.9388 15.8239 10.127 25.0106 12.921 10.7696 14.4642 9.5852 9.54471 23.0325 30.0673 22.6503 23.2274 15.9595 17.6685 15.9141 15.5002 18.9516
threshold=6.5000000000000009 2.5000000000000004 0 3.4650000000000003 3.0700000000000007 2.5000000000000004 1 2.5350000000000006 1.8450000000000004 2 1.0000000180025095e-35 1.0000000180025095e-35 1.5000000000000002 2.5000000000000004 8.5000000000000018 3 9.5000000000000018 1.5000000000000002 2.5000000000000004 2.5000000000000004 11.500000000000002 2.0700000000000007 4 5 1.9300000000000004 9.5000000000000018 6 7 1.5000000000000002 2.4150000000000005
decision_type=2 2 1 2 2 2 1 2 2 1 2 2 2 2 2 1 2 2 2 2 2 2 1 1 2 2 1 1 2 2
left_child=-1 2 3 4 7 -6 -3 8 -2 11 14 19 13 -9 17 -16 -17 -11 -19 -10 21 25 -23 24 -22 27 -27 -4 29 -26
right_child=1 6 20 -5 5 -7 -8 12 9 10 -12 -13 -14 -15 15 16 -18 18 -20 -21 23 22 -24 -25 28 26 -28 -29 -30 -31
leaf_value=5.3763525698686425e-05 0.00067187502097935774 -0.00070661653995407773 0.0015995846283761617 -0.025950230281644809 -0.0054633521191451862 0.07230373574793339 0.00049928102965817172 -0.048972033911850309 0.024349370503086765 -0.0031280749253928663 0.025997248966069447 0.050150867419110401 0.0027780845531342941 -0.005030160889561687 -0.028100308843300139 -0.019866827624055613 0.0047791483065831005 0.052600090563297279 0.0018415427883155646 0.0068923429263612404 0.0028012593143968033 -0.026541897169557738 -0.0005792171958619879 -0.002893260842183235 0.026908326816583911 -0.0071302219427691951 -0.0019167163628715054 -0.0022366462266499125 0.037816367226811809 -0.020285054382919852
leaf_weight=194233 19807 37950 4500 60 23 25 72600 40 199 100 63 45 81 42 104 68 244 25 32 130 1718 210 238 2242 52 2476 4768 6743 82 36
leaf_count=194233 19807 37950 4500 60 23 25 72600 40 199 100 63 45 81 42 104 68 244 25 32 130 1718 210 238 2242 52 2476 4768 6743 82 36
internal_value=-5.97405e-08 -6.7636e-05 -0.00045055 0.00089092 0.000967931 0.0350403 8.52974e-05 0.000889977 0.000990384 0.00723664 -0.00106705 0.020829 -0.0119333 -0.0264652 -0.00406133 -0.00814487 -0.000574013 0.00675875 0.0241041 0.0174515 -0.0016767 -0.00215245 -0.0133546 0.000500449 0.00452185 -0.00188098 -0.00371118 -0.000701765 0.022176 0.00760194
internal_weight=348936 154703 44153 21088 21028 48 110550 20980 20817 1010 636 374 163 82 573 416 312 157 57 329 23065 18935 448 4130 1888 18487 7244 11243 170 88
internal_count=348936 154703 44153 21088 21028 48 110550 20980 20817 1010 636 374 163 82 573 416 312 157 57 329 23065 18935 448 4130 1888 18487 7244 11243 170 88
cat_boundaries=0 3 5 7 9 11 13 15 17
cat_threshold=3416313909 1747897045 6 196137233 1611057812 1216348160 1610778773 33570848 2097664 1966344 377492738 542509512 335610146 269101120 2436960256 336142408 373298184
is_linear=0
shrinkage=0.05


Tree=280
num_leaves=31
num_cat=8
split_feature=3 10 0 9 6 7 5 5 1 8 5 0 9 6 8 9 0 1 0 6 9 8 5 5 8 5 9 0 0 9
split_gain=0.527413 11.5667 21.167 25.3518 13.4132 11.1081 14.6425 16.9423 12.6333 14.1705 10.8525 18.6559 11.321 14.8406 19.2066 10.7153 10.3657 15.1372 35.265 13.52 15.1565 18.2104 16.6781 12.8783 11.6229 9.5415 17.2595 15.6256 13.7339 16.6846
threshold=1.5000000000000002 1.0000000180025095e-35 0 2.5350000000000006 2.5000000000000004 2.5000000000000004 7.5000000000000009 8.5000000000000018 1 1.0000000180025095e-35 9.5000000000000018 2 2.2700000000000005 1.5000000000000002 2.5000000000000004 3.7900000000000005 3 4 5 1.0000000180025095e-35 2.0700000000000007 2.5000000000000004 2.5000000000000004 1.5000000000000002 2.5000000000000004 7.5000000000000009 1.2700000000000002 6 7 2.6900000000000004
decision_type=2 2 1 2 2 2 2 2 1 2 2 1 2 2 2 2 1 1 1 2 2 2 2 2 2 2 2 1 1 2
left_child=1 10 3 5 -5 6 -3 -8 9 -9 15 12 -12 -14 -15 16 17 18 19 -1 24 22 -22 -20 -21 28 27 -27 -4 -30
right_child=-2 2 25 4 -6 -7 7 8 -10 -11 11 -13 13 14 -16 -17 -18 -19 23 20 21 -23 -24 -25 -26 26 -28 -29 29 -31
leaf_value=-0.018771976756160054 -2.5249768983040078e-05 0.0039869060780829161 0.0030781225816974745 0.07100773772791677 0.017573942709714175 -0.0050949506294949223 0.038371500145534386 0.014587022166861649 0.023599566783952086 -0.0096194169188144607 0.0019736836216363864 -0.0030591939226044464 -0.038573755724937653 -0.016119389764287256 0.041098202876746655 0.03242292544589593 0.00088881194938404586 -0.00053972701093101785 0.0029157768025301223 -0.029967196048660712 0.072094006642051373 -0.00085479149496869042 0.020806617421262406 -0.026916224436360627 0.012324246962089093 -0.0080949688654498898 0.014651744664608883 0.0069126774221034823 -0.0052133085658953929 -0.049269252532923767
leaf_weight=49 299088 773 684 23 24 183 68 139 123 107 3381 6688 40 55 20 26 24455 10647 43 33 23 57 51 228 32 323 271 352 928 22
leaf_count=49 299088 773 684 23 24 183 68 139 123 107 3381 6688 40 55 20 26 24455 10647 43 33 23 57 51 228 32 323 271 352 928 22
internal_value=-1.54202e-07 0.000150419 0.00272202 0.00755226 0.0437224 0.00638609 0.00812248 0.0154378 0.0112115 0.00389968 -7.51596e-05 -0.00151463 0.0014448 -0.0139787 -0.000861365 0.000336118 0.000312696 -0.000949359 -0.00923063 0.00453415 0.010592 0.0203861 0.0367473 -0.0213933 -0.00914679 -3.19283e-06 0.00399301 -0.000286275 -0.0023168 -0.00616862
internal_weight=348936 49848 4020 1440 47 1393 1210 437 369 246 45828 10184 3496 115 75 35644 35618 11163 516 245 196 131 74 271 65 2580 946 675 1634 950
internal_count=348936 49848 4020 1440 47 1393 1210 437 369 246 45828 10184 3496 115 75 35644 35618 11163 516 245 196 131 74 271 65 2580 946 675 1634 950
cat_boundaries=0 3 4 7 9 10 12 14 16
cat_threshold=3299541034 2358284494 2 6 167957782 1613022113 4 134450562 1117024334 8 133378 9711618 675303812 1617382960 273977729 1382090256
is_linear=0
shrinkage=0.05


Tree=281
num_leaves=31
num_cat=5
split_feature=9 6 0 6 0 9 5 0 3 5 3 3 9 9 8 9 3 9 8 9 3 8 5 3 7 5 7 0 0 6
split_gain=0.495608 0.52593 3.19783 5.62216 5.38923 5.7845 15.615 15.5401 18.712 18.2098 15.1657 13.7526 12.4046 10.6476 7.12388 5.1636 12.3887 6.72269 8.29517 5.5495 11.4518 11.3731 23.1484 7.9311 7.91015 11.8944 5.15382 18.366 9.46835 9.31138
threshold=1.0000000180025095e-35 1.0000000180025095e-35 0 1.5000000000000002 1 2.4150000000000005 1.5000000000000002 2 1.5000000000000002 5.5000000000000009 4.5000000000000009 4.5000000000000009 2.6900000000000004 2.6900000000000004 2.5000000000000004 3.3100000000000005 4.5000000000000009 2.9300000000000002 3.5000000000000004 2.6900000000000004 1.5000000000000002 1.5000000000000002 6.5000000000000009 4.5000000000000009 2.5000000000000004 3.5000000000000004 1.5000000000000002 3 4 5.5000000000000009
decision_type=2 2 1 2 1 2 2 1 2 2 2 2 2 2 2 2 2 2 2 2 2 2 2 2 2 2 2 1 1 2
left_child=-1 -2 -3 4 5 -4 -7 9 -9 11 14 -8 -12 -11 -10 17 -17 19 -19 -6 -21 23 24 -22 25 -23 28 -28 -5 -29
right_child=1 2 3 26 15 6 7 8 10 13 12 -13 -14 -15 -16 16 -18 18 -20 20 21 22 -24 -25 -26 -27 27 29 -30 -31
leaf_value=-0.00072039289485530751 6.9752050463700959e-05 -0.00030058792656459062 0.0011528192736849135 -0.00095415180041587798 0.00019000471777912793 0.04800733668000802 0.031928642814358081 -0.028025868944823742 0.026680311826722966 -0.0056956949830055245 0.031433536857366565 -0.017754568216892388 -0.017161895138821725 -0.053829264702896278 0.061232251903185479 -0.037075236801194539 0.013351354144868398 0.020672250990755855 -0.01232382380962372 -0.035782694199588148 -0.04237995946168667 0.004038640111684799 0.048971401628106835 -0.0032099438332287332 0.017604917647050963 -0.048170658499002456 0.00074161425940827907 -0.002945564878089954 0.00066528500796031844 0.0061449912377499194
leaf_weight=2372 164136 76260 15342 14044 34744 23 30 20 35 20 24 26 29 27 26 29 21 80 25 32 24 24 25 28 21 20 7960 7979 25218 292
leaf_count=2372 164136 76260 15342 14044 34744 23 30 20 35 20 24 26 29 27 26 29 21 80 25 32 24 24 25 28 21 20 7960 7979 25218 292
internal_value=-1.13845e-07 4.81599e-06 -5.3609e-05 0.000123812 0.000504579 0.00127733 0.00867364 0.00485645 0.0154308 -0.00947844 0.0244084 0.00886144 0.00484358 -0.0333469 0.0414074 0.000160416 -0.0158961 0.000183384 0.012816 0.000145397 -0.00876173 -0.0026725 0.00808336 -0.0212884 -0.00764281 -0.0196929 -0.000223875 -0.000973302 8.59396e-05 -0.00262146
internal_weight=348936 346564 182428 106168 50675 15602 260 237 134 103 114 56 53 47 61 35073 50 35023 105 34918 174 142 90 52 65 44 55493 16231 39262 8271
internal_count=348936 346564 182428 106168 50675 15602 260 237 134 103 114 56 53 47 61 35073 50 35023 105 34918 174 142 90 52 65 44 55493 16231 39262 8271
cat_boundaries=0 3 5 7 10 12
cat_threshold=80842842 2395920643 4 17311872 1090528344 10368 16777232 1210083589 823197876 2 2123908 822084724
is_linear=0
shrinkage=0.05


Tree=282
num_leaves=31
num_cat=7
split_feature=9 0 9 7 9 3 7 0 0 0 8 9 6 6 1 5 3 0 5 0 7 6 5 5 5 3 7 3 8 10
split_gain=0.508539 5.63938 8.47154 9.22379 8.73345 8.31742 10.886 12.7583 12.6722 9.8339 8.82246 7.98373 16.1791 7.63929 9.2397 7.50135 8.37739 9.20828 8.87215 7.97268 7.6598 7.37717 12.2692 7.3354 6.75211 7.88056 6.70012 11.5679 9.56465 6.43995
threshold=1.3650000000000002 0 1.5350000000000004 7.5000000000000009 3.3650000000000007 4.5000000000000009 2.5000000000000004 1 2 3 4.5000000000000009 3.4650000000000003 1.5000000000000002 3.5000000000000004 4 8.5000000000000018 2.5000000000000004 5 2.5000000000000004 6 1.0000000180025095e-35 1.0000000180025095e-35 11.500000000000002 2.5000000000000004 4.5000000000000009 3.5000000000000004 1.5000000000000002 3.5000000000000004 1.0000000180025095e-35 1.0000000180025095e-35
decision_type=2 1 2 2 2 2 2 1 1 1 2 2 2 2 1 2 2 1 2 1 2 2 2 2 2 2 2 2 2 2
left_child=-1 2 5 4 -4 9 8 -8 13 10 15 12 -6 14 -7 16 17 18 -2 -18 -19 22 -17 -22 -14 -26 28 -28 -13 -20
right_child=1 -3 3 -5 11 6 7 -9 -10 -11 -12 26 24 -15 -16 21 19 20 29 -21 23 -23 -24 -25 25 -27 27 -29 -30 -31
leaf_value=-3.0144715256383636e-05 0.023067292901895829 0.00039367865376377386 0.00016292734092737774 0.022889855876564981 -0.059682011194527151 0.0033665041269903837 0.0046125395055692476 -0.017711755101329399 0.0038590724853992857 -0.0068713056755400834 0.029710475808900336 0.007809781801046395 0.0057275775820016866 0.012629443831872523 -0.010617449716549016 0.0048144881225501502 -0.0016916632244348034 0.0030602342499928045 0.0053468992769787164 -0.014998017135414361 0.0043921879559223149 -0.00072038073949672347 0.039395973831415181 -0.022584061571914289 0.0030831116065382961 -0.036692280181909377 0.023320227928567108 -0.0092912616996552091 -0.022765568268197756 -0.022926339571890626
leaf_weight=279681 67 50744 13025 44 20 166 101 162 1367 1525 23 41 39 57 392 96 232 110 162 231 35 238 35 90 20 33 52 57 68 23
leaf_count=279681 67 50744 13025 44 20 166 101 162 1367 1525 23 41 39 57 392 96 232 110 162 231 35 238 35 90 20 33 52 57 68 23
internal_value=-1.07931e-07 0.000121193 -0.000625642 3.47061e-05 -4.05935e-05 -0.0023577 -7.85385e-05 -0.00963662 0.00118976 -0.00414239 -0.000982823 -0.0080735 -0.0189236 -0.00472933 -0.00658729 -0.00152549 -0.00387549 0.000702643 0.00719237 -0.00869094 -0.00629475 0.00452466 0.0140538 -0.0150307 -0.0100631 -0.0216827 -0.00249912 0.00626651 -0.0112647 0.00183185
internal_weight=348936 69255 18511 13399 13355 5112 2245 263 1982 2867 1342 330 112 615 558 1319 950 487 252 463 235 369 131 125 92 53 218 109 109 185
internal_count=348936 69255 18511 13399 13355 5112 2245 263 1982 2867 1342 330 112 615 558 1319 950 487 252 463 235 369 131 125 92 53 218 109 109 185
cat_boundaries=0 3 5 8 11 12 14 17
cat_threshold=3590344710 319897888 1 33558530 33620224 1107296256 16843008 1 2516582400 268501248 1 1 33554432 268501248 2415919104 256 1
is_linear=0
shrinkage=0.05


Tree=283
num_leaves=31
num_cat=6
split_feature=6 3 9 5 9 7 5 3 5 3 9 7 5 5 5 9 5 3 0 1 0 0 9 8 6 0 10 9 0 5
split_gain=0.500457 2.57482 2.963 2.93 3.54531 2.18392 5.46564 2.64089 0.680654 1.376 0.573483 6.34202 14.3907 6.53974 9.23461 4.58049 0.498814 9.86533 31.2173 15.07 18.6361 18.4365 14.5962 15.7157 16.6895 14.3895 17.5482 20.6937 13.3698 10.8423
threshold=7.5000000000000009 6.5000000000000009 2.9300000000000002 11.500000000000002 2.6900000000000004 1.5000000000000002 4.5000000000000009 3.5000000000000004 4.5000000000000009 3.5000000000000004 4.0700000000000012 2.5000000000000004 10.500000000000002 6.5000000000000009 3.5000000000000004 4.3100000000000014 2.5000000000000004 6.5000000000000009 0 1 2 3 0.93000000000000005 4.5000000000000009 1.5000000000000002 4 1.0000000180025095e-35 1.5350000000000004 5 1.5000000000000002
decision_type=2 2 2 2 2 2 2 2 2 2 2 2 2 2 2 2 2 2 1 1 1 1 2 2 2 1 2 2 1 2
left_child=10 3 -3 4 8 7 -7 -6 -2 -10 16 13 -13 14 -12 -15 17 -1 22 20 -20 -21 -19 24 25 -24 -27 -28 -26 -30
right_child=1 2 -4 -5 5 6 -8 -9 9 -11 11 12 -14 15 -16 -17 -18 18 19 21 -22 -23 23 -25 28 26 27 -29 29 -31
leaf_value=-0.00038006859645749766 -0.0089981820857660336 -0.0012812310348040072 -0.025031524213651818 -0.013101123369165829 0.0048520592081805931 -0.014288770224755774 0.017547453600647196 0.028561686864122748 -0.0090841548274392669 0.0080301300001641117 -0.0013612329821895671 -0.030336142139775413 0.022831088043749333 -0.019456154239984851 0.037557541930249766 0.010564740017677349 2.8325562954135532e-05 0.002116530744105461 0.005015244767595857 -0.00883617873439594 -0.002168491892026404 0.00043060021265850772 0.0049701754730750829 -0.024255789316126278 -0.0059187636475760358 0.016355289610818904 0.019683559494162048 0.086786386382300407 0.0019222126358676109 0.019159952350072094
leaf_weight=54387 44 29 24 35 23 26 28 24 23 24 27 35 20 24 35 27 285139 1661 1679 1045 1932 1099 325 35 238 528 27 20 214 159
leaf_count=54387 44 29 24 35 23 26 28 24 23 24 27 35 20 24 35 27 285139 1661 1679 1045 1932 1099 325 35 238 528 27 20 214 159
internal_value=-1.59366e-07 -0.00211316 -0.0120361 0.000203642 0.00262899 0.0090782 0.0022189 0.0169591 -0.00452893 -0.000344946 1.53755e-06 0.00292213 -0.0110026 0.00969965 0.020609 -0.00356274 1.29586e-07 -0.000126783 0.00141031 -0.000795333 0.00117634 -0.00410614 0.00535416 0.00886725 0.00963449 0.0139642 0.0186372 0.048238 0.00325685 0.00902816
internal_weight=348936 280 53 227 192 101 54 47 91 47 348656 168 55 113 62 51 348488 63349 8962 5755 3611 2144 3207 1546 1511 900 575 47 611 373
internal_count=348936 280 53 227 192 101 54 47 91 47 348656 168 55 113 62 51 348488 63349 8962 5755 3611 2144 3207 1546 1511 900 575 47 611 373
cat_boundaries=0 2 3 6 8 10 12
cat_threshold=784499624 1175904273 6 1090786322 23598986 3 1361056791 432604932 176193536 68460544 604013056 409617
is_linear=0
shrinkage=0.05


Tree=284
num_leaves=31
num_cat=10
split_feature=3 1 0 0 10 0 9 6 0 5 0 9 5 9 8 5 8 1 0 5 9 9 7 9 6 0 9 0 7 5
split_gain=0.506085 10.5935 29.5084 21.0598 13.5865 20.4323 15.398 12.573 19.0431 11.6823 11.1999 18.4464 11.2149 10.8233 15.6742 15.6059 19.1835 10.7519 22.7441 41.4963 39.3027 11.5161 28.5854 13.2012 15.5628 10.737 10.565 21.8281 16.8837 10.5327
threshold=1.5000000000000002 0 1 2 1.0000000180025095e-35 3 1.8450000000000004 1.5000000000000002 4 10.500000000000002 5 1.6900000000000002 7.5000000000000009 2.2700000000000005 1.5000000000000002 6.5000000000000009 1.0000000180025095e-35 6 7 11.500000000000002 1.6350000000000002 2.9300000000000002 2.5000000000000004 3.0700000000000007 3.5000000000000004 8 1.6900000000000002 9 1.5000000000000002 10.500000000000002
decision_type=2 1 1 1 2 1 2 2 1 2 1 2 2 2 2 2 2 1 1 2 2 2 2 2 2 1 2 1 2 2
left_child=1 3 17 7 13 -6 -7 10 9 -9 11 -1 -13 25 15 16 -15 29 19 20 -19 -20 23 -23 -25 26 -5 28 -28 -3
right_child=-2 2 -4 4 5 6 -8 8 -10 -11 -12 12 -14 14 -16 -17 -18 18 21 -21 -22 22 -24 24 -26 -27 27 -29 -30 -31
leaf_value=-0.0020125131235658616 -2.4743636258153314e-05 -0.0016724985187196312 0.00084044818462050924 0.002684248097168742 -0.0004825039214510954 0.0096861746891774448 0.041411906803259624 0.003921149847236567 -0.0066858424070995182 -0.009965915070427071 0.0010991667554703646 -0.034788226882062318 0.003668035799637437 -0.013420217849003772 -0.043142395551231782 -0.028151566083684111 0.0520169564655849 0.012632180699475635 -0.0070754281656880032 0.031380064962431786 -0.043828597446890917 0.058639253083277831 -0.020250163485096503 0.035014907441412411 -0.010489766683210345 0.00058808990007795225 -0.019341813011086721 0.019884018470377973 0.030254023979333317 -0.0074614294458049792
leaf_weight=2351 299088 5454 10880 5273 684 872 40 902 1947 182 6322 70 26 24 33 33 21 39 602 30 147 22 56 42 34 12514 78 230 22 918
leaf_count=2351 299088 5454 10880 5273 684 872 40 902 1947 182 6322 70 26 24 33 33 21 39 602 30 147 22 56 42 34 12514 78 230 22 918
internal_value=-1.6072e-07 0.000147337 -0.000812605 0.000700559 0.00169577 0.00612028 0.0109575 -0.000971415 -0.00374831 0.00157503 -1.26926e-05 -0.00287799 -0.024373 0.0013093 -0.0142561 -0.00203501 0.0171171 -0.00325939 -0.00814473 -0.0221626 -0.03199 -0.00390258 0.00824694 0.024531 0.0146576 0.00140467 0.00322165 0.0119063 -0.0076643 -0.00250257
internal_weight=348936 49848 18224 31624 19824 1596 912 11800 3031 1084 8769 2447 96 18228 111 78 45 7344 972 216 186 756 154 98 76 18117 5603 330 100 6372
internal_count=348936 49848 18224 31624 19824 1596 912 11800 3031 1084 8769 2447 96 18228 111 78 45 7344 972 216 186 756 154 98 76 18117 5603 330 100 6372
cat_boundaries=0 1 3 6 9 12 15 16 18 20 22
cat_threshold=5 1762965522 3272303558 281224128 450108504 5 252215317 1613390336 2 8462336 138416152 4 8454144 8392728 4 2 150994944 1073889284 135581713 1073889920 32769 16896
is_linear=0
shrinkage=0.05


Tree=285
num_leaves=31
num_cat=4
split_feature=9 0 7 9 6 9 0 7 3 8 5 5 7 0 5 5 9 6 6 6 9 9 5 0 9 3 7 3 8 9
split_gain=0.494336 5.1692 6.6583 6.80061 12.4958 23.508 10.5722 20.8178 10.5916 9.11321 10.9854 11.4203 5.94489 15.9468 17.4539 26.2561 15.6381 12.344 9.524 19.1718 14.1794 14.9639 11.3827 9.4987 12.4301 10.4271 8.79891 8.50802 7.32398 7.19819
threshold=1.3650000000000002 0 7.5000000000000009 3.3650000000000007 1.5000000000000002 3.5850000000000004 1 3.5000000000000004 3.5000000000000004 6.5000000000000009 5.5000000000000009 2.5000000000000004 3.5000000000000004 2 6.5000000000000009 4.5000000000000009 2.5350000000000006 1.5000000000000002 1.5000000000000002 3.5000000000000004 2.0700000000000007 1.6900000000000002 4.5000000000000009 3 1.6900000000000002 2.5000000000000004 4.5000000000000009 3.5000000000000004 3.5000000000000004 1.9300000000000004
decision_type=2 1 2 2 2 2 1 2 2 2 2 2 2 1 2 2 2 2 2 2 2 2 2 1 2 2 2 2 2 2
left_child=-1 2 3 9 5 -5 7 8 -6 12 11 -11 -2 14 15 17 29 27 20 23 21 -15 -23 24 -20 -26 -16 -14 -19 -17
right_child=1 -3 -4 4 6 -7 -8 -9 -10 10 -12 -13 13 18 26 16 -18 28 19 -21 -22 22 -24 -25 25 -27 -28 -29 -30 -31
leaf_value=-2.9745190908910869e-05 -0.00034089671544326668 0.00037995819972013611 0.017809797800621207 -0.064097073760170195 0.039625795857935422 0.00037140933376166133 -0.010632305357804787 -0.031252014396401746 0.0034622326493263245 -1.7088926820592447e-05 -0.003344194724224508 0.045473552983556244 -0.008939292762232454 0.011124117115071712 -0.033122274817265186 0.010968014466591547 -0.019632858437086856 -0.0092896890486359376 -0.026473977684509011 0.010743913514079988 0.022604636179859795 -0.03479863259850479 0.0007429352290928364 -0.017607823362522673 0.033344681861419832 -0.0020765761563938763 -0.011477311273299895 -0.039175683703942921 0.021139606203802903 0.037004339972392046
leaf_weight=279681 16602 50784 49 26 41 31 172 24 40 22 50 37 38 131 97 61 28 141 32 154 105 41 50 184 31 63 91 60 23 47
leaf_count=279681 16602 50784 49 26 41 31 172 24 40 22 50 37 38 131 97 61 28 141 32 154 105 41 50 184 31 63 91 60 23 47
internal_value=-1.30842e-07 0.000119464 -0.000596617 -0.0006459 -0.00771554 -0.0290353 -0.00332845 0.00880955 0.0217672 -0.000515357 0.0138985 0.0285109 -0.000602743 -0.00375973 -0.00992052 -0.00415914 0.0136657 -0.0134117 0.000918212 -0.00367599 0.00746529 0.000304785 -0.0152703 -0.0108394 0.000409511 0.0096049 -0.0226452 -0.0274514 -0.00502217 0.0222986
internal_weight=348936 69255 18471 18422 334 57 277 105 81 18088 109 59 17979 1377 586 398 136 262 791 464 327 222 91 310 126 94 188 98 164 108
internal_count=348936 69255 18471 18422 334 57 277 105 81 18088 109 59 17979 1377 586 398 136 262 791 464 327 222 91 310 126 94 188 98 164 108
cat_boundaries=0 3 5 8 10
cat_threshold=3590344726 319832352 1 1174405120 50331648 67112980 16793632 1 16386 34603008
is_linear=0
shrinkage=0.05


Tree=286
num_leaves=31
num_cat=4
split_feature=8 5 3 5 3 3 3 3 5 7 9 9 0 3 0 0 5 8 6 8 8 5 8 6 3 8 0 9 5 3
split_gain=0.497683 2.84903 4.91317 4.52304 4.48193 4.2337 4.0884 9.68774 8.37062 2.01157 1.77329 0.677832 11.5552 9.93264 46.9554 22.7805 12.9572 24.5122 38.6366 34.0564 11.2017 15.5026 12.6897 24.8094 10.2625 9.55315 9.35092 12.2531 9.50938 11.0622
threshold=7.5000000000000009 2.5000000000000004 2.5000000000000004 4.5000000000000009 4.5000000000000009 5.5000000000000009 2.5000000000000004 3.5000000000000004 11.500000000000002 1.5000000000000002 1.9300000000000004 2.1550000000000007 0 5.5000000000000009 1 2 10.500000000000002 1.0000000180025095e-35 2.5000000000000004 2.5000000000000004 1.0000000180025095e-35 5.5000000000000009 2.5000000000000004 2.5000000000000004 2.5000000000000004 4.5000000000000009 3 2.9300000000000002 3.5000000000000004 6.5000000000000009
decision_type=2 2 2 2 2 2 2 2 2 2 2 2 1 2 1 1 2 2 2 2 2 2 2 2 2 2 1 2 2 2
left_child=11 2 -2 5 -4 -3 9 -8 10 -5 -9 -1 -13 15 20 16 -14 -18 19 24 -15 -22 23 -23 -19 -21 28 -28 -16 -30
right_child=1 3 4 6 -6 -7 7 8 -10 -11 -12 12 13 14 26 -17 17 18 -20 25 21 22 -24 -25 -26 -27 27 -29 29 -31
leaf_value=-1.1279658212992601e-05 -0.028076673205941916 0.0011879350569459701 0.015978677411164557 -0.0005887966051145837 -0.016314864742823624 0.029500685980462512 -0.040468366071581843 -0.0032702410771675849 0.025580410127128875 0.020044429476062456 -0.020261965040117503 0.0021207382244844224 0.0017122518653964348 -0.005073193399527786 -0.013587860784986439 -0.0034470981926239493 -0.002644323151325807 0.038553966681162517 0.001580323508202002 3.9874383823034612e-05 -0.01211948338575994 -0.06293397199362516 -0.014118874223152203 -0.013503674100237815 0.076143144255342049 0.036933039404850987 0.0018843175966564256 0.017404823261788393 0.011303620307111885 -0.0077418739535519256
leaf_weight=337310 26 31 21 27 22 23 20 34 21 21 28 5179 1732 204 153 2168 200 30 145 47 291 60 67 44 46 28 480 173 151 154
leaf_count=337310 26 31 21 27 22 23 20 34 21 21 28 5179 1732 204 153 2168 200 30 145 47 291 60 67 44 46 28 480 173 151 154
internal_value=-1.64219e-07 -0.00213027 -0.0109184 0.000827685 -0.0005436 0.0132471 -0.00361368 -0.00923012 -0.00170283 0.00843824 -0.0109439 1.50975e-06 0.00038153 -0.00107931 -0.00423562 0.000194114 0.00373597 0.010878 0.0200147 0.0377166 -0.0146122 -0.0191406 -0.0310887 -0.0420212 0.0613053 0.0138133 0.00209738 0.00590574 -0.00334262 0.00168721
internal_weight=348936 274 69 205 43 54 151 103 83 48 62 348662 11352 6173 1777 4396 2228 496 296 151 666 462 171 104 76 75 1111 653 458 305
internal_count=348936 274 69 205 43 54 151 103 83 48 62 348662 11352 6173 1777 4396 2228 496 296 151 666 462 171 104 76 75 1111 653 458 305
cat_boundaries=0 3 5 8 11
cat_threshold=1062979832 1099197344 2 10486528 2317452372 2157974274 2317455444 1 2147495938 268963841 1
is_linear=0
shrinkage=0.05


Tree=287
num_leaves=31
num_cat=6
split_feature=6 0 9 6 0 7 9 0 9 8 9 8 3 3 7 3 9 0 3 0 7 9 0 7 5 5 5 3 3 9
split_gain=0.468486 3.84945 6.24225 4.16432 9.09254 4.52978 11.5856 4.83706 7.59263 14.3661 13.8336 12.4186 15.8318 15.4033 6.21384 4.86253 4.85094 5.29174 4.76855 12.3587 7.88378 7.33207 6.02964 5.39815 12.2079 9.93212 5.20093 7.56718 5.63183 4.94715
threshold=4.5000000000000009 0 4.2700000000000005 6.5000000000000009 1 4.5000000000000009 3.0700000000000007 2 2.7300000000000004 4.5000000000000009 3.0700000000000007 1.5000000000000002 2.5000000000000004 3.5000000000000004 1.0000000180025095e-35 4.5000000000000009 1.6900000000000002 3 5.5000000000000009 4 2.5000000000000004 1.5350000000000004 5 2.5000000000000004 4.5000000000000009 5.5000000000000009 2.5000000000000004 3.5000000000000004 2.5000000000000004 2.0700000000000007
decision_type=2 1 2 2 1 2 2 1 2 2 2 2 2 2 2 2 2 1 2 1 2 2 1 2 2 2 2 2 2 2
left_child=-1 2 -2 5 -5 7 -7 18 16 10 14 12 -12 -13 -10 -16 -9 -18 20 -20 22 -21 -3 24 -23 -26 27 28 -24 -27
right_child=1 3 -4 4 -6 6 -8 8 9 -11 11 13 -14 -15 15 -17 17 -19 19 21 -22 23 26 -25 25 29 -28 -29 -30 -31
leaf_value=7.7801939116018382e-06 -0.00154347262125006 -0.0062315969731069178 -0.027147284320866067 -0.015901737056024698 0.00032616096549377502 0.0028355243639809264 0.040420060715853023 -0.0021645716862173842 -0.055304823620244858 0.026145883109420537 0.015249141678214074 -0.01477745666548058 -0.037109519011296686 0.036879441478560052 -0.037560308982546517 -0.0066765842959284789 -0.0021727000691728802 0.00717562981223326 -0.0060357889794007257 0.0030246650761303804 0.012600663764345828 0.045292633496548822 0.013255835266318173 -0.0011481975540518761 -0.011742040170011698 0.03656504105877232 0.0002799755477508608 -0.0054369955487987573 0.045751512739807369 0.010342247007148607
leaf_weight=342506 2933 287 24 105 353 97 26 767 20 25 22 27 42 31 26 25 239 397 110 96 132 46 40 25 27 37 382 34 20 35
leaf_count=342506 2933 287 24 105 353 97 26 767 20 25 22 27 42 31 26 25 239 397 110 96 132 46 40 25 27 37 382 34 20 35
internal_value=-1.5791e-07 -0.000422996 -0.00174538 0.000705908 -0.00373429 0.00138275 0.0107802 0.000983061 -0.000831102 -0.00951734 -0.0141369 -0.00392498 -0.0191112 0.0128323 -0.0316842 -0.0224212 0.000512653 0.00374132 0.00327755 0.0080284 0.00131828 0.0135615 -0.000633588 0.0203094 0.024009 0.0141197 0.00281349 0.0134086 0.0240877 0.0238178
internal_weight=348936 6430 2957 3473 458 3015 123 2892 1621 218 193 122 64 58 71 51 1403 636 1271 376 895 266 763 170 145 99 476 94 60 72
internal_count=348936 6430 2957 3473 458 3015 123 2892 1621 218 193 122 64 58 71 51 1403 636 1271 376 895 266 763 170 145 99 476 94 60 72
cat_boundaries=0 3 5 7 10 12 14
cat_threshold=1688880004 1520205070 6 134283344 2149712384 172036185 23265376 2416969730 2147483648 1 167772240 65536 4198401 16777312
is_linear=0
shrinkage=0.05


Tree=288
num_leaves=31
num_cat=11
split_feature=9 6 0 3 0 0 9 8 7 0 0 5 9 5 9 7 0 0 1 0 3 0 10 3 5 7 8 3 9 0
split_gain=0.467561 2.56955 2.64211 1.73839 2.87837 1.77814 1.41999 1.33016 1.2407 1.91992 1.48224 1.73907 1.47287 1.88591 1.37226 1.13787 1.60994 1.26729 1.09375 1.74511 1.74007 1.20229 1.07986 1.54468 1.13628 1.01525 0.987665 2.38801 1.69163 1.69113
threshold=0.31000000000000005 1.5000000000000002 0 2.5000000000000004 1 2 0.27000000000000007 5.5000000000000009 2.5000000000000004 3 4 3.5000000000000004 0.27000000000000007 6.5000000000000009 0.22500000000000003 1.5000000000000002 5 6 7 8 4.5000000000000009 9 1.0000000180025095e-35 5.5000000000000009 7.5000000000000009 3.5000000000000004 1.0000000180025095e-35 5.5000000000000009 0.27000000000000007 10
decision_type=2 2 1 2 1 1 2 2 2 1 1 2 2 2 2 2 1 1 1 1 2 1 2 2 2 2 2 2 2 1
left_child=1 2 7 4 8 -5 -7 18 10 12 11 -4 -10 -14 -12 17 -17 -6 21 -20 -21 22 -1 -24 -25 -18 27 28 -22 -29
right_child=-2 -3 3 5 15 6 -8 -9 9 -11 14 -13 13 -15 -16 16 25 -19 19 20 26 -23 23 24 -26 -27 -28 29 -30 -31
leaf_value=-0.0019358967853284803 1.7061182792172611e-05 -0.0032518601464177031 0.0033849164060043482 -0.00090281235784879163 -0.0017144984088759401 -0.00047890052480864179 0.00078497465322741001 0.0083312456382629591 0.0043612810095179488 0.001835208388222773 0.00061162973268769549 -0.0018796527310754698 0.0079525048934644266 0.02585431310747351 0.0035028615295114246 0.00042795627122053009 -0.0054336430114907816 0.00110302080119143 -0.0019761922493299815 -0.00057419321978788849 0.0024044975734733303 -0.00071334943141752438 -0.0095991365859200341 -0.0055212451001245754 0.0085207734815776343 0.0021213451828001641 0.0043849308034304701 -0.0017121302228795749 -0.0085219927377753208 0.0061228386943403164
leaf_weight=1998 320488 671 229 4661 524 3643 5699 39 44 204 636 498 31 28 1157 379 307 1576 856 1089 58 3144 110 34 25 52 371 104 91 190
leaf_count=1998 320488 671 229 4661 524 3643 5699 39 44 204 636 498 31 28 1157 379 307 1576 856 1089 58 3144 110 34 25 52 371 104 91 190
internal_value=-1.82738e-07 -0.000194448 -0.000120592 0.00019262 0.000931769 -0.00010627 0.000291802 -0.000879424 0.00205709 0.00506541 0.00169876 -0.000218346 0.0102862 0.0164483 0.00246356 -0.00019575 -0.00188529 0.000397071 -0.000925026 -0.00011431 0.000729147 -0.00134344 -0.00225013 -0.00609827 0.000428763 -0.00422173 0.00248176 0.000887911 -0.00426873 0.00350131
internal_weight=348936 28448 27777 19668 5665 14003 9342 8109 2827 307 2520 727 103 59 1793 2838 738 2100 8070 2759 1903 5311 2167 169 59 359 814 443 149 294
internal_count=348936 28448 27777 19668 5665 14003 9342 8109 2827 307 2520 727 103 59 1793 2838 738 2100 8070 2759 1903 5311 2167 169 59 359 814 443 149 294
cat_boundaries=0 3 6 8 10 13 15 17 18 21 23 25
cat_threshold=4162863624 17596777 2 68027827 1625496194 1 67511714 81989632 67109153 538970112 289 538970112 1 22128704 33562644 1048640 33562644 3 805322752 16777224 2 3489661440 32865 136314880 819200
is_linear=0
shrinkage=0.05


Tree=289
num_leaves=31
num_cat=7
split_feature=7 0 8 2 9 6 9 5 9 8 0 3 3 0 9 1 9 0 9 1 3 5 5 6 3 7 8 9 9 3
split_gain=0.461295 22.0389 9.88749 10.036 12.2675 12.4334 10.2545 8.61163 9.45065 7.72064 9.01845 7.08334 6.45714 6.01002 6.99264 9.81991 7.7641 8.4669 5.09969 5.03339 6.46346 4.67484 6.15267 4.67389 4.31645 4.20513 4.5167 4.1239 4.81977 3.9323
threshold=5.5000000000000009 0 2.5000000000000004 1 2.2700000000000005 2.5000000000000004 2.4150000000000005 11.500000000000002 1.6900000000000002 2.5000000000000004 2 4.5000000000000009 2.5000000000000004 3 2.9300000000000002 4 1.8450000000000004 5 0.69000000000000006 6 1.5000000000000002 11.500000000000002 4.5000000000000009 2.5000000000000004 4.5000000000000009 7.5000000000000009 4.5000000000000009 2.9300000000000002 2.6900000000000004 3.5000000000000004
decision_type=2 1 2 1 2 2 2 2 2 2 1 2 2 1 2 1 2 1 2 1 2 2 2 2 2 2 2 2 2 2
left_child=-1 7 13 4 12 -6 -5 9 11 10 -2 -9 -4 18 15 -15 17 -17 -3 20 -12 22 -20 -8 25 26 -11 28 -22 -10
right_child=1 2 3 6 5 -7 23 8 29 24 19 -13 -14 14 -16 16 -18 -19 21 -21 27 -23 -24 -25 -26 -27 -28 -29 -30 -31
leaf_value=4.6092105960965759e-06 -0.0047424544751639786 0.0048149263890760055 0.010753750643477991 -0.011491129403152774 -0.059878517314791685 -0.017118260286310139 0.035769007951021191 -0.013611807599663734 -0.011226560457819893 0.019822581000888434 -0.0045545639635788072 0.02215929730164428 -0.019154211621478959 0.010461886564161849 -0.017509720469307568 0.0057180069757506577 -0.033095053676515822 -0.0072059084561761416 -0.01826857198561941 0.0021108521405722061 0.015920898996309604 -0.031154726969975011 -0.0021043866292448409 0.0023720128123055806 0.0062447365868506556 0.0022086583907999424 0.045317371901246198 -0.0024837850736310848 0.040759396620772104 -0.038184579120328029
leaf_weight=346541 204 59 26 93 34 34 20 25 31 71 45 31 59 193 54 225 20 266 105 246 174 27 134 22 79 23 23 26 22 24
leaf_count=346541 204 59 26 93 34 34 20 25 31 71 45 31 59 193 54 225 20 266 105 246 174 27 134 22 79 23 23 26 22 24
internal_value=-1.70061e-07 -0.0006917 -0.00481937 -0.0130885 -0.0212785 -0.0384984 -0.00207662 0.00483455 -0.00826856 0.00648055 0.00407657 0.00619005 -0.0100059 -0.00266486 -0.000167659 0.00116017 -0.00250864 -0.00131385 -0.0082307 0.00752923 0.012265 -0.0114337 -0.00920581 0.0182753 0.0152747 0.0213718 0.0260607 0.0162269 0.0187089 -0.0229901
internal_weight=348936 2395 1371 288 153 68 135 1024 111 913 717 56 85 1083 758 704 511 491 325 513 267 266 239 42 196 117 94 222 196 55
internal_count=348936 2395 1371 288 153 68 135 1024 111 913 717 56 85 1083 758 704 511 491 325 513 267 266 239 42 196 117 94 222 196 55
cat_boundaries=0 3 4 6 9 10 12 13
cat_threshold=3456535570 189728153 6 44 201326592 172556289 809504768 1946173510 1 8 19932064 2148534784 9
is_linear=0
shrinkage=0.05


Tree=290
num_leaves=31
num_cat=4
split_feature=8 2 9 7 9 5 9 8 8 3 9 0 9 0 7 7 8 6 5 8 6 9 6 0 3 3 7 5 8 6
split_gain=0.46297 2.69124 3.78957 5.1926 6.8968 3.76472 2.77771 2.58782 1.99807 1.92884 0.650532 10.593 8.75514 12.3004 13.2755 16.0692 10.3777 9.97795 8.55636 10.1816 8.11966 7.8381 7.4914 11.9503 10.5257 9.21719 14.097 11.37 9.69555 7.70635
threshold=7.5000000000000009 0 1.0700000000000001 1.5000000000000002 2.5350000000000006 3.5000000000000004 2.2700000000000005 8.5000000000000018 8.5000000000000018 3.5000000000000004 2.1550000000000007 1 2.5350000000000006 2 1.5000000000000002 3.5000000000000004 2.5000000000000004 1.5000000000000002 3.5000000000000004 1.5000000000000002 1.5000000000000002 2.4150000000000005 2.5000000000000004 3 5.5000000000000009 6.5000000000000009 1.5000000000000002 8.5000000000000018 1.5000000000000002 5.5000000000000009
decision_type=2 1 2 2 2 2 2 2 2 2 2 1 2 1 2 2 2 2 2 2 2 2 2 1 2 2 2 2 2 2
left_child=10 6 -3 4 5 -4 8 -5 -2 -8 -1 12 13 14 -12 16 18 -17 21 20 -20 -16 24 -24 -15 26 -26 28 -27 -25
right_child=1 2 3 7 -6 -7 9 -9 -10 -11 11 -13 -14 22 15 17 -18 -19 19 -21 -22 -23 23 29 25 27 -28 -29 -30 -31
leaf_value=-1.1067157344367799e-05 -0.0086624144349629305 -0.012903376230422189 0.023910276151727888 0.025340232748006071 -0.025976214557886124 -0.004095369732628266 -0.028805333494462751 0.0049466149814959082 0.010182606257413599 -0.0076201764600617554 0.0067849408671023619 -0.00082783742716731237 0.00058496298851797989 0.017088224945235903 -0.025348232864685682 -0.015537739213969974 -0.00015017356286989525 0.020543244194281711 -0.041810855283229441 -0.055135777603524429 -0.0068266632858403897 0.015930502683065995 -0.0044785568586680124 0.0090424919090786038 -0.031999704187833954 -0.01750824512647731 0.0087636778647720345 0.045964517976556513 0.026304282442383142 0.038248762448963067
leaf_weight=337310 39 34 20 35 23 30 22 28 22 21 339 7013 2720 392 23 27 80 66 27 30 43 23 213 172 38 28 48 21 23 26
leaf_count=337310 39 34 20 35 23 30 22 28 22 21 339 7013 2720 392 23 27 80 66 27 30 43 23 213 172 38 28 48 21 23 26
internal_value=-1.52479e-07 -0.00205463 0.00191439 0.00575959 -0.00331655 0.00710689 -0.00796103 0.0162764 -0.00186585 -0.0184591 1.46205e-06 0.000373751 0.00231242 0.00522892 -0.000102851 -0.0074257 -0.0146245 0.0100681 -0.0225556 -0.0307651 -0.0203206 -0.00470887 0.00878922 0.00377386 0.0126969 0.00180184 -0.00924805 0.0150003 0.00225035 0.0122585
internal_weight=348936 274 170 136 73 50 104 63 61 43 348662 11352 4339 1619 658 319 226 93 146 100 70 46 961 411 550 158 86 72 51 198
internal_count=348936 274 170 136 73 50 104 63 61 43 348662 11352 4339 1619 658 319 226 93 146 100 70 46 961 411 550 158 86 72 51 198
cat_boundaries=0 1 3 5 7
cat_threshold=97 1040926968 1099197344 671612928 1082155808 100796480 17039488
is_linear=0
shrinkage=0.05


Tree=291
num_leaves=31
num_cat=7
split_feature=3 0 9 9 6 3 9 0 0 6 5 7 3 5 5 0 6 7 9 6 5 9 5 8 0 7 1 0 3 9
split_gain=0.457713 6.20166 12.3142 11.8426 13.951 7.39557 7.85105 58.0512 15.8201 21.5598 23.4213 9.27451 24.2711 15.5048 11.1969 9.98059 10.1078 12.4652 9.27234 8.37804 7.88769 15.3074 7.42252 7.14283 6.86346 10.5192 12.9539 15.2808 9.64091 9.14703
threshold=3.5000000000000004 0 3.6900000000000004 3.7300000000000004 2.5000000000000004 1.5000000000000002 2.3650000000000007 1 2 1.5000000000000002 6.5000000000000009 1.0000000180025095e-35 2.5000000000000004 4.5000000000000009 10.500000000000002 3 2.5000000000000004 1.5000000000000002 2.5350000000000006 2.5000000000000004 6.5000000000000009 2.9300000000000002 1.5000000000000002 1.5000000000000002 4 3.5000000000000004 5 6 2.5000000000000004 1.4150000000000003
decision_type=2 1 2 2 2 2 2 1 1 2 2 2 2 2 2 1 2 2 2 2 2 2 2 2 1 2 1 1 2 2
left_child=1 2 5 -3 -5 -1 24 11 22 10 -10 12 13 -8 -14 18 -17 -18 -13 20 21 -11 -9 -6 25 26 27 28 -7 -28
right_child=-2 3 -4 4 23 6 7 8 9 19 -12 15 14 -15 -16 16 17 -19 -20 -21 -22 -23 -24 -25 -26 -27 29 -29 -30 -31
leaf_value=0.00034310665888296417 4.9441002916814613e-05 0.00021871849922333413 -0.016969275978460378 0.049530959948897363 0.021770199477990592 0.010631632182048635 0.060672375985554285 -0.00051941732699806631 0.0057753632166262329 -0.025881297082773275 0.057568095530982001 0.02085110993939452 -0.036401195595091258 0.0023946385085582733 0.0069144358485937118 -0.033659016777600491 0.015115639831750625 -0.021923279247301468 -0.011566351705663641 0.0031871531632195194 -0.040295072877779607 0.028953069515991959 0.023211796404298806 -0.0075676071945400469 -0.00045603519852449733 -0.0091704375089671549 -0.0011878103429673022 0.020513764497791898 -0.01640617944632301 -0.0049346547232866737
leaf_weight=23769 199392 78012 112 25 41 64 21 37 58 35 35 32 37 25 25 101 31 85 71 178 24 20 301 42 33378 468 10382 135 68 1932
leaf_count=23769 199392 78012 112 25 41 64 21 37 58 35 35 32 37 25 25 101 31 85 71 178 24 20 301 42 33378 468 10382 135 68 1932
internal_value=-1.52455e-07 -6.62771e-05 -0.000402988 0.000241593 0.0167872 -0.000377026 -0.000737054 0.00340717 0.0123078 0.00450917 0.0252673 -0.0109325 0.0014815 0.0289997 -0.0189352 -0.0154638 -0.0211209 -0.0120249 -0.00136261 -0.00282705 -0.016378 -0.00594153 0.0200216 0.00692456 -0.000836672 -0.00180857 -0.00153615 0.00916715 -0.00306476 -0.00177423
internal_weight=348936 149544 71424 78120 108 71312 47543 1116 688 350 93 428 108 46 62 320 217 116 103 257 79 55 338 83 46427 13049 12581 267 132 12314
internal_count=348936 149544 71424 78120 108 71312 47543 1116 688 350 93 428 108 46 62 320 217 116 103 257 79 55 338 83 46427 13049 12581 267 132 12314
cat_boundaries=0 3 6 8 9 11 12 14
cat_threshold=25352062 3106736370 6 25198686 268697602 4 20992 2166360176 32856 20504 671416352 8 24 134479872
is_linear=0
shrinkage=0.05


Tree=292
num_leaves=31
num_cat=11
split_feature=8 0 1 0 0 9 7 10 3 9 0 7 9 9 0 9 0 6 9 8 5 0 9 0 9 1 0 6 7 9
split_gain=0.463441 49.3788 9.21522 17.6845 14.3179 11.339 10.6923 9.83398 9.75918 10.1046 7.66325 11.4856 9.61041 9.13104 15.2888 11.478 9.23099 8.77365 7.57047 7.5056 12.7751 17.2736 17.517 13.0422 9.20231 8.90554 9.05834 7.85114 8.1741 7.92919
threshold=4.5000000000000009 0 1 2 3 1.4150000000000003 5.5000000000000009 1.0000000180025095e-35 4.5000000000000009 1.0700000000000001 4 3.5000000000000004 1.2700000000000002 1.9300000000000004 5 2.0700000000000007 6 1.5000000000000002 1.6900000000000002 5.5000000000000009 4.5000000000000009 7 1.5350000000000004 8 2.5350000000000006 9 10 1.5000000000000002 3.5000000000000004 1.5350000000000004
decision_type=2 1 1 1 1 2 2 2 2 2 1 2 2 2 1 2 1 2 2 2 2 1 2 1 2 1 1 2 2 2
left_child=-1 2 3 18 7 -5 -6 -4 9 -9 11 12 -3 16 17 -16 -14 -15 -2 25 21 22 -21 -22 -24 -12 -27 28 -28 -29
right_child=1 10 4 5 6 -7 -8 8 -10 -11 19 -13 13 14 15 -17 -18 -19 -20 20 23 -23 24 -25 -26 26 27 29 -30 -31
leaf_value=7.7094462073198623e-06 -0.0014989357912012894 -0.0053421852859469338 0.0056923074773842118 0.01353907444570652 -0.00016815712694305659 0.038378364713517604 -0.031965030295153456 0.012261220104992391 0.0039449950014906268 0.059533482030607189 -0.00091712305566141693 0.0070943189801368047 -0.0091901267075356636 0.026682353895660996 0.010190255451016129 -0.028551092545719858 -0.031382120266061977 -0.0038178448966489386 0.02889500412751328 0.0043311317292775249 0.0038270271501066734 0.00044170555614638987 0.063895576194890086 -0.012722249145379864 0.022656086190060404 -0.01449625214262823 -0.012545646660178288 -0.013308913904641357 0.018498680305977663 0.01469475123826619
leaf_weight=342617 298 566 950 308 1272 54 27 20 35 26 666 113 121 37 24 94 118 65 22 47 235 244 31 227 24 363 182 35 24 91
leaf_count=342617 298 566 950 308 1272 54 27 20 35 26 666 113 121 37 24 94 118 65 22 47 235 244 31 227 24 363 182 35 24 91
internal_value=-1.16088e-07 -0.000424418 0.00420033 0.00929404 0.00267603 0.0167808 -0.000822729 0.00704982 0.0238416 0.0389803 -0.0046353 -0.00796427 -0.00970209 -0.0150784 -0.00772795 -0.0190565 -0.0218444 0.00659899 0.000572749 -0.00286016 0.000943953 0.00820886 0.0243578 -0.00449686 0.0459002 -0.00513961 -0.0090426 -0.0028302 -0.00892883 0.00691596
internal_weight=348936 6319 3012 682 2330 362 1299 1031 81 46 3307 1138 1025 459 220 118 239 102 320 2169 808 346 102 462 55 1361 695 332 206 126
internal_count=348936 6319 3012 682 2330 362 1299 1031 81 46 3307 1138 1025 459 220 118 239 102 320 2169 808 346 102 462 55 1361 695 332 206 126
cat_boundaries=0 3 4 7 10 13 16 18 20 22 23 25
cat_threshold=3569182160 2555499029 6 4 77333776 273694740 4 1150551312 406880272 4 171966984 1141376072 1 0 1141376064 1 37749256 525312 0 52568352 537038886 556009472 3 536870918 595861794
is_linear=0
shrinkage=0.05


Tree=293
num_leaves=31
num_cat=4
split_feature=8 5 3 7 5 3 3 3 5 7 9 9 0 9 6 9 7 9 9 5 8 5 3 0 0 6 9 0 3 8
split_gain=0.472184 2.62417 4.41388 4.18264 3.69047 3.78676 3.63858 8.4833 7.56739 1.72077 1.63692 0.530154 9.86504 11.9991 11.784 10.192 8.47808 10.8235 8.50603 17.6026 15.061 8.33476 10.7338 64.0448 33.9698 31.6242 27.8396 25.1168 19.0448 14.2521
threshold=7.5000000000000009 2.5000000000000004 2.5000000000000004 1.0000000180025095e-35 4.5000000000000009 5.5000000000000009 2.5000000000000004 3.5000000000000004 11.500000000000002 1.5000000000000002 1.9300000000000004 2.1550000000000007 0 4.1550000000000002 4.5000000000000009 4.2700000000000005 5.5000000000000009 2.9300000000000002 2.6900000000000004 6.5000000000000009 3.5000000000000004 5.5000000000000009 5.5000000000000009 1 2 1.5000000000000002 2.5350000000000006 3 2.5000000000000004 2.5000000000000004
decision_type=2 2 2 2 2 2 2 2 2 2 2 2 1 2 2 2 2 2 2 2 2 2 2 1 1 2 2 1 2 2
left_child=11 2 -2 -4 5 -3 9 -8 10 -6 -9 -1 15 16 -15 21 -14 18 20 -20 -18 -13 24 -24 25 -23 -27 -28 -29 -26
right_child=1 4 3 -5 6 -7 7 8 -10 -11 -12 12 13 14 -16 -17 17 -19 19 -21 -22 22 23 -25 29 26 27 28 -30 -31
leaf_value=-9.8828218060469715e-06 -0.026772298116702588 0.00057719013984164889 -0.017398545718751848 0.013865898527285975 -0.0002274754008761159 0.027353837131522597 -0.037778435815125709 -0.0029164634151932073 0.024438566129122461 0.018856108206368627 -0.01924175891493048 -0.0026720419160575215 0.001979764375363804 0.040265113397095452 -0.0061916949937031382 -0.021028787619434299 0.0006223665202343639 -0.019034219167597996 0.02830406766318317 -0.023649333555089393 -0.045334527793933044 0.028623828776624234 0.011253782843551189 -0.019628587236219609 -0.0056412805581013952 -0.011411913573417976 -0.0035003584642440849 0.0058053083213356641 0.045201504107783827 0.0071342356641944799
leaf_weight=337310 26 31 20 23 27 23 20 34 21 21 28 3067 5518 39 21 64 94 111 56 23 22 210 330 323 768 161 107 48 85 305
leaf_count=337310 26 31 20 23 27 23 20 34 21 21 28 3067 5518 39 21 64 94 111 56 23 22 210 330 323 768 161 107 48 85 305
internal_value=-2.02621e-07 -0.00207502 -0.0105092 -0.000675703 0.000763804 0.0119821 -0.00324802 -0.00854648 -0.00150264 0.00812159 -0.0102892 1.4279e-06 0.000337511 0.00175672 0.0240052 -0.0011907 0.00153052 -0.00657047 0.000524287 0.0131784 -0.0080936 -0.000957961 0.00129154 -0.00415013 0.00340164 0.0126971 0.00467312 0.0154635 0.0288167 -0.00199128
internal_weight=348936 274 69 43 205 54 151 103 83 48 62 348662 11352 5884 60 5468 5824 306 195 79 116 5404 2337 653 1684 611 401 240 133 1073
internal_count=348936 274 69 43 205 54 151 103 83 48 62 348662 11352 5884 60 5468 5824 306 195 79 116 5404 2337 653 1684 611 401 240 133 1073
cat_boundaries=0 3 5 7 9
cat_threshold=3229890307 3195765839 5 3221500928 874119242 8390402 170098756 1538 32836
is_linear=0
shrinkage=0.05


Tree=294
num_leaves=31
num_cat=12
split_feature=5 3 0 0 9 9 9 9 0 10 3 6 5 9 3 5 0 9 1 9 0 0 5 0 9 9 1 0 0 0
split_gain=0.449125 3.38718 26.0933 13.3909 11.4085 19.7534 16.0332 12.071 34.3119 16.7807 13.4494 16.9628 14.2044 20.9064 11.3243 20.5557 39.4926 20.0804 18.7279 17.7841 17.5991 14.4067 16.8825 13.9295 18.6363 12.8098 11.515 17.3962 11.3186 11.0523
threshold=6.5000000000000009 2.5000000000000004 0 1 3.4650000000000003 2.9300000000000002 2.8450000000000002 1.9300000000000004 2 1.0000000180025095e-35 1.5000000000000002 2.5000000000000004 8.5000000000000018 2.2700000000000005 1.5000000000000002 11.500000000000002 3 1.9300000000000004 4 2.9300000000000002 5 6 7.5000000000000009 7 1.2700000000000002 2.5350000000000006 8 9 10 11
decision_type=2 2 1 1 2 2 2 2 1 2 2 2 2 2 2 2 1 2 1 2 1 1 2 1 2 2 1 1 1 1
left_child=-1 2 4 -3 5 6 7 -2 10 -10 11 -9 -12 -14 21 20 18 -18 28 -19 -16 22 23 -4 -25 -22 27 -24 -17 -26
right_child=1 3 14 -5 -6 -7 -8 8 9 -11 12 -13 13 -15 15 16 17 19 -20 -21 25 -23 26 24 29 -27 -28 -29 -30 -31
leaf_value=5.0415917114938257e-05 0.0010640037406218247 -0.00058564289384541071 -0.00075176311396494633 0.00053615991612200066 -0.024411204660874469 0.031850183256111053 -0.035870868597051193 -0.032926306969397634 0.016250962969975743 0.052800376459749214 0.040117423474788666 0.0046609613757867081 -0.026413622202558652 0.022340409111144932 -0.00089633010717366391 0.011960234459868428 -0.0024957308583622674 -0.036460718609116698 0.011900769168450528 0.012543346577634416 -0.0045220942138285763 -0.0018982531794313679 0.0014831943530180674 0.0059483094860022095 0.034030170635674643 -0.024897311011759137 0.0016137078728823224 -0.007822182853169251 -0.0063450915874888342 0.0087221204345890643
leaf_weight=194233 13855 44550 464 66000 43 53 29 71 246 36 25 52 45 43 5168 108 1252 81 902 24 6994 7216 1044 657 103 78 4209 957 288 110
leaf_count=194233 13855 44550 464 66000 43 53 29 71 246 36 25 52 45 43 5168 108 1252 81 902 24 6994 7216 1044 657 103 78 4209 957 288 110
internal_value=-2.09509e-07 -6.37708e-05 -0.000433973 8.40857e-05 0.00130397 0.00138137 0.00126924 0.00134418 0.00883806 0.0202005 -0.00536763 -0.0170358 0.00685805 -0.00259063 -0.00128364 -0.00225671 0.00173146 -0.00422599 0.00793117 -0.0252598 -0.00312179 -0.000302543 0.00122468 0.00632966 0.0100001 -0.00474012 0.000130027 -0.00298397 -0.00118111 0.0229674
internal_weight=348936 154703 44153 110550 14498 14455 14402 14373 518 282 236 123 113 88 29655 14895 2655 1357 1298 105 12240 14760 7544 1334 870 7072 6210 2001 396 213
internal_count=348936 154703 44153 110550 14498 14455 14402 14373 518 282 236 123 113 88 29655 14895 2655 1357 1298 105 12240 14760 7544 1334 870 7072 6210 2001 396 213
cat_boundaries=0 2 5 7 10 11 14 17 20 21 24 26 28
cat_threshold=2325794833 1611582100 2343622929 1611057876 4 10534929 803328 1884695012 335544651 1 1 285803072 139539560 7 1682967854 257950753 6 3084 100663328 4 2 1073742116 39846945 6 1312768 67108936 1077936416 138412033
is_linear=0
shrinkage=0.05


Tree=295
num_leaves=31
num_cat=10
split_feature=5 3 0 0 10 9 7 9 0 5 8 5 7 6 3 0 0 9 0 9 0 5 9 3 6 9 0 1 0 9
split_gain=0.451699 8.29247 28.8686 13.6223 17.3115 21.2653 21.3733 12.4952 36.3857 12.9882 12.977 13.7167 12.406 9.46109 9.31424 34.7752 20.2604 27.947 23.3904 17.8954 18.409 16.6233 21.1135 14.1045 15.2602 24.7003 14.1891 13.9665 15.4431 13.9438
threshold=2.5000000000000004 6.5000000000000009 0 1 1.0000000180025095e-35 1.0700000000000001 1.5000000000000002 1.6900000000000002 2 1.5000000000000002 2.5000000000000004 1.5000000000000002 1.5000000000000002 2.5000000000000004 3.5000000000000004 3 4 2.0700000000000007 5 1.0700000000000001 6 1.5000000000000002 3.0700000000000007 4.5000000000000009 4.5000000000000009 2.9300000000000002 7 8 9 2.8450000000000002
decision_type=2 2 1 1 2 2 2 2 1 2 2 2 2 2 2 1 1 2 1 2 1 2 2 2 2 2 1 1 1 2
left_child=1 14 -3 4 -4 -6 -7 -5 9 12 -10 -12 13 -9 16 21 17 -1 -19 -17 -21 22 -16 26 25 27 -22 -25 -29 -26
right_child=-2 2 3 7 5 6 -8 8 10 -11 11 -13 -14 -15 15 19 -18 18 -20 20 23 -23 -24 24 29 -27 -28 28 -30 -31
leaf_value=0.0017358545178190736 2.6694312890651477e-05 -0.0037651109790203074 0.0049228534597028969 0.0022639666016674074 0.0046812627131917646 0.058650717012724785 0.00093285533721032359 0.024530444563487949 -0.023019428940370998 0.022524125068090286 -0.019303510712099174 0.029443352993715696 -0.023114840361441291 -0.012755154183617346 0.0023086991059346907 -0.0013519036374056146 -0.00058808671500845938 0.033087351101858078 0.0063823844025140269 -0.001210488608046162 0.0044832955757202154 -0.0010029762041174834 0.032349551765058764 -0.016234144802768937 -6.2866210389663201e-05 -0.043282994878661288 -0.0070920716128105542 6.4736290328306655e-05 -0.010695537841802204 0.04743050549179316
leaf_weight=7707 285487 2144 1984 4177 84 53 23 46 235 104 31 27 43 27 6757 8987 19035 118 275 2004 419 6240 59 575 68 56 689 524 938 20
leaf_count=7707 285487 2144 1984 4177 84 53 23 46 235 104 31 27 43 27 6757 8987 19035 118 275 2004 419 6240 59 575 68 56 689 524 938 20
internal_value=-1.24592e-07 -0.000120796 0.00128717 0.00287351 0.00616997 0.0220198 0.0411835 0.00135663 -0.00600472 0.0092721 -0.0172046 0.00338899 -0.00180971 0.0107399 -0.000352859 -0.00100428 0.000303382 0.0023961 0.015405 -0.00270838 -0.00501667 0.000861008 0.00256874 -0.00730989 -0.00966588 -0.0105235 -0.00273829 -0.00962286 -0.00686467 0.0107311
internal_weight=348936 63449 8978 6834 2144 160 76 4690 513 220 293 58 116 73 54471 27336 27135 8100 393 14280 5293 13056 6816 3289 2181 2093 1108 2037 1462 88
internal_count=348936 63449 8978 6834 2144 160 76 4690 513 220 293 58 116 73 54471 27336 27135 8100 393 14280 5293 13056 6816 3289 2181 2093 1108 2037 1462 88
cat_boundaries=0 2 4 7 10 13 15 18 20 21 23
cat_threshold=2418019413 415301700 146932136 1107746817 604598784 70258824 2 2995969559 747963116 6 2164859200 2473078017 1 0 38282496 1145831488 3489699842 1 18948096 34079745 4 16842920 131344
is_linear=0
shrinkage=0.05


Tree=296
num_leaves=31
num_cat=4
split_feature=6 8 0 7 6 3 7 0 9 0 9 9 9 7 9 3 3 3 8 5 9 9 0 5 8 8 5 3 9 8
split_gain=0.483722 3.94641 5.37834 5.05292 7.27948 5.54392 4.82629 16.1823 17.4881 9.59745 17.5462 8.99695 7.73422 5.86698 6.0818 11.5095 11.5593 16.1837 6.4967 5.95712 5.74201 5.33661 4.82287 5.15668 10.3394 4.56244 4.40298 6.25058 11.1551 5.87146
threshold=4.5000000000000009 5.5000000000000009 0 1.5000000000000002 5.5000000000000009 3.5000000000000004 1.0000000180025095e-35 1 2.4650000000000003 2 2.8450000000000002 3.2250000000000005 2.6900000000000004 4.5000000000000009 2.8450000000000002 1.5000000000000002 3.5000000000000004 2.5000000000000004 1.0000000180025095e-35 1.5000000000000002 3.2250000000000005 3.2250000000000005 3 6.5000000000000009 1.5000000000000002 1.0000000180025095e-35 7.5000000000000009 4.5000000000000009 1.8450000000000004 3.5000000000000004
decision_type=2 2 1 2 2 2 2 1 2 1 2 2 2 2 2 2 2 2 2 2 2 2 1 2 2 2 2 2 2 2
left_child=-1 2 6 5 -5 -3 7 -2 22 10 12 -12 26 14 19 -16 17 -17 -18 -11 -15 -20 -9 24 25 -24 29 -28 -29 -8
right_child=1 3 -4 4 -6 -7 9 8 -10 13 11 -13 -14 20 15 16 18 -19 21 -21 -22 -23 23 -25 -26 -27 27 28 -30 -31
leaf_value=7.9541461179451974e-06 0.0052691490928063528 -0.039920243824070153 -0.0016691730752059456 -0.014188676762997227 0.021777059376472608 -0.0077079530805349355 -0.00035701343287614974 -0.0072289646935251254 -0.029560288967978621 0.013124858845757054 0.034796273598626054 0.01111425462210279 -0.021476935955385371 0.0049758333278199039 0.021192200911732822 -0.01074993638030719 -0.029619792689170157 -0.066458250649950729 -0.011405283883213997 -0.00098542634800937584 0.035911274775862694 0.01426456596066312 0.0080747383347762793 -0.0062568774628930556 -0.014490132208149403 0.029207660716313585 0.0029854071505982945 0.0085657391121441665 0.048310694213096916 0.021385262851767683
leaf_weight=342506 545 22 3269 34 24 34 358 358 72 84 73 89 30 60 26 32 21 22 40 683 20 41 74 117 39 39 109 55 26 34
leaf_count=342506 545 22 3269 34 24 34 358 358 72 84 73 89 30 60 26 32 21 22 40 683 20 41 74 117 39 39 109 55 26 34
internal_value=-1.1201e-07 -0.000429771 -0.000263354 -0.00964984 0.000693697 -0.0203628 0.00124628 -0.00114531 -0.00613419 0.00290329 0.00706235 0.0217858 0.00328036 -0.0002909 -0.00138991 -0.00960693 -0.0147401 -0.0334459 -0.00483706 0.000559898 0.0127097 0.0015881 -0.00354194 0.00157512 0.00770733 0.0153684 0.00455651 0.0108032 0.0213234 0.0015288
internal_weight=348936 6430 6316 114 58 56 3047 1244 699 1803 774 162 612 1029 949 182 156 54 102 767 80 81 627 269 152 113 582 190 81 392
internal_count=348936 6430 6316 114 58 56 3047 1244 699 1803 774 162 612 1029 949 182 156 54 102 767 80 81 627 269 152 113 582 190 81 392
cat_boundaries=0 3 6 8 10
cat_threshold=1271175551 2773583553 1 25461001 609223233 1 1111496804 2164294848 1107298372 2147517568
is_linear=0
shrinkage=0.05


Tree=297
num_leaves=31
num_cat=2
split_feature=6 9 7 5 5 9 3 5 6 0 5 0 9 5 5 9 9 7 9 3 9 8 9 5 3 6 6 9 7 8
split_gain=0.463542 0.501438 8.40086 10.5932 3.92343 8.88169 6.92906 15.7516 0.509122 12.4663 6.33885 9.90383 8.9691 6.80428 6.03075 5.95039 5.24934 5.05291 12.1534 7.33142 5.52949 4.91224 3.6577 3.67572 3.52001 6.10083 3.33063 3.29923 3.27988 3.00059
threshold=9.5000000000000018 4.0700000000000012 2.5000000000000004 10.500000000000002 6.5000000000000009 4.4650000000000007 3.5000000000000004 3.5000000000000004 6.5000000000000009 0 1.5000000000000002 1 2.6900000000000004 10.500000000000002 4.5000000000000009 1.9300000000000004 2.9300000000000002 2.5000000000000004 3.2250000000000005 4.5000000000000009 2.8450000000000002 3.5000000000000004 1.8450000000000004 10.500000000000002 2.5000000000000004 7.5000000000000009 7.5000000000000009 1.6900000000000002 3.5000000000000004 1.0000000180025095e-35
decision_type=2 2 2 2 2 2 2 2 2 1 2 1 2 2 2 2 2 2 2 2 2 2 2 2 2 2 2 2 2 2
left_child=1 8 4 -4 6 -6 -3 -8 -1 15 12 13 -11 16 26 27 -12 19 28 20 -16 24 -21 -24 -17 -26 29 -10 -19 -13
right_child=-2 2 3 -5 5 -7 7 -9 9 10 11 14 -14 -15 17 21 -18 18 -20 22 -22 -23 23 -25 25 -27 -28 -29 -30 -31
leaf_value=2.0186747164817411e-06 -0.0055962767401659813 0.0392365081012249 -0.028687169245983427 0.014305356557926405 -0.015235857550493059 0.026755543155595665 -0.024405644408294135 0.03759539777413011 -0.0092834933585411797 0.0049005071226602952 0.018499012651746392 0.02523580540069624 -0.030517271443298369 -0.0022567333203965222 -0.010189601532026624 -0.0077126839547418061 0.047482764765265445 -0.016502315584089485 0.036847911992420754 -0.012249082871354544 -0.036802979260683065 0.0013844835438898632 0.019884016233924273 -0.0059240182163193822 -0.036228609971417969 -0.0078873618372849053 -0.0035185020210014451 0.013240668717129478 0.0090900445356965065 0.0071597775797648672
leaf_weight=347915 37 25 38 23 34 20 21 20 37 39 61 38 33 29 89 32 21 31 24 26 25 28 37 22 59 28 36 29 21 58
leaf_count=347915 37 25 38 23 34 20 21 20 37 39 61 38 33 29 89 32 21 31 24 26 25 28 37 22 59 28 36 29 21 58
internal_value=-1.11616e-07 4.81846e-07 0.00263152 -0.0124769 0.0103116 0.000316513 0.0184894 0.00583877 -8.83777e-07 -0.00125843 0.00252561 0.00450061 -0.0113326 0.0170259 0.000650325 -0.0113268 0.0259217 -0.00355046 0.0074167 -0.00773892 -0.0160259 -0.0174583 0.00337534 0.0102607 -0.0218919 -0.0271073 0.00945122 0.000613487 -0.00616694 0.0143149
internal_weight=348936 348899 181 61 120 54 66 41 348718 803 590 518 72 111 407 213 82 275 76 199 114 147 85 59 119 87 132 66 52 96
internal_count=348936 348899 181 61 120 54 66 41 348718 803 590 518 72 111 407 213 82 275 76 199 114 147 85 59 119 87 132 66 52 96
cat_boundaries=0 2 5
cat_threshold=168886608 2200111376 277352576 1342177288 4
is_linear=0
shrinkage=0.05


Tree=298
num_leaves=31
num_cat=5
split_feature=8 0 1 0 0 9 3 7 10 3 9 10 5 3 9 0 7 9 6 9 7 7 9 9 9 5 5 9 6 3
split_gain=0.448264 44.9948 9.1678 14.3442 12.8999 10.8767 14.1663 9.26652 8.8751 8.73752 9.05363 8.00555 9.09931 7.7017 8.87734 7.50883 11.0059 7.14893 6.46771 5.22375 5.19814 4.85696 9.77852 7.08718 4.61056 7.68706 4.56964 7.31027 4.43509 7.01269
threshold=4.5000000000000009 0 1 2 3 0.69000000000000006 6.5000000000000009 5.5000000000000009 1.0000000180025095e-35 4.5000000000000009 1.0700000000000001 1.0000000180025095e-35 1.5000000000000002 4.5000000000000009 1.2700000000000002 4 3.5000000000000004 0.69000000000000006 1.0000000180025095e-35 1.6900000000000002 1.5000000000000002 3.5000000000000004 2.0700000000000007 1.6900000000000002 1.0700000000000001 7.5000000000000009 1.5000000000000002 2.2700000000000005 1.5000000000000002 4.5000000000000009
decision_type=2 1 1 1 1 2 2 2 2 2 2 2 2 2 2 1 2 2 2 2 2 2 2 2 2 2 2 2 2 2
left_child=-1 2 3 19 8 -5 13 21 -4 10 -10 15 -13 14 20 16 17 -3 -15 24 -7 -6 23 -23 -2 -26 27 -19 29 -18
right_child=1 11 4 5 7 6 -8 -9 9 -11 -12 12 -14 18 -16 -17 28 26 -20 -21 -22 22 -24 -25 25 -27 -28 -29 -30 -31
leaf_value=7.5903002675378068e-06 0.0036986088800887414 -0.00077352571882785884 0.0053980674505062212 0.0039928866267603426 -0.0012841223447337246 0.0035362279376826219 -0.0090704361473520605 -0.029847917567800593 0.011672769486904145 0.0038134717462318286 0.056419215573427772 0.010932185947347213 -0.016949566972907632 0.058149027698222666 0.038796964950663759 -0.0015953240456980683 0.0332126964814961 -0.013170013728085905 0.027721722347196193 0.024401968393636786 0.030941989645361902 0.010586487159669174 0.023588765155291187 -0.023955201978484789 -0.021582398446345772 0.0093438601226807812 -0.0089582715463728899 -0.045714723928408196 -0.0007403207641147393 -0.0034583195451308385
leaf_weight=342617 207 257 950 112 1087 62 30 27 20 35 26 34 210 31 44 1859 32 80 40 23 24 33 60 27 54 32 808 22 71 22
leaf_count=342617 207 257 950 112 1087 62 30 27 20 35 26 34 210 31 44 1859 32 80 40 23 24 33 60 27 54 32 808 22 71 22
internal_value=-1.0603e-07 -0.000417402 0.00412204 0.00929135 0.0025838 0.0163045 0.0229796 -0.000871258 0.00668779 0.0226398 0.0369642 -0.00432647 -0.0130644 0.0277632 0.0205302 -0.00366357 -0.00657622 -0.00813745 0.0410069 0.0014123 0.0111843 -0.000230283 0.00931575 -0.00495727 -0.000344143 -0.010075 -0.0102172 -0.0201895 0.00747328 0.0182727
internal_weight=348936 6319 2924 659 2265 343 231 1234 1031 81 46 3395 244 201 130 3151 1292 1167 71 316 86 1207 120 60 293 86 910 102 125 54
internal_count=348936 6319 2924 659 2265 343 231 1234 1031 81 46 3395 244 201 130 3151 1292 1167 71 316 86 1207 120 60 293 86 910 102 125 54
cat_boundaries=0 3 4 7 10 13
cat_threshold=3569182160 2555499025 6 4 77333776 273760272 4 1150551312 406880272 4 138576424 67642442 1
is_linear=0
shrinkage=0.05


Tree=299
num_leaves=31
num_cat=8
split_feature=0 8 0 8 5 0 9 0 7 9 1 9 9 9 0 9 5 0 9 9 9 3 6 0 6 9 9 9 9 9
split_gain=0.438326 7.24675 13.7305 11.0966 13.9406 17.9206 24.5033 7.55125 11.6272 9.92635 6.28075 16.856 6.19915 6.13488 9.29135 13.6532 12.3098 7.85181 8.15722 5.758 5.3073 4.99083 4.764 4.65789 4.51421 4.35344 4.08158 5.02302 7.04139 4.03282
threshold=0 4.5000000000000009 1 5.5000000000000009 4.5000000000000009 2 1.5350000000000004 3 3.5000000000000004 1.5350000000000004 4 1.4150000000000003 2.5350000000000006 1.2700000000000002 5 2.0700000000000007 5.5000000000000009 6 1.0700000000000001 2.4150000000000005 1.5350000000000004 2.5000000000000004 2.5000000000000004 7 9.5000000000000018 2.5350000000000006 2.6900000000000004 1.9300000000000004 1.4150000000000003 2.8450000000000002
decision_type=1 2 1 2 2 1 2 1 2 2 1 2 2 2 1 2 2 1 2 2 2 2 2 1 2 2 2 2 2 2
left_child=1 -1 10 13 5 6 -5 9 12 -6 11 23 -9 17 15 16 -15 21 -19 -17 -18 -4 -21 -3 -2 -8 27 28 -7 -16
right_child=24 2 3 4 7 26 25 8 -10 -11 -12 -13 -14 14 29 19 20 18 -20 22 -22 -23 -24 -25 -26 -27 -28 -29 -30 -31
leaf_value=0.00010557776402241553 -4.9273909153576493e-05 0.0074230300270081056 -0.00053577944509806518 0.00089020450659855099 -0.0064521868056171151 0.0028644836827879773 0.060105051076970999 -0.0014579496063365071 0.028043426610529422 -0.036735138028513553 0.0040738987859111992 -0.033854508914408235 -0.023214586215237015 -0.025636873302240688 -0.016267356710253103 0.035508692963048816 -0.0077584259272102385 -0.0028511437508365457 0.019675651492308016 -0.011124804505595456 0.024796589925175624 -0.016376324872855161 0.016828661145908492 -0.0062581379969371478 -0.021297352701425555 0.032258046869304967 -0.023037899533907572 0.01806783381907735 -0.025185864741603531 -0.033563815257870236
leaf_weight=158550 187463 114 69 54 73 88 32 204 30 43 841 42 39 83 248 20 31 318 46 27 21 178 35 115 25 25 21 32 30 39
leaf_count=158550 187463 114 69 54 73 88 32 204 30 43 841 42 39 83 248 20 31 318 46 27 21 178 35 115 25 25 21 32 30 39
internal_value=-1.03016e-07 6.02852e-05 -0.00241747 -0.00511638 -6.46067e-05 0.00839985 0.0229577 -0.00620079 -0.00127734 -0.0162748 0.0019458 -0.00456833 -0.00494976 -0.00820239 -0.012286 -0.00373937 -0.0136862 -0.00483394 -4.23461e-06 0.0121806 0.00538879 -0.0114862 0.00465538 0.000603443 -5.21044e-05 0.0478915 -0.00226037 0.000497795 -0.00426696 -0.0179909
internal_weight=348936 161448 2898 1786 671 282 111 389 273 116 1112 271 243 1115 504 217 135 611 364 82 52 247 62 229 187488 57 171 150 118 287
internal_count=348936 161448 2898 1786 671 282 111 389 273 116 1112 271 243 1115 504 217 135 611 364 82 52 247 62 229 187488 57 171 150 118 287
cat_boundaries=0 3 5 7 10 11 14 17 19
cat_threshold=2837488278 602498430 1 2149621906 4276244 512 60825888 0 33562912 1 1 16777220 537396482 1 134218240 539493632 1 2149580944 20
is_linear=0
shrinkage=0.05


end of trees

feature_importances:
rolling_mean_7=2314
item_id=2138
lag_1=1190
month=962
day_of_week=793
lag_7=644
lag_14=634
store_id=182
is_payday=122
category=21

parameters:
[boosting: gbdt]
[objective: regression]
[metric: l1]
[tree_learner: serial]
[device_type: cpu]
[data_sample_strategy: bagging]
[data: ]
[valid: ]
[num_iterations: 300]
[learning_rate: 0.05]
[num_leaves: 31]
[num_threads: 0]
[seed: 0]
[deterministic: 0]
[force_col_wise: 0]
[force_row_wise: 0]
[histogram_pool_size: -1]
[max_depth: -1]
[min_data_in_leaf: 20]
[min_sum_hessian_in_leaf: 0.001]
[bagging_fraction: 1]
[pos_bagging_fraction: 1]
[neg_bagging_fraction: 1]
[bagging_freq: 0]
[bagging_seed: 3]
[bagging_by_query: 0]
[feature_fraction: 1]
[feature_fraction_bynode: 1]
[feature_fraction_seed: 2]
[extra_trees: 0]
[extra_seed: 6]
[early_stopping_round: 0]
[early_stopping_min_delta: 0]
[first_metric_only: 0]
[max_delta_step: 0]
[lambda_l1: 0]
[lambda_l2: 0]
[linear_lambda: 0]
[min_gain_to_split: 0]
[drop_rate: 0.1]
[max_drop: 50]
[skip_drop: 0.5]
[xgboost_dart_mode: 0]
[uniform_drop: 0]
[drop_seed: 4]
[top_rate: 0.2]
[other_rate: 0.1]
[min_data_per_group: 100]
[max_cat_threshold: 32]
[cat_l2: 10]
[cat_smooth: 10]
[max_cat_to_onehot: 4]
[top_k: 20]
[monotone_constraints: ]
[monotone_constraints_method: basic]
[monotone_penalty: 0]
[feature_contri: ]
[forcedsplits_filename: ]
[refit_decay_rate: 0.9]
[cegb_tradeoff: 1]
[cegb_penalty_split: 0]
[cegb_penalty_feature_lazy: ]
[cegb_penalty_feature_coupled: ]
[path_smooth: 0]
[interaction_constraints: ]
[verbosity: -1]
[saved_feature_importance_type: 0]
[use_quantized_grad: 0]
[num_grad_quant_bins: 4]
[quant_train_renew_leaf: 0]
[stochastic_rounding: 1]
[linear_tree: 0]
[max_bin: 255]
[max_bin_by_feature: ]
[min_data_in_bin: 3]
[bin_construct_sample_cnt: 200000]
[data_random_seed: 1]
[is_enable_sparse: 1]
[enable_bundle: 1]
[use_missing: 1]
[zero_as_missing: 0]
[feature_pre_filter: 1]
[pre_partition: 0]
[two_round: 0]
[header: 0]
[label_column: ]
[weight_column: ]
[group_column: ]
[ignore_column: ]
[categorical_feature: 0,1,2]
[forcedbins_filename: ]
[precise_float_parser: 0]
[parser_config_file: ]
[objective_seed: 5]
[num_class: 1]
[is_unbalance: 0]
[scale_pos_weight: 1]
[sigmoid: 1]
[boost_from_average: 1]
[reg_sqrt: 0]
[alpha: 0.9]
[fair_c: 1]
[poisson_max_delta_step: 0.7]
[tweedie_variance_power: 1.5]
[lambdarank_truncation_level: 30]
[lambdarank_norm: 1]
[label_gain: ]
[lambdarank_position_bias_regularization: 0]
[eval_at: ]
[multi_error_top_k: 1]
[auc_mu_weights: ]
[num_machines: 1]
[local_listen_port: 12400]
[time_out: 120]
[machine_list_filename: ]
[machines: ]
[gpu_platform_id: -1]
[gpu_device_id: -1]
[gpu_device_id_list: ]
[gpu_use_dp: 0]
[num_gpu: 1]

end of parameters

pandas_categorical:[["M000000001", "M000000002", "M000000003", "M000000004", "M000000005", "M000000006", "M000000007", "M000000008", "M000000009", "M000000010", "SKU_01", "SKU_02", "SKU_03", "SKU_04", "SKU_05", "SKU_06", "SKU_07", "SKU_08", "SKU_09", "SKU_10", "SKU_11", "SKU_12", "SKU_13", "SKU_14", "SKU_15", "SKU_16", "SKU_17", "SKU_18", "SKU_19", "SKU_20", "SKU_21", "SKU_22", "SKU_23", "SKU_24", "SKU_25", "SKU_26", "SKU_27", "SKU_28", "SKU_29", "SKU_30", "SKU_31", "SKU_32", "SKU_33", "SKU_34", "SKU_35", "SKU_36", "SKU_37", "SKU_38", "SKU_39", "SKU_40", "SKU_41", "SKU_42", "SKU_43", "SKU_44", "SKU_45", "SKU_46", "SKU_47", "SKU_48", "SKU_49", "SKU_50", "SKU_51", "SKU_52", "SKU_53", "SKU_54", "SKU_55", "SKU_56", "SKU_57"], ["STR_01", "STR_02", "STR_03", "STR_04"], ["Add Ons", "Burgers & Salads", "Congee", "Drinks", "Monga Bites", "Noodles", "Saver Meals", "Signature Chicken"]]
